55454,3,0,0,2,-2.0599999,-3.9400001,60,-0.023375001,0.028562499,0.71950001
55498,3,0,0,2,-2.0599999,-4,60.130001,-0.22893751,0.04575,0.96512502
55523,3,0,0,2,-2.0599999,-3.9400001,60.130001,-0.23018751,0.043125,0.9905625
55594,3,0,0,2,-2.1900001,-3.9400001,60.189999,-0.13643751,0.0454375,0.84500003
55618,3,0,0,2,-2.25,-4,60.189999,-0.26225001,-0.042187501,1.169
55663,3,0,0,2,-2.3800001,-4,60.189999,-0.17606249,-0.0546875,0.8203125
55754,3,0,0,2,-2.6900001,-4.0599999,60.189999,-0.2380625,-0.084937498,1.051
55779,3,0,0,2,-2.75,-4.0599999,60.189999,-0.23975,0.032187499,0.99993747
55803,3,0,0,2,-2.8099999,-4.0599999,60.130001,0.075000003,-0.0153125,0.7718125
55894,3,0,0,2,-3.1300001,-4.0599999,59.939999,0.050875001,-0.036687501,0.70418751
55919,3,0,0,2,-3.1900001,-4.1300001,59.880001,-0.13349999,0.050000001,1.02575
55943,3,0,0,2,-3.25,-4.1900001,59.880001,-0.2129375,-0.05875,1.0023125
56035,3,0,0,2,-3.5,-4.1300001,59.689999,-0.205125,-0.01925,0.93106252
56059,3,0,0,2,-3.5,-4.0599999,59.560001,0.094250001,-0.0138125,0.82343751
56104,3,0,0,2,-3.6300001,-4.1900001,59.380001,-0.2396875,-0.028750001,1.1973125
56196,3,0,0,2,-3.6900001,-4.25,59.060001,-0.26581249,0.0353125,0.85381252
56221,3,0,0,2,-3.6900001,-4.25,59,-0.1646875,-0.075687498,0.94418752
56246,3,0,0,2,-3.6300001,-4.1900001,59,-0.27375001,0.019437499,1.0369999
56317,2,0,0,2,-3.5599999,-4.25,58.689999,-0.25137499,-0.13537499,1.0815625
56362,2,0,0,2,-3.4400001,-4.25,58.560001,-0.00075000001,0.048437499,0.780375
56407,2,0,0,2,-3.3800001,-4.25,58.439999,-0.41275001,0.053125001,1.1244375
56479,2,0,0,2,-3.0599999,-4.1900001,58.310001,0.057187501,0.054562502,0.82718748
56524,2,0,0,2,-2.8800001,-4.1900001,58.25,-0.170625,-0.141,0.89237499
56548,2,0,0,2,-2.75,-4.1300001,58.189999,-0.23774999,-0.0013125,1.0335
56641,2,0,0,2,-2.3099999,-4.1300001,58.060001,-0.2861875,-0.0114375,1.0721875
56665,2,0,0,2,-2.1300001,-4.1300001,58.060001,-0.1371875,-0.0260625,1.03775
56690,2,0,0,2,-2,-4.0599999,58.060001,-0.0176875,0.0108125,0.88200003
56802,2,0,0,2,-1.25,-4.0599999,58.310001,-0.021875,-0.050187498,0.78481251
56827,2,0,0,2,-1.13,-4.1300001,58.310001,-0.17893749,0.063625,0.97943747
56852,2,0,0,2,-1.0599999,-4.1300001,58.310001,-0.063812502,0.052375,0.91268748
56944,2,0,0,2,-0.56,-4.0599999,58.630001,-0.090937503,-0.033875,1.0734375
56968,2,0,0,2,-0.44,-4.0599999,58.689999,-0.1044375,0.0035625,1.073
57013,2,0,0,2,-0.25,-4,58.810001,0.094812497,0.0263125,0.6360625
57085,2,0,0,2,0,-4,58.880001,-0.03325,-0.027687499,1.0319375
57108,2,0,0,2,0,-4,58.939999,0.0255,0.0254375,0.81331247
57151,2,0,0,2,0.19,-4.0599999,59,-0.028750001,-0.0066249999,0.96537501
57222,3,0,0,2,0.5,-4.0599999,59.130001,-0.119625,-0.043875001,0.99243748
57245,3,0,0,2,0.63,-4.0599999,59.189999,-0.083562501,0.1213125,0.99187499
57269,3,0,0,2,0.75,-4,59.25,-0.1385625,-0.043000001,1.0960625
57339,3,0,0,2,1.13,-4,59.560001,0.0605,0.006875,0.82506251
57363,3,0,0,2,1.25,-4,59.689999,-0.23512501,-0.164125,1.1625
57387,3,0,0,2,1.3099999,-3.9400001,59.810001,-0.20468751,0.1046875,0.94749999
57456,3,0,0,2,1.6900001,-3.9400001,60.189999,-0.1213125,-0.004375,0.82618749
57500,3,0,0,2,1.9400001,-3.8800001,60.560001,-0.1506875,-0.0471875,1.034125
57504,3,0,0,2,1.9400001,-3.8800001,60.560001,-0.1506875,-0.0471875,0.95668751
57593,3,0,0,2,2.3099999,-3.8800001,61.380001,-0.1215,-0.0085624997,0.99356252
57617,3,0,0,2,2.3800001,-3.8800001,61.5,-0.075687498,0.058062501,0.972
57640,3,0,0,2,2.3800001,-3.8800001,61.75,-0.0601875,-0.031187501,0.96068752
57690,3,0,0,2,2.4400001,-3.9400001,62.060001,0.018124999,-0.0055,0.73575002
57714,3,0,0,2,2.3800001,-3.9400001,62.25,-0.2849375,0.18206251,0.94093752
57757,3,0,0,2,2.25,-3.8099999,62.5,-0.0529375,0.054125,0.94174999
57826,3,0,0,2,2.0599999,-4,62.880001,-0.046374999,-0.026687499,1.0962501
57850,3,0,0,2,1.9400001,-3.9400001,63.060001,-0.14524999,0.18674999,0.97262502
57874,3,0,0,2,1.8099999,-3.9400001,63.130001,-0.071999997,-0.0515,1.0188125
57943,3,0,0,2,1.38,-4.0599999,63.380001,0.15275,-0.026625,1.0185626
57967,3,0,0,2,1.3099999,-4.1300001,63.439999,0.1308125,-0.022812501,1.0390625
57991,3,0,0,2,1.0599999,-4.1900001,63.5,-0.0035625,0.035124999,0.97549999
58059,3,0,0,2,0.56,-4.25,63.560001,-0.0032500001,0.168375,0.90549999
58083,3,0,0,2,0.44,-4.3099999,63.560001,-0.022125,0.078500003,0.86675
58107,3,0,0,2,0.31,-4.3800001,63.630001,-0.13456251,0.1385625,0.77168751
58178,3,0,0,2,-0.19,-4.4400001,63.560001,0.092375003,-0.103875,0.9683125
58203,3,0,0,2,-0.38,-4.4400001,63.560001,0.2185625,0.086625002,0.72312498
58248,3,0,0,2,-0.63,-4.4400001,63.560001,0.0098125003,-0.061812501,1.1011875
58340,3,0,0,2,-1.1900001,-4.5,63.380001,0.084749997,-0.0250625,0.72018749
58365,3,0,0,2,-1.3099999,-4.5599999,63.380001,-0.013,0.16,1.015
58389,3,0,0,2,-1.38,-4.5,63.380001,-0.23,-0.079125002,1.0515
58482,3,0,0,2,-1.88,-4.3800001,63.130001,-0.067812502,0.061437499,0.84543753
58526,3,0,0,2,-2,-4.4400001,63.060001,-0.21025001,0.070375003,0.77706248
58551,3,0,0,2,-2.0599999,-4.4400001,63,0.033687498,-0.035812501,0.86406249
58644,3,0,0,2,-2.25,-4.1900001,62.75,0.088312499,-0.059687499,0.88024998
58688,3,0,0,2,-2.25,-4.25,62.689999,-0.042750001,-0.0014375,0.96237499
58713,3,0,0,2,-2.25,-4.1900001,62.630001,-0.23362499,0.034937501,0.93906248
58785,3,0,0,2,-2.1900001,-4.0599999,62.439999,0.2181875,-0.034249999,0.87056249
58830,3,0,0,2,-2.1300001,-4.25,62.939999,-0.080499999,0.0628125,0.92318749
58855,3,0,0,2,-2.0599999,-4.1900001,62.939999,-0.14875001,-0.1353125,0.89475
58947,2,0,0,2,-1.75,-4.1300001,62.939999,0.0518125,0.060874999,0.85181248
58991,2,0,0,2,-1.63,-4.1900001,63,-0.080937497,0.0269375,0.98087502
59016,2,0,0,2,-1.5599999,-4.1900001,63.25,-0.142875,0.00062499999,0.90493751
59109,2,0,0,2,-1.38,-4.1900001,63.560001,-0.05525,-0.071000002,1.069875
59134,2,0,0,2,-1.25,-4.1900001,63.630001,-0.071625002,0.1411875,0.90368748
59158,2,0,0,2,-1.25,-4.1300001,63.75,0.046374999,-0.064937502,0.91512501
59250,2,0,0,2,-1.0599999,-4.1900001,64.059998,0.0196875,0.068312503,0.98593748
59295,2,0,0,2,-1,-4.1900001,64.129997,-0.052312501,-0.085812502,1.07925
59319,2,0,0,2,-1,-4.1900001,64.129997,0.064062499,0.012625,0.94375002
59412,2,0,0,2,-1,-4.3800001,64.5,-0.036687501,0.0546875,0.93306249
59436,2,0,0,2,-1,-4.4400001,64.5,0.15025,-0.051937498,0.84293753
59461,2,0,0,2,-1.0599999,-4.5,64.809998,-0.091312498,-0.068499997,0.953125
59553,2,0,0,2,-1.1900001,-4.5599999,65,-0.071249999,-0.076187499,0.94156247
59597,3,0,0,2,-1.25,-4.5599999,65,-0.0089999996,-0.083437502,1.0706875
59622,3,0,0,2,-1.3099999,-4.5599999,64.940002,-0.044687498,0.1151875,0.93462503
59714,3,0,0,2,-1.38,-4.6900001,65.5,-0.26800001,-0.00875,1.252125
59738,3,0,0,2,-1.38,-4.5599999,65.440002,-0.123625,-0.0151875,1.007875
59763,3,0,0,2,-1.4400001,-4.5599999,65.379997,0.0178125,0.0085000005,0.8713125
59854,3,0,0,2,-1.5,-4.6300001,65.940002,-0.40599999,0.0198125,1.1463125
59878,3,0,0,2,-1.5,-4.5,65.879997,-0.052000001,0.0108125,0.9420625
59903,3,0,0,2,-1.5599999,-4.4400001,65.940002,0.156625,0.075750001,0.83931249
59994,3,0,0,2,-1.5599999,-4.4400001,66.059998,-0.044437502,0.10475,0.896375
60018,3,0,0,2,-1.63,-4.3099999,66.25,-0.027249999,0.0096875001,0.84943748
60042,3,0,0,2,-1.63,-4.3800001,66.25,0.152,0.038937502,0.96056253
60134,3,0,0,2,-1.63,-4.3800001,65.879997,-0.0326875,0.057500001,0.77562499
60159,3,0,0,2,-1.63,-4.4400001,66.25,-0.00012500001,0.067249998,0.90018749
60184,3,0,0,2,-1.63,-4.4400001,66.25,-0.119125,-0.139625,1.059375
60295,3,0,0,2,-1.5599999,-4.3800001,66.190002,-0.18718749,-0.070625,1.0004375
60320,3,0,0,2,-1.5599999,-4.3099999,66.190002,-0.1516875,0.076312497,0.85343748
60344,3,0,0,2,-1.5599999,-4.25,66.129997,0.13025001,-0.013125,0.96775001
60435,3,0,0,2,-1.38,-4.25,66.129997,0.0059374999,0.02225,1.0310625
60460,3,0,0,2,-1.3099999,-4.25,66.129997,-0.049562499,-0.034499999,1.002
60485,3,0,0,2,-1.3099999,-4.25,66.129997,0.092874996,-0.0115,0.90662497
60576,3,0,0,2,-1.13,-4.1900001,65.690002,0.113625,-0.054499999,0.77306253
60600,3,0,0,2,-1.13,-4.1900001,65.75,-0.0099374996,0.0064375,0.90324998
60625,3,0,0,2,-1.0599999,-4.25,65.809998,-0.072687499,0.052999999,0.99412501
60716,3,0,0,2,-0.75,-4.1300001,65.629997,0.059374999,0.063749999,0.91393751
60740,3,0,0,2,-0.75,-4.1300001,65.629997,0.052625,-0.046875,0.90962499
60785,3,0,0,2,-0.56,-4.1300001,65.5,-0.070249997,0.0051874998,0.9584375
60856,3,0,0,2,-0.44,-4.0599999,65.690002,-0.113125,-0.064874999,1.0335625
60881,3,0,0,2,-0.38,-4,65.75,-0.070249997,-0.058062501,0.92250001
60925,3,0,0,2,-0.31,-3.9400001,65.629997,-0.0379375,0.030125,1.071875
60997,3,0,0,2,-0.13,-3.9400001,65.5,-0.07925,0.064999998,0.86093748
61021,3,0,0,2,-0.13,-3.8800001,65.5,-0.17937499,-0.060312498,0.95156252
61064,3,0,0,2,0,-3.6300001,65.440002,-0.051624998,-0.046250001,1.0650001
61133,3,0,0,2,0.13,-3.5599999,65.379997,-0.2029375,0.00875,0.91068751
61157,3,0,0,2,0.19,-3.4400001,65.309998,-0.069062501,0.045375001,0.92268747
61181,3,0,0,2,0.25,-3.3800001,65.309998,-0.048999999,-0.050124999,1.003125
61250,3,0,0,2,0.56,-3.3800001,65.25,-0.0434375,0.0656875,0.89762503
61274,3,0,0,2,0.69,-3.4400001,65.25,-0.0109375,-0.0011875,0.97149998
61297,3,0,0,2,0.81,-3.5,65,0.042687502,-0.076125003,0.89768749
61366,3,0,0,2,1.38,-3.75,65.129997,0.02475,-0.061000001,0.84268749
61390,3,0,0,2,1.5,-3.8099999,65.129997,-0.00031249999,0.072437502,0.94631249
61414,3,0,0,2,1.75,-4,65.129997,-0.1285625,0.0015625,1.0325
61483,3,0,0,2,2.3800001,-4.25,65,0.0066249999,0.064437501,0.91168749
61507,3,0,0,2,2.5599999,-4.3099999,65.190002,-0.0454375,0.068875,0.94718748
61530,3,0,0,2,2.75,-4.3099999,65.190002,-0.23693749,-0.0020625,1.1798126
61600,3,0,0,2,3.6300001,-4.3099999,65.75,0.169625,0.0063125002,0.71237499
61623,3,0,0,2,4,-4.4400001,65.75,-0.224875,0.017000001,0.98699999
61647,3,0,0,2,4.3099999,-4.4400001,65.559998,-0.32456249,0.081062503,1.027625
61716,3,0,0,2,5.5599999,-4.4400001,65.690002,0.1825625,-0.0306875,0.72581249
61740,3,0,0,2,5.9400001,-4.4400001,65.690002,-0.351125,0.046187501,1.171375
61764,3,0,0,2,6.6300001,-4.3800001,65.809998,-0.12800001,-0.049437501,1.076875
61833,3,0,0,2,8.3800001,-4.4400001,66.5,-0.20262501,0.032125,0.85750002
61857,3,0,0,2,8.8800001,-4.3099999,66.690002,-0.19687501,-0.069624998,0.91087502
61881,3,0,0,2,9.4399996,-4.1900001,66.879997,-0.1125625,-0.0055,1.0360625
61972,3,0,0,2,12.38,-3.6900001,68.559998,-0.17118751,0.027249999,0.89568752
61997,3,0,0,2,13,-3.5,69.190002,-0.079000004,0.1170625,0.8545
62021,3,0,0,2,13.56,-3.3800001,69.629997,-0.0110625,0.022375001,0.83662498
62112,3,0,0,2,16.309999,-2.8099999,71.879997,-0.17318749,0.052000001,0.93593752
62137,3,0,0,2,16.75,-2.6900001,72.309998,-0.1295,0.13187499,1.107875
62181,3,0,0,2,17.879999,-2.3099999,73.629997,-0.0859375,0.0408125,0.947375
62252,3,0,0,2,19.190001,-1.75,75.629997,-0.25650001,0.064187497,1.1391875
62277,3,0,0,2,19.5,-1.5599999,76.25,0.12549999,0.1015,0.80912501
62301,3,0,0,2,19.75,-1.5599999,76.879997,-0.28137499,0.1940625,1.1119375
62392,3,0,0,2,20.5,-1.4400001,80.059998,-0.35887501,0.2240625,1.0888125
62417,3,0,0,2,20.440001,-1.5,80.690002,-0.090812497,0.17318749,1.1295625
62461,3,0,0,2,20.309999,-1.88,82.440002,-0.0091249999,0.154,0.99906248
62533,3,0,0,2,19.559999,-2.4400001,84.629997,0.064937502,0.22562499,0.74493748
62557,3,0,0,2,19.25,-2.6300001,85.190002,-0.096249998,0.2424375,1.176875
62601,3,0,0,2,18.190001,-2.75,86.379997,0.062562503,0.1044375,0.8968125
62673,3,0,0,2,16.440001,-2.8800001,88,0.076812498,0.17093749,0.91412503
62697,3,0,0,2,15.94,-2.9400001,88.440002,-0.102125,0.17812499,0.91925001
62721,3,0,0,2,15,-3.0599999,89.129997,-0.1998125,0.1580625,1.02275
62813,2,0,0,2,11.81,-3.5,91,-0.14137501,0.12981249,0.990125
62837,2,0,0,2,10.94,-3.5599999,91.309998,0.12625,0.2118125,0.83162498
62861,2,0,0,2,9.6300001,-3.8099999,91.809998,0.032249998,0.138375,0.63493752
62930,2,0,0,0,6.0599999,-4.3099999,92.440002,0.0126875,0.088187501,0.91056252
62953,2,0,0,0,4.9400001,-4.5,92.440002,0.0285,0.081062503,0.72718751
62977,2,0,0,0,3.8800001,-4.6300001,92.5,0.042750001,0.17174999,0.8545
63047,0,0,0,0,-0.19,-5.0599999,92.129997,-0.21618751,0.073124997,0.98631251
63071,0,0,0,0,-1.9400001,-5.1300001,91.75,-0.015625,-0.014,0.79531252
63095,0,0,0,0,-3.1300001,-5.1900001,91.5,0.065375,0.0090624997,0.74256247
63187,0,0,0,0,-8.1899996,-5.3800001,89.940002,-0.036125001,-0.00575,0.79556251
63211,0,0,0,0,-9.6899996,-5.4400001,89.440002,-0.0086249998,0.042312499,0.78856248
63257,0,0,0,0,-11.75,-5.4400001,88.5,-0.15987501,-0.064062499,1.04775
63351,0,0,0,0,-16.25,-5.1300001,85.940002,-0.254875,-0.060937501,1.15925
63377,0,0,0,0,-17.059999,-5,85.379997,-0.10525,0.00575,1.0549999
63423,0,0,0,0,-18.879999,-4.8099999,83.879997,-0.19724999,-0.022812501,1.0228125
63538,0,0,0,0,-21.940001,-4.75,80.75,-0.26037499,-0.1164375,1.134125
63584,0,0,0,0,-23.059999,-4.6900001,79.5,-0.1516875,-0.0109375,0.96118748
63630,0,0,0,0,-24.129999,-4.6300001,78.059998,-0.1675,-0.0555625,1.1823125
63704,0,0,0,0,-25.5,-4.5599999,75.940002,-0.066687502,-0.070749998,0.7923125
63750,0,0,0,0,-26.440001,-4.5,74.379997,-0.19256251,-0.119625,1.088125
63796,0,0,0,0,-27.129999,-4.3099999,73,0.015687499,-0.00043750001,0.99225003
63911,0,0,0,0,-28.809999,-4.0599999,69.059998,-0.15225001,-0.039562501,1.087875
63957,0,0,0,0,-29.309999,-3.8800001,67.690002,-0.2610625,-0.2306875,1.142375
63982,0,0,0,0,-29.629999,-3.75,66.629997,-0.1550625,-0.072375,0.80287498
64097,0,0,0,0,-30.559999,-3.5,62.380001,-0.14825,-0.034187499,1.1535
64143,0,0,0,0,-30.690001,-3.6300001,61.060001,-0.14,-0.1365,1.0855
64189,0,0,0,0,-30.940001,-3.6900001,59.560001,-0.20693751,-0.097499996,1.1136875
64284,0,0,0,0,-31.629999,-3.6300001,56.130001,0.059187502,-0.128875,0.9979375
64330,0,0,0,1,-31.940001,-3.5599999,54.189999,-0.35637501,-0.19374999,1.233125
64355,0,0,0,1,-32.060001,-3.4400001,53.380001,-0.18625,-0.2236875,1.049
64470,0,0,0,1,-32.310001,-3.4400001,48.689999,-0.1481875,-0.3145,1.02775
64516,0,0,0,1,-32.439999,-3.25,46.939999,-0.39506251,-0.1188125,1.1175625
64541,0,0,0,1,-32.380001,-3.1300001,45.75,-0.055750001,-0.27237499,0.88537502
64656,0,0,0,1,-31.879999,-3.1300001,41.439999,0.054625001,-0.15737499,0.94787502
64702,0,0,0,1,-31.5,-3.3099999,39.880001,-0.26487499,-0.12800001,0.97556251
64728,0,0,0,1,-31.379999,-3.3099999,39.25,-0.1690625,-0.14812499,0.92250001
64843,0,0,0,1,-30.75,-3.3099999,35.130001,0.0766875,-0.148,0.95731252
64889,0,0,0,1,-30.440001,-3.25,33.630001,-0.326125,-0.1024375,1.1734999
64935,0,0,0,1,-30.25,-3.0599999,32.310001,0.1366875,-0.032812499,0.82231247
65029,0,0,0,1,-29.809999,-3.1900001,29.440001,-0.14825,-0.12981249,0.85181248
65076,0,0,0,1,-29.75,-3.1300001,28.190001,-0.101375,-0.0390625,1.082625
65100,0,0,0,1,-29.690001,-3.1300001,27.25,-0.1451875,-0.14137501,0.78275001
65215,0,0,0,1,-29.629999,-3,23.690001,-0.31075001,-0.045562498,1.1096874
65262,0,0,0,1,-29.559999,-2.75,22.129999,-0.20225,-0.13925,1.110625
65308,0,0,0,1,-29.559999,-2.6300001,20.440001,-0.043875001,-0.096312501,1.0402499
65402,0,0,0,1,-29.25,-2.6900001,17.629999,-0.023,-0.17406251,0.85925001
65447,0,0,0,1,-29.129999,-2.8800001,16.379999,-0.082062498,-0.186125,1.0905
65473,0,0,0,1,-29.059999,-2.8800001,15.88,0.16743749,-0.065375,0.83600003
65589,0,0,0,1,-29.309999,-2.75,12.56,-0.25887501,-0.1556875,0.99599999
65634,0,0,0,1,-29.440001,-2.6300001,11.44,-0.0110625,-0.13806251,0.91481251
65680,0,0,0,1,-29.75,-2.5,10,-0.167125,-0.0149375,1.0938751
65751,1,0,0,1,-30.309999,-2.3099999,7.75,-0.03125,0.0381875,0.88287503
65796,1,0,0,1,-30.690001,-2.3099999,6.1900001,-0.28025001,-0.1076875,1.0129375
65821,1,0,0,1,-30.940001,-2.1300001,5.3800001,0.079687499,-0.091562502,0.7783125
65912,2,0,0,1,-31.629999,-1.8099999,2,0.105625,-0.32887501,0.95743752
65936,2,0,0,1,-31.809999,-1.63,0.75,-0.11725,-0.14712501,1.207
65961,2,0,0,1,-31.940001,-1.63,0.059999999,-0.31118751,-0.002875,0.859375
66101,2,0,0,1,-32.310001,-1,354.75,0.104375,-0.1405625,0.84031248
66149,2,0,0,1,-32.189999,-1,353.13,-0.276375,-0.121125,1.107
66218,2,0,0,1,-32.189999,-0.69,350.75,-0.098375,-0.13437501,1.1138124
66379,2,0,0,1,-32.060001,-0.94,345.56,0.117125,-0.086812504,0.85124999
66426,2,0,0,1,-32.189999,-1,343.81,-0.0039375001,-0.1238125,1.1058125
66474,2,0,0,1,-32.25,-0.75,342.44,-0.188375,-0.2208125,1.103875
66635,2,0,0,1,-32.25,-0.44,336.13,-0.046250001,-0.066687502,0.93093753
66683,2,0,0,1,-32.130001,-0.5,334.56,-0.1809375,-0.12800001,1.1135
66730,2,0,0,1,-32.130001,-0.5,333.25,-0.2351875,-0.089374997,0.98356253
66870,2,0,0,1,-32.130001,-0.5,328.5,-0.13087501,-0.1458125,0.99343753
66939,2,0,0,1,-32.130001,-0.5,326.25,-0.0876875,-0.20818751,0.9131875
66986,2,0,0,1,-32.189999,-0.38,324.63,-0.097750001,-0.17506251,1.1366251
67148,2,0,0,1,-32.439999,-0.13,319,-0.1966875,-0.16175,1.0539376
67195,2,0,0,1,-32.439999,-0.13,317.31,-0.13743749,-0.14425001,1.044125
67242,2,0,0,1,-32.439999,-0.19,315.69,-0.080624998,-0.20424999,0.97593749
67404,2,0,0,1,-32.689999,-0.25,310.31,0.1203125,-0.1108125,0.93181252
67451,2,0,0,1,-32.810001,-0.31,308.88,-0.1609375,-0.106625,0.99118751
67498,2,0,0,1,-33,-0.19,307,0.0073124999,-0.1741875,0.8145625
67615,2,0,0,1,-33.310001,0.25,302.63,-0.26056251,-0.072250001,1.2013125
67660,2,0,0,1,-33.380001,0.5,301.06,-0.18181249,-0.0052499999,1.2251875
67706,2,0,0,1,-33.380001,0.63,298.94,-0.54793751,-0.1439375,1.4149375
67800,2,0,0,1,-33.130001,0,295.38,-0.17606249,-0.162375,1.0349375
67848,2,0,0,1,-32.939999,-0.38,293.38,-0.0161875,0.019437499,0.96731251
67895,2,0,0,1,-32.630001,-0.69,291.56,0.105375,-0.21168751,0.90768749
68057,3,0,0,1,-32.130001,-0.5,286.38,-0.013375,-0.1934375,1.0801876
68126,3,0,0,1,-32.060001,-0.31,284.19,-0.17475,-0.19050001,0.90156251
68173,3,0,0,1,-32.130001,-0.25,282.69,-0.180125,-0.1143125,0.9535625
68290,3,0,0,1,-32.689999,0.059999999,278.63,-0.2516875,-0.1875,1.1310625
68336,3,0,0,1,-32.939999,0.13,277.13,-0.081,-0.15800001,0.73637497
68382,3,0,0,1,-33.25,0.13,275.19,-0.2705,-0.1550625,1.0285
68476,3,0,0,1,-34,0.44,271.75,-0.2045625,-0.165125,1.0782501
68522,3,0,0,1,-34.439999,0.69,269.56,-0.31518751,-0.108875,1.2448125
68568,2,0,0,1,-34.689999,1,267.81,-0.13474999,-0.1283125,1.0395
68662,2,0,0,1,-35.189999,1.25,263.25,-0.091437504,-0.14831249,1.0044374
68708,2,0,0,1,-35.25,1.3099999,261.44,-0.2259375,-0.1580625,1.0235626
68733,2,0,0,1,-35.25,1.3099999,260.13,-0.27287501,-0.054937501,1.0704376
68848,2,0,0,1,-35.130001,1.1900001,255.38,-0.0436875,-0.349125,0.93924999
68894,2,0,0,1,-35.060001,1.25,253.13,-0.038249999,-0.075374998,0.680125
68919,2,0,0,1,-35,1.3099999,252.13,-0.1105625,-0.31643751,0.694125
69034,2,0,0,1,-34.5,1.3099999,247.06,-0.17937499,-0.1283125,0.93018752
69080,2,0,0,1,-34.189999,1.4400001,244.81,-0.28712499,-0.2025,1.03425
69105,2,0,0,1,-34.060001,1.5,243.94,-0.55425,-0.0416875,1.1308125
69220,2,0,0,1,-33,1.1900001,239.13,-0.35787499,-0.061124999,1.068125
69245,2,0,0,1,-32.810001,1.25,238.38,-0.13437501,-0.085000001,0.99662501
69291,2,0,0,1,-32.380001,0.94,236.56,-0.1053125,-0.152,0.95693749
69406,2,0,0,1,-31.690001,0.69,232.63,0.002875,-0.164,1.167625
69431,2,0,0,1,-31.559999,0.63,231.5,-0.2465,-0.11025,1.1555001
69477,2,0,0,1,-31.309999,0.63,230,-0.16775,-0.26418751,1.0229375
69592,2,0,0,1,-30.75,0.25,225.63,-0.1100625,-0.13806251,1.14375
69617,2,0,0,1,-30.629999,0.19,225,-0.16087499,-0.1905625,1.1064374
69663,2,0,0,1,-30.440001,0.059999999,223.31,-0.0244375,-0.091499999,1.132
69778,2,0,0,1,-30.25,0,219.13,-0.0621875,0.0355625,0.96162498
69826,2,0,0,1,-30.190001,-0.13,217.88,-0.021749999,-0.092812501,0.92868751
69873,2,0,0,1,-30.25,-0.19,216.31,-0.17012499,-0.1640625,1.1426876
69991,2,0,0,1,-30.879999,0,211.75,-0.21275,-0.20175,1.274875
70037,2,0,0,1,-31.129999,0.19,209.63,-0.132375,-0.1175625,1.0560625
70083,2,0,0,1,-31.190001,0.13,208.06,-0.0046250001,-0.193,0.98581249
70176,2,0,0,1,-31.379999,0.13,204.44,0.0056874999,-0.2000625,1.0705
70222,2,0,0,1,-31.379999,0,202.56,-0.21681251,-0.13681249,1.1211874
70268,2,0,0,1,-31.440001,0,200.5,-0.0036249999,-0.1164375,0.9041875
70386,2,0,0,1,-31.379999,-0.13,195.88,-0.099624999,-0.17937499,0.9831875
70455,2,0,0,1,-31.379999,-0.31,193.5,-0.1795,-0.29587501,1.18125
70502,2,0,0,1,-31.379999,-0.38,191.56,-0.0628125,-0.04775,1.0638125
70643,2,0,0,1,-31.25,-0.44,185.94,-0.1141875,-0.21781249,1.1250625
70690,2,0,0,1,-31.190001,-0.5,183.69,-0.231125,-0.1091875,1.107375
70781,2,0,0,1,-30.75,-0.88,180.06,-0.1645,-0.1136875,1.0605625
70921,2,0,0,1,-29.940001,-1.13,174.63,-0.0022499999,-0.23424999,0.87837499
70968,2,0,0,1,-29.440001,-1.25,172.69,-0.33318749,-0.25400001,1.0855
71037,2,0,0,1,-28.75,-1.5599999,170.31,-0.083937503,-0.27268749,1.0221875
71177,3,0,0,1,-27.440001,-2.1300001,166.19,-0.0180625,-0.0969375,0.96775001
71224,3,0,0,1,-27.190001,-2.1900001,165.06,-0.067562498,-0.23512501,1.090875
71293,3,0,0,1,-26.879999,-2.1900001,162.94,-0.1065625,-0.1308125,1.066625
71434,3,0,0,1,-26.440001,-2.5,158.75,0.0621875,-0.07175,0.94950002
71502,3,0,0,1,-26.440001,-2.6300001,157,-0.071312502,-0.082000002,1.0289375
71550,3,0,0,1,-26.559999,-2.6300001,155.5,-0.1119375,-0.168625,1.0051875
71690,3,0,0,1,-26.879999,-2.6900001,151.25,-0.14300001,-0.0185,1
71737,3,0,0,1,-27.059999,-2.6300001,149.94,-0.096874997,-0.207375,0.93487501
71806,3,0,0,1,-27.5,-2.6900001,148,-0.1963125,-0.064125001,1.0226876
71968,3,0,0,1,-29.690001,-2,142.44,-0.16168749,-0.056375001,1.048
72015,3,0,0,1,-30.440001,-1.6900001,140.06,-0.2935625,-0.1799375,1.095625
72063,3,0,0,1,-30.879999,-1.5599999,138.13,-0.0036875,-0.27231249,1.0272501
72225,3,0,0,1,-31.25,-2.1300001,130.88,0.050187498,-0.1488125,0.93300003
72272,3,0,0,1,-31.25,-2.25,129.31,-0.116875,-0.097937502,0.98525
72341,3,0,0,1,-31.129999,-2.0599999,126.75,-0.19125,-0.094437502,1.1169375
72481,3,0,0,1,-30.75,-1.38,121.75,-0.22750001,-0.050437499,0.89950001
72528,3,0,0,1,-30.690001,-1.38,120.44,-0.069750004,-0.323125,0.90687501
72597,3,0,0,1,-30.629999,-1.6900001,118.38,-0.013875,-0.20181251,0.97593749
72738,3,0,0,1,-31.379999,-2.1300001,113.31,-0.2123125,-0.1314375,1.253
72785,3,0,0,1,-31.629999,-2.25,111.56,-0.2428125,-0.215625,1.2195625
72854,3,0,0,1,-32.189999,-2.3800001,108.94,-0.13581251,-0.27412501,0.93349999
73016,3,0,0,1,-33.630001,-2.1900001,102.19,-0.0859375,-0.17256249,1.102875
73063,3,0,0,1,-33.939999,-2.25,100.06,-0.28637499,-0.13068751,1.132875
73109,3,0,0,1,-34.189999,-2.1900001,98.309998,-0.145125,-0.069875002,1.0344375
73203,2,0,0,1,-34.75,-2.1900001,93.5,-0.1470625,-0.1235625,1.162625
73249,2,0,0,1,-34.810001,-2.3099999,91.690002,-0.0099374996,-0.0263125,0.91018748
73274,2,0,0,1,-34.880001,-2.5,90.379997,-0.17125,-0.16437501,1.157375
73389,2,0,0,1,-34.810001,-2.8099999,85.5,-0.414,-0.051062498,1.144375
73413,2,0,0,1,-34.75,-2.6900001,84.25,-0.223125,-0.20118751,1.117375
73460,2,0,0,1,-34.75,-2.5599999,82.440002,-0.073312499,-0.099937499,0.990125
73575,2,0,0,1,-34.189999,-2.75,77.379997,-0.19318751,-0.051062498,1.1340625
73620,2,0,0,1,-33.880001,-3,75.5,-0.0335625,-0.13293751,1.18225
73645,2,0,0,1,-33.75,-3.0599999,74.75,-0.2403125,-0.15143751,1.035875
73760,2,0,0,1,-33.189999,-3.0599999,70.059998,0.034499999,-0.27556249,1.0123125
73785,2,0,0,1,-33.130001,-3.0599999,69.25,0.034312502,-0.132,1.0843126
73831,2,0,0,1,-32.75,-3.25,67.5,-0.219375,-0.2281875,1.043875
73926,2,0,0,1,-32.310001,-3.5599999,64.440002,0.019750001,-0.0091875,0.92750001
73972,2,0,0,1,-32.130001,-3.75,63.060001,-0.242,-0.1911875,1.04125
74017,2,0,0,1,-32.130001,-3.8099999,61.5,0.1308125,-0.181375,0.86831248
74111,2,0,0,1,-32.630001,-3.5,58.25,-0.111,-0.16131251,1.128625
74157,2,0,0,1,-32.810001,-3.3800001,56.689999,0.0033125,-0.27656251,0.9288125
74182,2,0,0,1,-33,-3.3800001,55.439999,-0.1829375,-0.1080625,1.1289375
74297,2,0,0,1,-33.439999,-3,51.130001,0.0195,-0.2533125,0.8943125
74343,2,0,0,1,-33.560001,-3,49.25,-0.072125003,-0.16706251,0.99868751
74389,2,0,0,1,-33.810001,-2.6900001,47.130001,-0.1499375,-0.017999999,1.247875
74483,2,0,0,1,-34.060001,-2.1900001,42.810001,-0.098437503,-0.223125,1.0124375
74529,2,0,0,1,-33.810001,-2.25,40.689999,-0.1379375,-0.07925,1.2188125
74555,2,0,0,1,-33.689999,-2.3099999,39.939999,-0.15674999,-0.25431249,0.96100003
74670,2,0,0,1,-32.75,-2.5,35.689999,-0.071687497,-0.22581249,0.91137499
74716,2,0,0,1,-32.5,-2.4400001,33.630001,-0.17775001,-0.1075625,1.0775625
74762,2,0,0,1,-32.189999,-2.3099999,32.189999,0.088937499,-0.201125,0.82993752
74856,2,0,0,1,-31.25,-2.4400001,29.440001,0.123875,-0.17793749,0.98218751
74882,1,0,0,1,-31,-2.5599999,28.559999,-0.30168751,-0.19068751,1.3433125
74927,1,0,0,1,-30.629999,-2.5599999,27.190001,0.096687503,-0.118875,0.88243753
75042,1,0,0,1,-30.309999,-2.6900001,23.809999,-0.2105,0.019874999,1.1254375
75088,1,0,0,1,-30.129999,-2.8099999,22.559999,0.20262501,-0.1933125,0.73543751
75113,1,0,0,1,-30.129999,-2.9400001,22.059999,-0.0309375,0.019312499,1.1723125
75229,1,0,0,1,-30.559999,-2.8099999,18.879999,-0.1968125,-0.0059374999,1.0130625
75276,1,0,0,1,-31.059999,-2.5,17.059999,-0.14731251,-0.0053750002,1.0876875
75322,2,0,0,1,-31.379999,-2.3800001,15.69,0.046187501,-0.20975,0.94550002
75998,2,0,0,1,-34.75,-0.56,350.13,-0.4198125,-0.18818749,1.14375
76067,2,0,0,1,-34.810001,-0.31,347.38,-0.1394375,-0.15143751,1.211
76114,2,0,0,1,-34.810001,-0.25,345.75,-0.25712499,-0.14156251,0.94306248
76254,2,0,0,1,-34.689999,-0.13,340.44,-0.015625,-0.017312501,0.96612501
76301,2,0,0,1,-34.630001,-0.13,338.63,-0.23837499,-0.072312497,1.0661875
76347,2,0,0,1,-34.630001,0,336.63,-0.087562501,-0.24575,1.11675
76463,2,0,0,1,-34.560001,-0.059999999,332.31,-0.3495,-0.082812503,1.1008126
76510,2,0,0,1,-34.439999,0,330.63,-0.0070000002,-0.1858125,0.93124998
76557,2,0,0,1,-34.439999,-0.13,328.88,-0.24875,-0.2058125,1.1889375
76673,2,0,0,1,-34.630001,0.19,324.25,-0.093374997,-0.1325625,0.87725002
76719,2,0,0,1,-34.689999,0.25,322.75,-0.27406251,-0.1531875,1.07575
76765,2,0,0,1,-34.75,0.31,320.81,-0.27168751,-0.26625001,1.1574374
76859,2,0,0,1,-34.939999,0.44,317.25,-0.38174999,-0.15275,1.2088125
76905,2,0,0,1,-35.060001,0.56,315.19,0.0094374996,-0.23343749,0.9280625
76951,2,0,0,1,-35.130001,0.5,313.63,-0.35256249,-0.029562499,1.3434376
77045,2,0,0,1,-35.25,0.69,309.38,-0.30612499,-0.191375,1.0835
77091,2,0,0,1,-35.189999,0.75,307.69,0.033437502,-0.14543749,0.96912497
77116,2,0,0,1,-35.189999,0.69,306.5,0.11325,-0.127,0.80543751
77231,2,0,0,1,-35.130001,1.1900001,301.94,-0.37531251,-0.3009375,1.2393125
77277,2,0,0,1,-35,1.3099999,299.63,-0.135625,-0.068875,1.3304375
77302,2,0,0,1,-34.939999,1.3099999,298.75,-0.45881251,-0.1860625,1.246375
77417,2,0,0,1,-34,0.059999999,294,0.00081250002,-0.0185,1.06275
77464,3,0,0,1,-33.810001,-0.19,292,0.0020625,-0.27737501,0.99175
77511,3,0,0,1,-33.689999,-0.38,290.38,-0.1545625,-0.123625,0.99075001
77651,3,0,0,1,-33.189999,-0.059999999,284.81,-0.1965625,-0.23,0.91600001
77697,3,0,0,1,-32.939999,0,283,-0.27700001,-0.176875,1.0611875
77743,3,0,0,1,-32.630001,0.059999999,281.38,-0.089249998,-0.1251875,1.040875
77838,3,0,0,1,-32.310001,0,278.56,0.021187499,-0.087750003,0.94325
77883,3,0,0,1,-32.310001,0,276.94,-0.123625,-0.22006249,1.082875
77929,3,0,0,1,-32.439999,0.13,275.56,-0.1603125,-0.157125,1.05325
78023,2,0,0,1,-32.810001,0.19,271.69,-0.1441875,-0.19456249,0.94806248
78069,2,0,0,1,-32.939999,0.25,269.94,0.071374997,-0.119125,0.967125
78115,2,0,0,1,-33.189999,0.31,268.44,-0.29506251,-0.0049999999,1.078625
78209,2,0,0,1,-33.689999,0.81,264.63,-0.2689375,-0.26862499,1.134375
78256,2,0,0,1,-33.880001,1.13,262.19,-0.032625001,-0.14668749,0.972
78302,2,0,0,1,-33.810001,1.0599999,260.13,-0.153,-0.19518749,1.0505
78396,2,0,0,1,-33.5,0.88,256.75,-0.2421875,-0.1081875,1.22875
78442,2,0,0,1,-33.380001,0.81,254.75,0.13868751,-0.2664375,1.028875
78488,2,0,0,1,-33.310001,0.69,253.25,-0.29875001,0.0091249999,1.1430625
78582,2,0,0,1,-32.939999,0.44,249.44,-0.0279375,-0.146,0.96337497
78628,2,0,0,1,-32.810001,0.56,247.94,-0.097625002,-0.079312503,1.0010625
78653,2,0,0,1,-32.75,0.63,246.81,-0.0108125,-0.057500001,0.98006248
78747,2,0,0,1,-32.439999,0.63,243.5,-0.2048125,0.00056249998,0.89737499
78813,2,0,0,1,-32.060001,0.5,241.19,0.0179375,-0.116,1.0399375
78838,2,0,0,1,-32,0.44,240.63,-0.1493125,-0.0056874999,1.115625
78954,2,0,0,1,-31.75,0.19,236.69,0.1436875,-0.1193125,0.88393748
78999,2,0,0,1,-31.809999,0.13,234.94,-0.32012501,-0.16993751,1.2505
79024,2,0,0,1,-31.809999,0.13,234.25,0.0050625,-0.2026875,0.95025003
79118,2,0,0,1,-31.879999,0,230.56,0.1084375,-0.25075001,0.91256249
79164,2,0,0,1,-31.940001,0,228.88,-0.15656251,-0.11075,1.2231874
79210,2,0,0,1,-31.940001,0.13,226.81,0.13537499,-0.1665,0.87637502
79304,2,0,0,1,-31.5,0.19,223,-0.0060625002,-0.195125,1.1758749
79350,2,0,0,1,-31,0.25,220.75,-0.019874999,-0.25481251,1.0214375
79396,2,0,0,1,-30.440001,0.19,218.88,-0.0078125,-0.2000625,1.0501875
79513,2,0,0,1,-27.559999,-0.38,213.88,-0.0668125,-0.257375,0.99031252
79560,2,0,0,1,-25.940001,-0.5,211.81,0.046687499,-0.236625,0.8865
79629,2,0,0,1,-23,-0.88,209.25,0.053062499,-0.26956251,0.96806252
79769,2,0,0,1,-14.63,-1.6900001,205.5,0.049812499,-0.22724999,0.75274998
79816,2,0,0,1,-10.88,-2,204.81,0.098125003,-0.1539375,0.78893751
79862,2,0,0,1,-7.6300001,-2.1300001,204.69,0.060687501,-0.0986875,0.65337503
79956,2,0,0,1,0.059999999,-2.0599999,205.38,-0.066875003,-0.058062501,0.68756253
80000,2,0,0,1,4.3800001,-1.63,206.19,0.204125,-0.00825,0.67712498
80025,2,0,0,2,6.0599999,-1.5,206.69,-0.043187499,0.088375002,0.9609375
80117,1,0,0,2,13.88,-0.19,209.5,0.0099999998,0.14,0.82525003
80142,1,0,0,2,15.25,0,210.13,0.0111875,0.126,0.91837502
80166,1,0,0,2,17.190001,0.38,211.13,-0.096625,0.14875001,0.95087498
80257,0,0,0,2,22.129999,1.5599999,214.19,-0.054749999,0.18975,0.95343751
80282,0,0,0,2,23.059999,1.88,214.88,-0.092124999,0.1005625,1.058
80326,0,0,0,2,25.059999,2.4400001,216.63,0.097374998,0.25174999,1.061
80397,0,0,0,2,27.129999,2.9400001,219.06,0.089249998,0.1515625,1.09375
80422,0,0,0,2,27.629999,2.9400001,219.75,0.050812501,0.29499999,1.06775
80446,0,0,0,2,28,3.0599999,220.44,0.0333125,0.24431249,0.94518751
80537,0,0,0,2,29.309999,3.3099999,223.94,-0.15375,0.16706251,1.060375
80561,0,0,0,2,29.379999,3.3099999,224.56,0.228875,0.339625,0.73325002
80605,0,0,0,2,29.5,3.3099999,226.06,0.025374999,0.2310625,1.0660625
80677,0,0,0,2,29.190001,3.3099999,228.06,0.081500001,0.30450001,0.77012497
80701,0,0,0,2,29.059999,3.25,228.63,0.18125001,0.1278125,1.17425
80746,0,0,0,2,28.629999,3.0599999,229.94,0.1305,0.1073125,0.83743751
80817,0,0,0,2,27.809999,2.6900001,231.5,0.479875,0.39537501,0.66412503
80841,0,0,0,2,27.559999,2.5,232,0.42012501,0.119625,0.79831249
80885,0,0,0,2,26.879999,2.25,233.06,-0.136125,0.30131251,1.00425
80957,0,0,0,2,25.879999,1.88,234.31,0.16481251,0.041250002,0.87818748
80981,0,0,0,2,25.629999,1.75,234.69,0.52037501,0.21125001,0.72162497
81026,0,0,0,2,24.879999,1.5,235.69,0.78850001,0.0031874999,0.48987499
81097,0,0,0,2,23.809999,1.13,237.06,0.0204375,0.0471875,0.89362502
81121,0,0,0,2,23.5,1.1900001,237.31,0.75581253,0.097312503,0.2696875
81165,0,0,0,2,22.559999,0.88,238.25,0.233125,-0.034375001,0.667
81236,0,0,0,2,21.129999,0.69,239.19,0.25418749,0.435,0.93406248
81280,0,0,0,2,20.379999,0.5,239.81,0.0288125,0.216875,0.29712501
81305,0,0,0,2,19.690001,0.31,240.19,0.78393751,-0.1321875,0.48662499
81396,1,0,0,2,17.690001,0,241.19,0.1714375,0.344625,0.737625
81421,1,0,0,2,17.190001,-0.059999999,241.31,0.61699998,0.045000002,0.80812502
81446,1,0,0,2,16.5,-0.059999999,241.5,0.24325,0.34474999,0.68906248
81540,1,0,0,2,14.56,-0.44,241.88,-0.37724999,0.46799999,1.0218126
81607,1,0,0,2,13.25,-0.75,242.5,0.19625001,-0.0610625,0.9683125
81632,1,0,0,2,12.88,-0.81,242.5,0.189125,-0.029562499,0.36649999
81747,1,0,0,2,10.69,-1.3099999,243.19,0.3556875,-0.32718751,0.70368749
81792,1,0,0,2,9.75,-1.38,243.38,0.49581251,-0.41624999,0.61168748
81816,1,0,0,2,9.4399996,-1.38,243.38,0.25856251,-0.043312501,0.73062497
81888,1,0,0,2,8.25,-1.4400001,243.69,0.38231251,-0.1770625,0.51962501
81912,1,0,0,2,7.75,-1.5,243.69,0.4149375,-0.085312501,0.63418752
81957,1,0,0,2,7.1900001,-1.63,243.81,0.42737499,0.1108125,0.57293749
82028,1,0,0,2,6.1300001,-1.75,244,0.32262501,-0.1049375,0.66218752
82073,1,0,0,2,5.3800001,-1.8099999,243.88,0.38387501,-0.033374999,0.489375
82097,1,0,0,2,5.0599999,-1.8099999,243.94,0.2280625,0.116125,0.474125
82168,1,0,0,2,4.25,-1.8099999,243.88,0.28762501,0.18175,0.4708125
82212,1,0,0,2,3.6900001,-2,243.94,0.66399997,0.078187503,0.56931251
82237,1,0,0,2,3.5,-2.0599999,243.88,0.55868751,-0.0016875,0.81512499
82328,1,0,0,2,2.6300001,-2.0599999,243.81,0.2019375,0.104875,0.76950002
82353,1,0,0,2,2.4400001,-2.1300001,243.88,0.211125,0.27950001,0.78387499
82377,1,0,0,2,2.3099999,-2.1900001,243.88,0.35499999,-0.1025625,0.74968749
82468,1,0,0,2,1.63,-2.25,243.81,0.13787501,0.26899999,0.67112499
82492,1,0,0,2,1.5,-2.3099999,243.81,0.1538125,0.064312503,0.60281253
82517,1,0,0,2,1.3099999,-2.3800001,243.88,0.2210625,0.13500001,0.21475001
82588,1,0,0,2,0.88,-2.25,243.75,0.207875,0.1181875,0.37531251
82633,1,0,0,2,0.63,-2.1300001,243.69,0.25112501,0.056375001,0.323125
82657,1,0,0,2,0.5,-2.0599999,243.69,0.29387501,-0.094999999,0.62418753
82748,1,0,0,2,0.13,-1.9400001,243.56,0.29212499,-0.15512501,0.37137499
82773,1,0,0,2,0.059999999,-1.88,243.5,0.4855625,-0.12625,0.1675625
82797,1,0,0,2,0,-1.88,243.5,0.058625001,0.0279375,0.20137499
82911,1,0,0,2,-0.63,-1.9400001,243.44,0.084124997,0.11825,0.0315625
82937,1,0,0,2,-0.75,-1.9400001,243.38,0.2215625,-0.087250002,0.1539375
82983,1,0,0,2,-0.88,-2,243.44,0.046374999,-0.0645625,0.248625
83077,1,0,0,2,-1.25,-2,243.19,0.1481875,0.00075000001,0.074437499
83143,1,0,0,2,-1.5,-2.1300001,243.06,-0.064499997,0.020937501,0.055437502
83169,1,0,0,2,-1.5,-2.1300001,243,0.162625,-0.079812497,0.12756249
83263,1,0,0,2,-1.63,-2,242.81,-0.094562501,0.029124999,-0.0023125
83309,1,0,0,2,-1.63,-1.88,242.75,-0.094937503,-0.042687502,0.1996875
83355,1,0,0,2,-1.5599999,-1.75,242.75,0.079999998,0.095062502,0.011125
83449,1,0,0,2,-1.5,-1.75,242.69,0.001,-0.1561875,0.26574999
83495,1,0,0,2,-1.4400001,-1.75,242.63,0.010875,-0.080624998,0.0416875
83541,1,0,0,2,-1.4400001,-1.8099999,242.56,-0.091375001,0.02225,0.51962501
83635,1,0,0,2,-1.25,-1.8099999,242.38,0.13699999,-0.039000001,0.078812502
83660,1,0,0,2,-1.1900001,-1.88,242.44,0.122,-0.020625001,0.13518751
83727,1,0,0,2,-1.0599999,-1.75,242.38,-0.066624999,-0.082937501,0.5
83821,1,0,0,2,-0.63,-1.8099999,242.31,-0.099124998,-0.066624999,0.208125
83867,1,0,0,2,-0.5,-1.6900001,242.25,-0.207,0.024062499,0.295625
83913,1,0,0,2,-0.31,-1.5599999,242.19,-0.2473125,0.066562504,0.22418749
83986,1,0,0,2,0,-1.4400001,242.13,-0.1178125,-0.1420625,0.186125
84030,1,0,0,2,0.059999999,-1.38,242.19,0.0079375003,-0.134,0.25443751
84054,1,0,0,2,0.13,-1.3099999,242.13,0.12943751,-0.1108125,0.35350001
84146,1,0,0,2,0.38,-1.13,242.06,-0.30175,-0.0535,0.31474999
84170,1,0,0,2,0.5,-1.1900001,242,-0.20675001,0.16581251,0.157125
84214,1,0,0,2,0.69,-1.3099999,242,-0.6221875,-0.1115625,0.3803125
84285,1,0,0,2,1,-1.13,241.81,-0.2931875,-0.1120625,0.454375
84310,1,0,0,2,1.25,-1.0599999,241.88,-0.063000001,-0.032812499,0.2205625
84334,1,0,0,2,1.4400001,-0.94,241.88,-0.425125,0.055125002,0.034625001
84426,1,0,0,2,2,-0.75,241.81,-0.2680625,-0.076125003,0.39524999
84450,1,0,0,2,2.25,-0.69,241.88,-0.44306251,-0.12575001,0.3869375
84474,1,0,0,2,2.3800001,-0.69,241.88,-0.071500003,-0.041125,0.31137499
84565,1,0,0,2,3,-0.63,241.94,-0.43387499,0.09375,0.26675001
84590,1,0,0,2,3.25,-0.63,241.94,-0.19825,-0.15025,0.336
84614,1,0,0,2,3.4400001,-0.63,242,-0.1729375,-0.007375,0.34693751
84706,1,0,0,2,4.1300001,-0.56,242.38,-0.28549999,-0.0480625,0.55712497
84730,1,0,0,2,4.25,-0.56,242.44,0.056000002,-0.063874997,0.50849998
84775,1,0,0,2,4.4400001,-0.56,242.63,-0.34062499,0.2105,0.1874375
84846,1,0,0,2,4.6300001,-0.56,242.94,-0.2025625,0.070187502,0.26793751
84890,1,0,0,2,4.6300001,-0.56,243.13,-0.26593751,-0.1201875,0.59968752
84915,1,0,0,2,4.5599999,-0.5,243.19,-0.36606249,0.072437502,0.43775001
84986,1,0,0,2,4.4400001,-0.56,243.5,-0.323625,0.20362499,0.4374375
85010,1,0,0,2,4.25,-0.56,243.63,-0.3503125,0.073749997,0.68475002
85055,1,0,0,2,4,-0.63,243.75,-0.095375001,0.065562502,0.56893748
85146,1,0,0,2,3.3800001,-0.56,243.94,-0.1634375,0.021937501,0.55562502
85170,1,0,0,2,3.1900001,-0.56,243.94,-0.13124999,-0.1821875,0.87281251
85195,1,0,0,2,3.0599999,-0.63,244,-0.34137499,0.16975001,0.47681251
85286,1,0,0,2,2.1900001,-0.38,244,-0.50881249,-0.1560625,0.75300002
85310,1,0,0,2,2,-0.31,243.94,-0.30931249,-0.27162501,0.9745
85335,1,0,0,2,1.8099999,-0.25,243.94,-0.57512498,0.20281249,0.61456251
85406,1,0,0,2,1.25,0.059999999,243.81,-0.49081251,-0.213625,1.1323125
85448,1,0,0,2,1,0.19,243.69,-0.65981251,0.3035,0.34400001
85472,1,0,0,2,0.94,0.31,243.69,-0.40656251,-0.041312501,0.62400001
85522,1,0,0,2,0.63,0.56,243.56,-0.92456251,-0.25106251,0.92949998
85565,1,0,0,2,0.5,0.81,243.44,-0.29593751,-0.118875,0.48087499
85588,2,0,0,2,0.44,0.88,243.38,-0.27774999,-0.089187503,0.46974999
85657,2,0,0,2,0.25,1.25,243.38,-0.87181252,0.2456875,0.86193752
85662,2,0,0,2,0.25,1.25,243.38,-0.87181252,0.2456875,0.8623125
85705,2,0,0,2,0.13,1.5,243.38,-0.70200002,0.29775,0.95174998
85755,2,0,0,2,0.059999999,1.5,243.38,-0.67918748,0.1408125,0.6245625
85798,2,0,0,2,0,1.5599999,243.31,-0.6081875,-0.0390625,0.82387501
85822,2,0,0,2,0,1.5599999,243.31,-0.85325003,-0.15925001,0.82537502
85893,2,0,0,2,-0.13,1.63,243.13,-0.67425001,0.045000002,0.87156248
85937,2,0,0,2,-0.13,1.6900001,243.06,-0.93881249,-0.042874999,0.9329375
85962,2,0,0,2,-0.059999999,1.75,243,-0.79525,-0.011625,0.9436875
86032,2,0,0,2,0,1.88,242.94,-0.58625001,-0.0071875001,0.76824999
86055,2,0,0,2,0.059999999,1.88,243,-0.87918752,0.0645625,0.9510625
86079,2,0,0,2,0.059999999,1.88,243.06,-0.82481247,-0.133375,1.09025
86129,2,0,0,2,0.059999999,2,243,-0.79275,0.0041875001,0.8770625
86172,2,0,0,2,0.13,2,243,-0.90662497,0.01125,1.0815001
86195,2,0,0,2,0.13,2,243,-0.84806252,0.017750001,0.78549999
86245,2,0,0,2,0.19,2,243.06,-0.87099999,0.0024375001,0.808375
86268,2,0,0,2,0.19,2.0599999,243.06,-0.78631252,-0.035437498,0.838
86292,2,0,0,2,0.13,2,243,-0.98812503,0.053374998,0.77125001
86361,2,0,0,2,0.059999999,2.1900001,242.88,-0.98525,0.081812501,0.95349997
86384,2,0,0,2,0.059999999,2.25,242.88,-0.7010625,0.016875001,0.87237501
86408,2,0,0,2,0.059999999,2.25,242.88,-0.85837501,-0.0463125,0.85949999
86477,2,0,0,2,0,2.3800001,242.81,-0.88068748,-0.1186875,0.9214375
86501,2,0,0,2,0,2.3800001,242.81,-0.90549999,0.01825,0.773
86525,2,0,0,2,0,2.3800001,242.75,-0.77631247,0.056625001,0.90468752
86595,2,0,0,2,-0.13,2.3800001,242.44,-1.0495625,-0.176,1.0169375
86619,2,0,0,2,-0.13,2.4400001,242.38,-0.6961875,-0.1969375,0.56906247
86663,2,0,0,2,0,2.3800001,242.31,-0.56431252,0.058562499,0.83162498
86732,2,0,0,2,0,2.3800001,242.44,-0.73356253,0.0139375,1.050125
86755,2,0,0,2,0,2.4400001,242.44,-0.90724999,-0.053187501,0.98325002
86779,2,0,0,2,0,2.3800001,242.5,-1.057375,-0.045625001,0.91925001
86829,2,0,0,2,0,2.4400001,242.44,-0.92949998,0.043375,1.0128125
86853,2,0,0,2,0,2.4400001,242.31,-0.95331252,-0.088187501,0.79350001
86896,2,0,0,2,-0.059999999,2.3800001,242.25,-0.86581248,-0.017000001,0.94837499
86968,2,0,0,2,-0.19,2.4400001,241.94,-0.90118748,-0.046624999,1.119375
87012,2,0,0,2,-0.31,2.3800001,241.56,-0.72324997,-0.016124999,1.1940625
87037,2,0,0,2,-0.38,2.3099999,241.38,-0.86356252,-0.126875,1.2784375
87108,2,0,0,2,-0.5,1.5599999,240.56,-0.35975,0.11025,0.90281248
87152,2,0,0,2,-0.56,0.75,239.81,-0.27125001,-0.025125001,1.074
87177,2,0,0,2,-0.63,0.5,239.5,-0.206375,-0.044187501,1.0989375
87271,2,0,0,2,-0.5,-0.63,238.5,-0.061687499,-0.061562501,0.92624998
87296,2,0,0,2,-0.38,-0.88,238.25,-0.124,-0.011375,0.87431252
87362,2,0,0,2,0,-1.0599999,238,-0.071687497,-0.091812499,0.83275002
87433,2,0,0,2,0.63,-1.13,238.56,-0.19925,-0.1345,0.90956253
87457,2,0,0,2,0.88,-1.13,238.88,-0.086374998,-0.103875,0.85631251
87501,2,0,0,2,1.5,-1.0599999,239.94,-0.024812501,0.024937499,0.99449998
87573,2,0,0,2,2.25,-0.94,241.75,-0.16106249,-0.0024999999,1.0198125
87597,2,0,0,2,2.4400001,-0.94,242.25,-0.066375002,-0.0133125,1.0235626
87641,2,0,0,2,2.6900001,-0.88,243.44,-0.0159375,-0.0299375,0.95050001
87713,2,0,0,2,2.6300001,-0.88,244.13,-0.13699999,0.047062501,0.8878125
87737,2,0,0,2,2.5,-0.88,244.06,0.085187502,0.120125,0.86812502
87781,2,0,0,2,2.1300001,-0.94,243.69,-0.1301875,0.1068125,0.96499997
87853,2,0,0,2,1.5599999,-1,242.81,-0.038937502,0.000375,0.85562497
87877,2,0,0,2,1.38,-1,242.56,-0.165875,-0.055624999,0.93437499
87922,2,0,0,2,1.0599999,-1.0599999,241.81,0.0168125,-0.032937501,0.903
87993,2,0,0,2,0.69,-1.0599999,240.81,-0.090999998,-0.086812504,0.978625
88038,2,0,0,2,0.56,-1.13,240.38,-0.1185,0.049249999,0.95537502
88062,2,0,0,2,0.5,-1.13,240.13,-0.21475001,-0.0480625,1.0145
88133,2,0,0,2,0.5,-1.13,239.81,-0.095312499,0.048812501,0.89537501
88177,2,0,0,2,0.5,-1.13,239.56,-0.047499999,0.055062499,0.99018753
88202,2,0,0,2,0.56,-1.13,239.44,0.0062500001,0.040687501,0.90175003
88273,2,0,0,2,0.63,-1.13,239.13,-0.0529375,-0.060375001,0.93800002
88317,2,0,0,2,0.69,-1.1900001,238.94,-0.05675,-0.09375,0.86031252
88342,2,0,0,2,0.81,-1.13,238.81,-0.20900001,-0.006875,1.007125
88433,2,0,0,2,1.25,-1.13,238.94,-0.1656875,0.022624999,0.96268749
88458,2,0,0,2,1.38,-1.13,239,-0.20631251,0.059937499,0.99618751
88482,2,0,0,2,1.5,-1.13,239.06,-0.147625,0.0096875001,0.85812497
88553,2,0,0,2,1.9400001,-1.13,239.5,-0.0841875,-0.023812501,0.99237502
88598,2,0,0,2,2.3099999,-1.0599999,240.06,-0.028375,-0.026000001,0.8836875
88622,2,0,0,2,2.5,-1.0599999,240.31,0.033875,0.0090624997,0.88131249
88713,2,0,0,2,3.1300001,-0.94,241.63,-0.060312498,-0.063874997,0.94806248
88738,2,0,0,2,3.25,-0.94,241.94,-0.170625,0.066437498,0.97125
88782,2,0,0,2,3.5,-0.88,242.56,-0.076624997,0.085124999,0.99687499
88854,2,0,0,2,3.6900001,-0.81,243.19,-0.1490625,0.115,1.0070626
88878,2,0,0,2,3.6900001,-0.75,243.31,0.083187498,-0.078874998,0.83468747
88902,2,0,0,2,3.75,-0.75,243.56,-0.034562498,-0.065375,0.79025
88994,2,0,0,2,3.9400001,-0.69,244.19,0.050500002,-0.110375,0.84318751
89018,2,0,0,2,3.9400001,-0.69,244.25,-0.1095625,0.028375,1.033875
89042,2,0,0,2,4.0599999,-0.63,244.38,-0.086812504,-0.101125,0.93787497
