786215,0,1,3,0,-1.4400001,0.56,299,-0.12375,0.01025,0.93581247
786219,0,1,3,0,-1.4400001,0.56,299,-0.1235625,0.0085624997,0.93681252
786223,0,1,3,0,-1.4400001,0.56,299,-0.1235625,0.0085624997,0.93681252
786234,0,1,3,0,-1.4400001,0.56,299,-0.123375,0.0105,0.93374997
786238,0,1,3,0,-1.4400001,0.56,299,-0.12549999,0.0086874999,0.93831247
786243,0,1,3,0,-1.4400001,0.56,299,-0.12549999,0.0086874999,0.93831247
786324,0,1,3,0,-1.4400001,0.56,299,-0.12800001,0.0109375,0.94
786328,0,1,3,0,-1.4400001,0.56,299,-0.1201875,0.0124375,0.93099999
786332,0,1,3,0,-1.4400001,0.56,299,-0.1201875,0.0124375,0.93099999
786344,0,1,3,0,-1.4400001,0.56,299,-0.1240625,0.0089999996,0.93637502
786348,0,1,3,0,-1.4400001,0.56,299,-0.1240625,0.010625,0.93312502
786352,0,1,3,0,-1.4400001,0.56,299,-0.1258125,0.010625,0.93312502
786379,0,1,3,0,-1.4400001,0.56,299,-0.123,0.0118125,0.93206251
786383,0,1,3,0,-1.4400001,0.56,299,-0.123,0.0118125,0.93206251
786387,0,1,3,0,-1.4400001,0.56,299,-0.123,0.0118125,0.93206251
786399,0,1,3,0,-1.4400001,0.56,299,-0.1224375,0.0083750002,0.9379375
786403,0,1,3,0,-1.4400001,0.56,299,-0.12425,0.0083750002,0.9379375
786407,0,1,3,0,-1.4400001,0.56,299,-0.12425,0.0083750002,0.9379375
786425,0,1,3,0,-1.4400001,0.56,299,-0.12575001,0.0103125,0.9404375
786429,0,1,3,0,-1.4400001,0.56,299,-0.12575001,0.0110625,0.93781251
786433,0,1,3,0,-1.4400001,0.56,299,-0.124125,0.0110625,0.93781251
786528,0,1,3,0,-1.4400001,0.56,299,-0.1245625,0.0124375,0.93812501
786532,0,1,3,0,-1.4400001,0.56,299,-0.1239375,0.011,0.94006252
786536,0,1,3,0,-1.4400001,0.56,299,-0.1239375,0.011,0.94006252
786548,0,1,3,0,-1.4400001,0.56,299,-0.1245625,0.0099999998,0.93524998
786552,0,1,3,0,-1.4400001,0.56,299,-0.1246875,0.0106875,0.93612498
786556,0,1,3,0,-1.4400001,0.56,299,-0.1246875,0.0106875,0.93612498
786568,0,1,3,0,-1.4400001,0.56,299,-0.1208125,0.0114375,0.9370625
786572,0,1,3,0,-1.4400001,0.56,299,-0.1240625,0.00875,0.93831247
786576,0,1,3,0,-1.4400001,0.56,299,-0.1240625,0.00875,0.93831247
786587,0,1,3,0,-1.4400001,0.56,299,-0.124,0.012125,0.93481249
786591,0,1,3,0,-1.4400001,0.56,299,-0.124375,0.0109375,0.93718749
786595,0,1,3,0,-1.4400001,0.56,299,-0.124375,0.0109375,0.93718749
786611,0,1,3,0,-1.4400001,0.56,299,-0.1233125,0.0096249999,0.93443751
786615,0,1,3,0,-1.4400001,0.56,299,-0.12,0.0096249999,0.93443751
786619,0,1,3,0,-1.4400001,0.56,299,-0.12,0.0096249999,0.93443751
786635,0,1,3,0,-1.4400001,0.56,299,-0.12593751,0.0105,0.94181252
786639,0,1,3,0,-1.4400001,0.56,299,-0.12593751,0.0105,0.94181252
786643,0,1,3,0,-1.4400001,0.56,299,-0.1215,0.012625,0.93368751
786667,0,1,3,0,-1.4400001,0.56,299,-0.12693749,0.0103125,0.9370625
786671,0,1,3,0,-1.4400001,0.56,299,-0.12693749,0.0103125,0.93731248
786675,0,1,3,0,-1.4400001,0.56,299,-0.12575001,0.0115,0.93731248
786782,0,1,3,0,-1.4400001,0.56,299,-0.121375,0.0080624996,0.93531251
786786,0,1,3,0,-1.4400001,0.56,299,-0.123125,0.0118125,0.93606251
786790,0,1,3,0,-1.4400001,0.56,299,-0.123125,0.0118125,0.93606251
786802,0,1,3,0,-1.4400001,0.56,299,-0.123125,0.0111875,0.935875
786806,0,1,3,0,-1.4400001,0.56,299,-0.123875,0.0089999996,0.93843752
786810,0,1,3,0,-1.4400001,0.56,299,-0.123875,0.0089999996,0.93843752
786821,0,1,3,0,-1.4400001,0.56,299,-0.1239375,0.0101875,0.93550003
786825,0,1,3,0,-1.4400001,0.56,299,-0.124875,0.010625,0.93400002
786829,0,1,3,0,-1.4400001,0.56,299,-0.124875,0.010625,0.93400002
786840,0,1,3,0,-1.4400001,0.56,299,-0.1224375,0.010875,0.93418747
786844,0,1,3,0,-1.4400001,0.56,299,-0.1248125,0.0095624998,0.93924999
786849,0,1,3,0,-1.4400001,0.56,299,-0.1248125,0.0095624998,0.93924999
786860,0,1,3,0,-1.4400001,0.56,299,-0.1231875,0.011,0.93756253
786864,0,1,3,0,-1.4400001,0.56,299,-0.1251875,0.0106875,0.93768752
786868,0,1,3,0,-1.4400001,0.56,299,-0.1251875,0.0106875,0.93768752
786880,0,1,3,0,-1.4400001,0.56,299,-0.12575001,0.0111875,0.94168752
786884,0,1,3,0,-1.4400001,0.56,299,-0.12575001,0.0093750004,0.93356252
786888,0,1,3,0,-1.4400001,0.56,299,-0.1225,0.0093750004,0.93356252
786928,0,1,3,0,-1.4400001,0.56,299,-0.124625,0.013,0.93274999
786932,0,1,3,0,-1.4400001,0.56,299,-0.124625,0.013,0.93274999
786937,0,1,3,0,-1.4400001,0.56,299,-0.124,0.0098750005,0.93787497
787015,0,1,3,0,-1.4400001,0.56,299,-0.1248125,0.0105,0.93400002
787019,0,1,3,0,-1.4400001,0.56,299,-0.12325,0.0098750005,0.93400002
787023,0,1,3,0,-1.4400001,0.56,299,-0.12325,0.0098750005,0.93400002
787042,0,1,3,0,-1.4400001,0.56,299,-0.1229375,0.0101875,0.9346875
787046,0,1,3,0,-1.4400001,0.56,299,-0.1229375,0.0104375,0.938375
787050,0,1,3,0,-1.4400001,0.56,299,-0.1234375,0.0104375,0.938375
787061,0,1,3,0,-1.4400001,0.56,299,-0.12549999,0.010875,0.92962497
787065,0,1,3,0,-1.4400001,0.56,299,-0.12549999,0.010875,0.93774998
787070,0,1,3,0,-1.4400001,0.56,299,-0.1241875,0.0089999996,0.93774998
787081,0,1,3,0,-1.4400001,0.56,299,-0.1198125,0.0133125,0.93143749
787085,0,1,3,0,-1.4400001,0.56,299,-0.1198125,0.0133125,0.93143749
787089,0,1,3,0,-1.4400001,0.56,299,-0.1249375,0.0113125,0.93331248
787101,0,1,3,0,-1.4400001,0.56,299,-0.1234375,0.0100625,0.93781251
787105,0,1,3,0,-1.4400001,0.56,299,-0.1234375,0.0100625,0.93781251
787129,0,1,3,0,-1.4400001,0.56,299,-0.1225,0.0120625,0.92712498
787140,0,1,3,0,-1.4400001,0.56,299,-0.1245,0.01075,0.93575001
787144,0,1,3,0,-1.4400001,0.56,299,-0.1245,0.01075,0.93575001
787148,0,1,3,0,-1.4400001,0.56,299,-0.122875,0.010875,0.93550003
787195,0,1,3,0,-1.4400001,0.56,299,-0.12325,0.0094374996,0.93325001
787199,0,1,3,0,-1.4400001,0.56,299,-0.12693749,0.0096249999,0.93756253
787203,0,1,3,0,-1.4400001,0.56,299,-0.12693749,0.0096249999,0.93756253
787253,0,1,3,0,-1.4400001,0.56,299,-0.1243125,0.0079375003,0.93968749
787257,0,1,3,0,-1.4400001,0.56,299,-0.1243125,0.0079375003,0.93968749
787261,0,1,3,0,-1.4400001,0.56,299,-0.1205,0.0093125002,0.94
787285,0,1,3,0,-1.4400001,0.56,299,-0.12525,0.0116875,0.93318748
787289,0,1,3,0,-1.4400001,0.56,299,-0.1235,0.010625,0.94
787293,0,1,3,0,-1.4400001,0.56,299,-0.1235,0.010625,0.94
787305,0,1,3,0,-1.4400001,0.56,299,-0.12025,0.0124375,0.93243748
787309,0,1,3,0,-1.4400001,0.56,299,-0.12025,0.010125,0.93618751
787333,0,1,3,0,-1.4400001,0.56,299,-0.1229375,0.0079375003,0.94306248
787344,0,1,3,0,-1.4400001,0.56,299,-0.1254375,0.0095624998,0.94093752
787348,0,1,3,0,-1.4400001,0.56,299,-0.1254375,0.0095624998,0.92925
787352,0,1,3,0,-1.4400001,0.56,299,-0.1173125,0.0141875,0.92925
787379,0,1,3,0,-1.4400001,0.56,299,-0.1258125,0.0084375003,0.91750002
787383,0,1,3,0,-1.4400001,0.56,299,-0.113875,0.0179375,0.91750002
787387,0,1,3,0,-1.4400001,0.56,299,-0.113875,0.0179375,0.91750002
787398,0,1,3,0,-1.4400001,0.56,299,-0.11925,0.013625,0.93193752
787403,0,1,3,0,-1.4400001,0.56,299,-0.1273125,0.0091875,0.93518752
787407,0,1,3,0,-1.4400001,0.56,299,-0.1273125,0.0091875,0.93518752
787454,0,1,3,0,-1.4400001,0.56,299,-0.119875,0.0125,0.93181252
787458,0,1,3,0,-1.4400001,0.56,299,-0.119875,0.0125,0.93181252
787462,0,1,3,0,-1.4400001,0.56,299,-0.1205,0.010875,0.92837501
787493,0,1,3,0,-1.4400001,0.56,299,-0.1251875,0.0085000005,0.9370625
787498,0,1,3,0,-1.4400001,0.56,299,-0.1251875,0.0085000005,0.9370625
787502,0,1,3,0,-1.4400001,0.56,299,-0.1258125,0.0083750002,0.93487501
787558,0,1,3,0,-1.4400001,0.56,299,-0.12425,0.011375,0.93481249
787562,0,1,3,0,-1.4400001,0.56,299,-0.12425,0.0124375,0.93206251
787566,0,1,3,0,-1.4400001,0.56,299,-0.1215,0.0124375,0.93206251
787577,0,1,3,0,-1.4400001,0.56,299,-0.1180625,0.012625,0.9230625
787581,0,1,3,0,-1.4400001,0.56,299,-0.1180625,0.0070000002,0.93637502
787586,0,1,3,0,-1.4400001,0.56,299,-0.1254375,0.0070000002,0.93637502
787597,0,1,3,0,-1.4400001,0.56,299,-0.1229375,0.012125,0.92987502
787601,0,1,3,0,-1.4400001,0.56,299,-0.1229375,0.012125,0.92987502
787605,0,1,3,0,-1.4400001,0.56,299,-0.1261875,0.0094374996,0.93781251
787619,0,1,3,0,-1.4400001,0.56,299,-0.1228125,0.011625,0.936625
787623,0,1,3,0,-1.4400001,0.56,299,-0.12818751,0.0086874999,0.94056249
787627,0,1,3,0,-1.4400001,0.56,299,-0.12818751,0.0086874999,0.94056249
787639,0,1,3,0,-1.4400001,0.56,299,-0.1284375,0.0089375004,0.94381249
787643,0,1,3,0,-1.4400001,0.56,299,-0.1174375,0.0139375,0.9246875
787647,0,1,3,0,-1.4400001,0.56,299,-0.1174375,0.0139375,0.9246875
787696,0,1,3,0,-1.4400001,0.56,299,-0.124625,0.0136875,0.93312502
787700,0,1,3,0,-1.4400001,0.56,299,-0.124625,0.0136875,0.93312502
787704,0,1,3,0,-1.4400001,0.56,299,-0.1245625,0.014125,0.9386875
787777,0,1,3,0,-1.5599999,0.5,299,-0.1246875,0.016625,0.93774998
787781,0,1,3,0,-1.5599999,0.5,299,-0.1246875,0.016625,0.93774998
787786,0,1,3,0,-1.5599999,0.5,299,-0.1338125,0.021937501,0.92543751
787804,0,1,3,0,-1.5599999,0.5,299,-0.1336875,0.02925,0.95112503
787808,0,1,3,0,-1.5599999,0.5,299,-0.1375,0.01325,0.95112503
787812,0,1,3,0,-1.5599999,0.5,299,-0.1375,0.01325,0.95112503
787824,0,1,3,0,-1.5599999,0.5,299,-0.133,0.0160625,0.93043751
787828,0,1,3,0,-1.5599999,0.5,299,-0.1275,0.015875001,0.94643748
787832,0,1,3,0,-1.5599999,0.5,299,-0.1275,0.015875001,0.94643748
787843,0,1,3,0,-1.5599999,0.5,299,-0.13175,0.017375,0.9503125
787847,0,1,3,0,-1.5599999,0.5,299,-0.13493749,0.0140625,0.96781248
787851,0,1,3,0,-1.5599999,0.5,299,-0.13493749,0.0140625,0.96781248
787862,0,1,3,0,-1.5599999,0.5,299,-0.13150001,0.0199375,0.94887501
787867,0,1,3,0,-1.5599999,0.5,299,-0.1303125,0.023499999,0.94174999
787871,0,1,3,0,-1.5599999,0.5,299,-0.1303125,0.023499999,0.94174999
787882,0,1,3,0,-1.5599999,0.5,299,-0.13025001,0.024499999,0.94831252
787886,0,1,3,0,-1.5599999,0.5,299,-0.12800001,0.03025,0.94518751
787890,0,1,3,0,-1.5599999,0.5,299,-0.12800001,0.03025,0.94518751
787955,0,1,3,0,-2.5599999,0.25,299,-0.14587501,0.095437497,0.9325
787959,0,1,3,0,-2.5599999,0.25,299,-0.1400625,0.1028125,0.9325
787964,0,1,3,0,-2.5599999,0.25,299,-0.1400625,0.1028125,0.9325
788015,0,1,3,0,-2.5599999,0.25,299,-0.1461875,0.1045625,0.94362497
788020,0,1,3,0,-2.5599999,0.25,299,-0.14650001,0.1121875,0.93968749
788024,0,1,3,0,-2.5599999,0.25,299,-0.14650001,0.1121875,0.93968749
788046,0,1,3,0,-2.5599999,0.25,299,-0.12612499,0.1089375,0.936625
788050,0,1,3,0,-2.5599999,0.25,299,-0.134625,0.13068751,0.93075001
788054,0,1,3,0,-2.5599999,0.25,299,-0.134625,0.13068751,0.93075001
788065,0,1,3,0,-2.5599999,0.25,299,-0.1244375,0.12712499,0.92406249
788069,0,1,3,0,-2.5599999,0.25,299,-0.1105,0.130125,0.90718752
788074,0,1,3,0,-2.5599999,0.25,299,-0.1105,0.130125,0.90718752
788085,0,1,3,0,-2.5599999,0.25,299,-0.1174375,0.1375625,0.92931253
788089,0,1,3,0,-2.5599999,0.25,299,-0.1108125,0.1468125,0.92093748
788093,0,1,3,0,-2.5599999,0.25,299,-0.1108125,0.1468125,0.92093748
788119,0,1,3,0,-2.5599999,0.25,299,-0.114,0.16068751,0.90875
788144,0,1,3,0,-10.13,0.31,297,-0.1016875,0.177625,0.91231251
788148,0,1,3,0,-10.13,0.31,297,-0.1016875,0.18243749,0.91074997
788160,0,1,3,0,-10.13,0.31,297,-0.1305,0.19931249,0.921
788164,0,1,3,0,-10.13,0.31,297,-0.1305,0.19931249,0.921
788168,0,1,3,0,-10.13,0.31,297,-0.1305,0.19931249,0.92387497
788186,0,1,3,0,-10.13,0.31,297,-0.1308125,0.21275,0.92293751
788190,0,1,3,0,-10.13,0.31,297,-0.1309375,0.217375,0.91931248
788194,0,1,3,0,-10.13,0.31,297,-0.1309375,0.217375,0.91931248
788255,0,1,3,0,-10.13,0.31,297,-0.131,0.25418749,0.90687501
788259,0,1,3,0,-10.13,0.31,297,-0.131,0.2485625,0.89999998
788263,0,1,3,0,-10.13,0.31,297,-0.1250625,0.26456249,0.89999998
788276,0,1,3,0,-10.13,0.31,297,-0.1254375,0.270125,0.89875001
788280,0,1,3,0,-10.13,0.31,297,-0.12712499,0.27481249,0.90631253
788284,0,1,3,0,-10.13,0.31,297,-0.12712499,0.27481249,0.90631253
788309,0,1,3,0,-10.13,0.31,297,-0.12568749,0.28793749,0.90156251
788313,0,1,3,0,-10.13,0.31,297,-0.13293751,0.29243749,0.91756248
788317,0,1,3,0,-10.13,0.31,297,-0.13293751,0.29243749,0.91756248
788349,0,1,3,0,-17.440001,0.25,296.63,-0.131625,0.31299999,0.90931249
788353,0,1,3,0,-17.440001,0.25,296.63,-0.1236875,0.329375,0.87731248
788358,0,1,3,0,-17.440001,0.25,296.63,-0.1236875,0.329375,0.87731248
788369,0,1,3,0,-17.440001,0.25,296.63,-0.1268125,0.33868751,0.87418753
788373,0,1,3,0,-17.440001,0.25,296.63,-0.12899999,0.34549999,0.87306249
788377,0,1,3,0,-17.440001,0.25,296.63,-0.12899999,0.34549999,0.87306249
788403,0,1,3,0,-17.440001,0.25,296.63,-0.1261875,0.36956251,0.86237502
788407,0,1,3,0,-17.440001,0.25,296.63,-0.1261875,0.36956251,0.86237502
788411,0,1,3,0,-17.440001,0.25,296.63,-0.1261875,0.37825,0.86274999
788427,0,1,3,0,-17.440001,0.25,296.63,-0.126375,0.38831249,0.86374998
788431,0,1,3,0,-17.440001,0.25,296.63,-0.126375,0.388625,0.86781251
788435,0,1,3,0,-17.440001,0.25,296.63,-0.13043749,0.388625,0.86781251
788510,0,1,3,0,-17.440001,0.25,296.63,-0.1203125,0.418125,0.83568752
788514,0,1,3,0,-17.440001,0.25,296.63,-0.124625,0.41018751,0.8269375
788518,0,1,3,0,-17.440001,0.25,296.63,-0.124625,0.41018751,0.8269375
788550,0,1,3,0,-26.690001,0.25,296.69,-0.095749997,0.510625,0.80000001
788554,0,1,3,0,-26.690001,0.25,296.69,-0.12593751,0.477,0.81024998
788558,0,1,3,0,-26.690001,0.25,296.69,-0.12593751,0.477,0.81024998
788570,0,1,3,0,-26.690001,0.25,296.69,-0.13312501,0.48387501,0.8104375
788574,0,1,3,0,-26.690001,0.25,296.69,-0.1265,0.4921875,0.80093747
788578,0,1,3,0,-26.690001,0.25,296.69,-0.1265,0.4921875,0.80093747
788589,0,1,3,0,-26.690001,0.25,296.69,-0.12825,0.49562499,0.80812502
788593,0,1,3,0,-26.690001,0.25,296.69,-0.1284375,0.5011875,0.80643749
788597,0,1,3,0,-26.690001,0.25,296.69,-0.1284375,0.5011875,0.80643749
788609,0,1,3,0,-26.690001,0.25,296.69,-0.1273125,0.50512499,0.80943751
788613,0,1,3,0,-26.690001,0.25,296.69,-0.1273125,0.51187497,0.80243748
788617,0,1,3,0,-26.690001,0.25,296.69,-0.126625,0.51187497,0.80243748
788679,0,1,3,0,-26.690001,0.25,296.69,-0.11325,0.55400002,0.76993752
788684,0,1,3,0,-26.690001,0.25,296.69,-0.11325,0.55400002,0.79387498
788688,0,1,3,0,-26.690001,0.25,296.69,-0.13843749,0.53556252,0.79387498
788719,0,1,3,0,-26.690001,0.25,296.69,-0.12837499,0.56349999,0.78100002
788723,0,1,3,0,-26.690001,0.25,296.69,-0.12837499,0.56349999,0.78100002
788728,0,1,3,0,-26.690001,0.25,296.69,-0.1208125,0.57087499,0.76093751
788779,0,1,3,0,-34.439999,0.19,296.63,-0.1246875,0.597,0.74531251
788783,0,1,3,0,-34.439999,0.19,296.63,-0.1246875,0.597,0.74531251
788787,0,1,3,0,-34.439999,0.19,296.63,-0.126625,0.60425001,0.74725002
788799,0,1,3,0,-34.439999,0.19,296.63,-0.125875,0.61087501,0.74387503
788803,0,1,3,0,-34.439999,0.19,296.63,-0.125875,0.61087501,0.74387503
788807,0,1,3,0,-34.439999,0.19,296.63,-0.1246875,0.6155625,0.72974998
788818,0,1,3,0,-34.439999,0.19,296.63,-0.1268125,0.620125,0.72318751
788822,0,1,3,0,-34.439999,0.19,296.63,-0.1268125,0.620125,0.72318751
788826,0,1,3,0,-34.439999,0.19,296.63,-0.1244375,0.62725002,0.71737498
788839,0,1,3,0,-34.439999,0.19,296.63,-0.1303125,0.6303125,0.71793753
788843,0,1,3,0,-34.439999,0.19,296.63,-0.1303125,0.6303125,0.71793753
788847,0,1,3,0,-34.439999,0.19,296.63,-0.13575,0.64137501,0.72593749
788920,0,1,3,0,-34.439999,0.19,296.63,-0.1264375,0.65468752,0.69681251
788924,0,1,3,0,-34.439999,0.19,296.63,-0.1264375,0.65468752,0.69681251
788928,0,1,3,0,-34.439999,0.19,296.63,-0.118625,0.65625,0.69287503
788960,0,1,3,0,-41.310001,0.13,296.31,-0.13006251,0.680875,0.68106252
788964,0,1,3,0,-41.310001,0.13,296.31,-0.13006251,0.680875,0.68106252
788968,0,1,3,0,-41.310001,0.13,296.31,-0.12475,0.68049997,0.67906249
788980,0,1,3,0,-41.310001,0.13,296.31,-0.122,0.68331248,0.67712498
788984,0,1,3,0,-41.310001,0.13,296.31,-0.122,0.68331248,0.67712498
788988,0,1,3,0,-41.310001,0.13,296.31,-0.1219375,0.68556249,0.67400002
789025,0,1,3,0,-41.310001,0.13,296.31,-0.125,0.69400001,0.66881251
789029,0,1,3,0,-41.310001,0.13,296.31,-0.125,0.69424999,0.66374999
789033,0,1,3,0,-41.310001,0.13,296.31,-0.125,0.69424999,0.66374999
789044,0,1,3,0,-41.310001,0.13,296.31,-0.13212501,0.69243753,0.68400002
789048,0,1,3,0,-41.310001,0.13,296.31,-0.13212501,0.69893748,0.66068751
789053,0,1,3,0,-41.310001,0.13,296.31,-0.1255625,0.69893748,0.66068751
789064,0,1,3,0,-41.310001,0.13,296.31,-0.122375,0.70437503,0.65281248
789068,0,1,3,0,-41.310001,0.13,296.31,-0.122375,0.71868747,0.66168749
789072,0,1,3,0,-41.310001,0.13,296.31,-0.1266875,0.7026875,0.66168749
789083,0,1,3,0,-41.310001,0.13,296.31,-0.1201875,0.70599997,0.65106249
789088,0,1,3,0,-41.310001,0.13,296.31,-0.1201875,0.70599997,0.65106249
789092,0,1,3,0,-41.310001,0.13,296.31,-0.1214375,0.70574999,0.65206248
789185,1,1,3,0,-44.880001,0.059999999,296.19,-0.125875,0.70275003,0.66737503
789189,1,1,3,0,-44.880001,0.059999999,296.19,-0.125875,0.70275003,0.66706252
789193,1,1,3,0,-44.880001,0.059999999,296.19,-0.12325,0.70418751,0.66706252
789204,1,1,3,0,-44.880001,0.059999999,296.19,-0.1225,0.70300001,0.66618752
789208,1,1,3,0,-44.880001,0.059999999,296.19,-0.1225,0.70300001,0.66618752
789212,1,1,3,0,-44.880001,0.059999999,296.19,-0.124625,0.70118749,0.669375
789224,1,1,3,0,-44.880001,0.059999999,296.19,-0.115625,0.70731252,0.66212499
789228,1,1,3,0,-44.880001,0.059999999,296.19,-0.115625,0.70731252,0.66212499
789232,1,1,3,0,-44.880001,0.059999999,296.19,-0.12512501,0.70381248,0.65750003
789266,1,1,3,0,-44.880001,0.059999999,296.19,-0.1241875,0.69718748,0.66487497
789270,1,1,3,0,-44.880001,0.059999999,296.19,-0.1241875,0.69718748,0.66737503
789274,1,1,3,0,-44.880001,0.059999999,296.19,-0.12818751,0.69381249,0.683375
789285,1,1,3,0,-44.880001,0.059999999,296.19,-0.1240625,0.69743752,0.67062497
789289,1,1,3,0,-44.880001,0.059999999,296.19,-0.1240625,0.69743752,0.67062497
789293,1,1,3,0,-44.880001,0.059999999,296.19,-0.1194375,0.69993752,0.65881252
789305,1,1,3,0,-44.880001,0.059999999,296.19,-0.12718751,0.69793749,0.66968751
789309,1,1,3,0,-44.880001,0.059999999,296.19,-0.12718751,0.69793749,0.66968751
789313,1,1,3,0,-44.880001,0.059999999,296.19,-0.1208125,0.70025003,0.65862501
789325,1,1,3,0,-44.880001,0.059999999,296.19,-0.1245625,0.69731247,0.66387498
789329,1,1,3,0,-44.880001,0.059999999,296.19,-0.1245625,0.69731247,0.66387498
789333,1,1,3,0,-44.880001,0.059999999,296.19,-0.13043749,0.692375,0.68049997
789453,2,1,3,0,-44,0.059999999,296.31,-0.125875,0.66643751,0.69837499
789457,2,1,3,0,-44,0.059999999,296.31,-0.125875,0.66643751,0.69837499
789462,2,1,3,0,-44,0.059999999,296.31,-0.125875,0.66643751,0.69837499
789473,2,1,3,0,-44,0.059999999,296.31,-0.1239375,0.67087501,0.69643748
789477,2,1,3,0,-44,0.059999999,296.31,-0.126625,0.67087501,0.69643748
789481,2,1,3,0,-44,0.059999999,296.31,-0.126625,0.67087501,0.69643748
789493,2,1,3,0,-44,0.059999999,296.31,-0.1414375,0.68774998,0.69300002
789497,2,1,3,0,-44,0.059999999,296.31,-0.14675,0.66762501,0.69300002
789501,2,1,3,0,-44,0.059999999,296.31,-0.14675,0.66762501,0.69300002
789512,2,1,3,0,-44,0.059999999,296.31,-0.136875,0.68493748,0.69337499
789516,2,1,3,0,-44,0.059999999,296.31,-0.149875,0.62806249,0.70937502
789520,2,1,3,0,-44,0.059999999,296.31,-0.149875,0.62806249,0.70937502
789531,2,1,3,0,-44,0.059999999,296.31,-0.1005,0.62287498,0.71518749
789535,2,1,3,0,-44,0.059999999,296.31,-0.102,0.6443125,0.71737498
789540,2,1,3,0,-44,0.059999999,296.31,-0.102,0.6443125,0.71737498
789580,2,1,3,0,-40.75,0,296.5,-0.12575001,0.6261875,0.71968752
789584,2,1,3,0,-40.75,0,296.5,-0.12575001,0.63806248,0.71893752
789588,2,1,3,0,-40.75,0,296.5,-0.12818751,0.63806248,0.71893752
789619,2,1,3,0,-40.75,0,296.5,-0.104875,0.55624998,0.75475001
789623,2,1,3,0,-40.75,0,296.5,-0.104875,0.55624998,0.75475001
789627,2,1,3,0,-40.75,0,296.5,-0.1195,0.57950002,0.76243752
789696,2,1,3,0,-40.75,0,296.5,-0.1198125,0.55374998,0.779625
789700,2,1,3,0,-40.75,0,296.5,-0.1198125,0.55374998,0.779625
789704,2,1,3,0,-40.75,0,296.5,-0.1198125,0.55374998,0.779625
789719,2,1,3,0,-40.75,0,296.5,-0.1283125,0.532125,0.78937501
789723,2,1,3,0,-40.75,0,296.5,-0.1283125,0.532125,0.78937501
789727,2,1,3,0,-40.75,0,296.5,-0.12737501,0.52106249,0.79925001
789739,2,1,3,0,-40.75,0,296.5,-0.1185,0.510625,0.8014375
789743,2,1,3,0,-40.75,0,296.5,-0.1185,0.510625,0.8014375
789747,2,1,3,0,-40.75,0,296.5,-0.12962499,0.50912499,0.805875
789779,3,1,3,0,-32.380001,0,296.75,-0.1275,0.48243749,0.808375
789783,3,1,3,0,-32.380001,0,296.75,-0.1275,0.48243749,0.808375
789787,3,1,3,0,-32.380001,0,296.75,-0.127875,0.47375,0.82743752
789798,3,1,3,0,-32.380001,0,296.75,-0.13331249,0.46425,0.84143752
789802,3,1,3,0,-32.380001,0,296.75,-0.13331249,0.46425,0.84143752
789806,3,1,3,0,-32.380001,0,296.75,-0.13331249,0.46393749,0.82656252
789818,3,1,3,0,-32.380001,0,296.75,-0.1226875,0.45618749,0.82712501
789822,3,1,3,0,-32.380001,0,296.75,-0.1226875,0.45618749,0.82712501
789826,3,1,3,0,-32.380001,0,296.75,-0.1226875,0.45618749,0.84399998
789876,3,1,3,0,-32.380001,0,296.75,-0.1278125,0.4115625,0.85393751
789880,3,1,3,0,-32.380001,0,296.75,-0.1248125,0.40306249,0.85987502
789884,3,1,3,0,-32.380001,0,296.75,-0.1248125,0.40306249,0.85987502
789930,3,1,3,0,-32.380001,0,296.75,-0.1275,0.3655,0.87331247
789934,3,1,3,0,-32.380001,0,296.75,-0.1275,0.3655,0.87331247
789938,3,1,3,0,-32.380001,0,296.75,-0.1275,0.36050001,0.86956251
789983,3,1,3,0,-22.440001,0,296.75,-0.128125,0.33043751,0.88749999
789987,3,1,3,0,-22.440001,0,296.75,-0.128125,0.33043751,0.88749999
789991,3,1,3,0,-22.440001,0,296.75,-0.1289375,0.32181251,0.89125001
790003,3,1,3,0,-22.440001,0,296.75,-0.12875,0.31356251,0.893125
790007,3,1,3,0,-22.440001,0,296.75,-0.12875,0.31356251,0.893125
790011,3,1,3,0,-22.440001,0,296.75,-0.1274375,0.30974999,0.88762498
790022,3,1,3,0,-22.440001,0,296.75,-0.1260625,0.3035,0.89631248
790026,3,1,3,0,-22.440001,0,296.75,-0.1260625,0.3035,0.89631248
790031,3,1,3,0,-22.440001,0,296.75,-0.1239375,0.29912499,0.89212501
790042,3,1,3,0,-22.440001,0,296.75,-0.12625,0.29368749,0.88868749
790046,3,1,3,0,-22.440001,0,296.75,-0.12625,0.29368749,0.88868749
790050,3,1,3,0,-22.440001,0,296.75,-0.1260625,0.28256249,0.90125
790062,3,1,3,0,-22.440001,0,296.75,-0.12943751,0.27806249,0.90037501
790066,3,1,3,0,-22.440001,0,296.75,-0.12943751,0.27806249,0.90037501
790070,3,1,3,0,-22.440001,0,296.75,-0.12943751,0.27225,0.8955
790123,3,1,3,0,-22.440001,0,296.75,-0.12718751,0.242625,0.90643752
790127,3,1,3,0,-22.440001,0,296.75,-0.12718751,0.242625,0.90643752
790131,3,1,3,0,-22.440001,0,296.75,-0.12862501,0.23593751,0.91031247
790193,3,1,3,0,-14.31,0,296.75,-0.11825,0.192375,0.91468751
790197,3,1,3,0,-14.31,0,296.75,-0.11825,0.192375,0.91468751
790201,3,1,3,0,-14.31,0,296.75,-0.1163125,0.1794375,0.913625
790239,3,1,3,0,-14.31,0,296.75,-0.12593751,0.16949999,0.92250001
790243,3,1,3,0,-14.31,0,296.75,-0.11475,0.1574375,0.91593748
790247,3,1,3,0,-14.31,0,296.75,-0.11475,0.1574375,0.91593748
790259,3,1,3,0,-14.31,0,296.75,-0.1525625,0.18775,0.9321875
790263,3,1,3,0,-14.31,0,296.75,-0.157125,0.18618751,0.92987502
790267,3,1,3,0,-14.31,0,296.75,-0.157125,0.18618751,0.92987502
790278,3,1,3,0,-14.31,0,296.75,-0.13,0.1548125,0.91812497
790282,3,1,3,0,-14.31,0,296.75,-0.13025001,0.13806251,0.93825001
790287,3,1,3,0,-14.31,0,296.75,-0.13025001,0.13806251,0.93825001
790298,3,1,3,0,-14.31,0,296.75,-0.13006251,0.138625,0.93962502
790302,3,1,3,0,-14.31,0,296.75,-0.13006251,0.14375,0.93768752
790306,3,1,3,0,-14.31,0,296.75,-0.12725,0.12774999,0.93768752
790317,3,1,3,0,-14.31,0,296.75,-0.125875,0.1126875,0.95037502
790321,3,1,3,0,-14.31,0,296.75,-0.125875,0.1126875,0.95275003
790326,3,1,3,0,-14.31,0,296.75,-0.1144375,0.1020625,0.93674999
790392,3,1,3,0,-7.5599999,0,297.31,-0.122125,0.098750003,0.93537498
790396,3,1,3,0,-7.5599999,0,297.31,-0.128125,0.085562497,0.93537498
790401,3,1,3,0,-7.5599999,0,297.31,-0.128125,0.085562497,0.93537498
790444,3,1,3,0,-7.5599999,0,297.31,-0.13518751,0.055187501,0.9420625
790448,3,1,3,0,-7.5599999,0,297.31,-0.12575001,0.055187501,0.9420625
790452,3,1,3,0,-7.5599999,0,297.31,-0.12575001,0.055187501,0.9420625
790476,3,1,3,0,-7.5599999,0,297.31,-0.13743749,0.064374998,0.94806248
790480,3,1,3,0,-7.5599999,0,297.31,-0.13743749,0.064374998,0.94806248
790484,3,1,3,0,-7.5599999,0,297.31,-0.13743749,0.077749997,0.93068749
790495,3,1,3,0,-7.5599999,0,297.31,-0.12756249,0.057250001,0.93112499
790499,3,1,3,0,-7.5599999,0,297.31,-0.12756249,0.057250001,0.93112499
790504,3,1,3,0,-7.5599999,0,297.31,-0.12756249,0.057250001,0.9325
790518,3,1,3,0,-7.5599999,0,297.31,-0.119,0.036562499,0.92162502
790522,3,1,3,0,-7.5599999,0,297.31,-0.119,0.036562499,0.92162502
790526,3,1,3,0,-7.5599999,0,297.31,-0.10525,0.018375,0.91887498
790539,3,1,3,0,-7.5599999,0,297.31,-0.11775,0.030437499,0.93193752
790543,3,1,3,0,-7.5599999,0,297.31,-0.11775,0.030437499,0.93193752
790547,3,1,3,0,-7.5599999,0,297.31,-0.14137501,0.055750001,0.94537503
790559,3,1,3,0,-7.5599999,0,297.31,-0.139625,0.061187498,0.94512498
790583,3,1,3,0,-3.5,0,297.81,-0.121125,0.034562498,0.9198125
790587,3,1,3,0,-3.5,0,297.81,-0.1328125,0.030999999,0.92712498
790633,3,1,3,0,-3.5,0,297.81,-0.12925,0.0148125,0.9724375
790637,3,1,3,0,-3.5,0,297.81,-0.13312501,0.01575,0.94381249
790641,3,1,3,0,-3.5,0,297.81,-0.13312501,0.01575,0.94381249
790694,3,1,3,0,-3.5,0,297.81,-0.128875,0.018625,0.938375
790698,3,1,3,0,-3.5,0,297.81,-0.13725001,0.0170625,0.94406247
790702,3,1,3,0,-3.5,0,297.81,-0.13725001,0.0170625,0.94406247
790713,3,1,3,0,-3.5,0,297.81,-0.13987499,0.011625,0.95012498
790718,3,1,3,0,-3.5,0,297.81,-0.129375,0.016437501,0.94400001
790722,3,1,3,0,-3.5,0,297.81,-0.129375,0.016437501,0.94400001
790733,3,1,3,0,-3.5,0,297.81,-0.12918749,0.012,0.94024998
790737,3,1,3,0,-3.5,0,297.81,-0.12918749,0.015125,0.92906249
790741,3,1,3,0,-3.5,0,297.81,-0.125625,0.015125,0.92906249
790756,3,1,3,0,-3.5,0,297.81,-0.13293751,0.0106875,0.95256251
790761,3,1,3,0,-3.5,0,297.81,-0.1276875,0.01225,0.93656248
790785,2,1,3,0,-1.6900001,0.059999999,298.19,-0.129125,0.016437501,0.9354375
790796,2,1,3,0,-1.6900001,0.059999999,298.19,-0.1305,0.0126875,0.94862503
790800,2,1,3,0,-1.6900001,0.059999999,298.19,-0.124875,0.0105,0.93524998
790804,2,1,3,0,-1.6900001,0.059999999,298.19,-0.124875,0.0105,0.93524998
790830,2,1,3,0,-1.6900001,0.059999999,298.19,-0.119625,0.0135625,0.9264375
790834,2,1,3,0,-1.6900001,0.059999999,298.19,-0.119625,0.0135625,0.9264375
790838,2,1,3,0,-1.6900001,0.059999999,298.19,-0.119625,0.012125,0.92650002
790876,2,1,3,0,-1.6900001,0.059999999,298.19,-0.1168125,0.01825,0.95287502
790880,2,1,3,0,-1.6900001,0.059999999,298.19,-0.131,0.0086249998,0.98387498
790884,2,1,3,0,-1.6900001,0.059999999,298.19,-0.131,0.0086249998,0.98387498
790936,2,1,3,0,-1.6900001,0.059999999,298.19,-0.129875,-0.0046875002,0.93637502
790940,2,1,3,0,-1.6900001,0.059999999,298.19,-0.12837499,-0.0084375003,0.92962497
790944,2,1,3,0,-1.6900001,0.059999999,298.19,-0.12837499,-0.0084375003,0.92962497
790955,2,1,3,0,-1.6900001,0.059999999,298.19,-0.142,-0.0049375002,0.95706248
790960,2,1,3,0,-1.6900001,0.059999999,298.19,-0.142,-0.02125,0.94193751
790964,2,1,3,0,-1.6900001,0.059999999,298.19,-0.12918749,-0.02125,0.94193751
791008,2,1,3,0,0.059999999,0.25,298.25,-0.1155,-0.017875001,0.94024998
791012,2,1,3,0,0.059999999,0.25,298.25,-0.1285625,-0.038062502,0.95118749
791016,2,1,3,0,0.059999999,0.25,298.25,-0.1285625,-0.038062502,0.95118749
791027,2,1,3,0,0.059999999,0.25,298.25,-0.1163125,-0.057687499,0.93931252
791032,2,1,3,0,0.059999999,0.25,298.25,-0.14031249,-0.066687502,0.95143747
791036,2,1,3,0,0.059999999,0.25,298.25,-0.14031249,-0.066687502,0.95143747
791047,2,1,3,0,0.059999999,0.25,298.25,-0.15037499,-0.055062499,0.9411875
791051,2,1,3,0,0.059999999,0.25,298.25,-0.1551875,-0.066875003,0.92562503
791055,2,1,3,0,0.059999999,0.25,298.25,-0.1391875,-0.066875003,0.92562503
791067,2,1,3,0,0.059999999,0.25,298.25,-0.1215625,-0.094999999,0.94018751
791071,2,1,3,0,0.059999999,0.25,298.25,-0.1215625,-0.0980625,0.95200002
791075,2,1,3,0,0.059999999,0.25,298.25,-0.1360625,-0.0980625,0.95200002
791109,2,1,3,0,0.059999999,0.25,298.25,-0.1199375,-0.1324375,0.92900002
791113,2,1,3,0,0.059999999,0.25,298.25,-0.112,-0.138125,0.92937499
791117,2,1,3,0,0.059999999,0.25,298.25,-0.112,-0.138125,0.92937499
791208,2,1,3,0,7.25,0.19,300.25,-0.12712499,-0.1851875,0.92212498
791212,2,1,3,0,7.25,0.19,300.25,-0.12712499,-0.1851875,0.92987502
791216,2,1,3,0,7.25,0.19,300.25,-0.12881251,-0.19825,0.92987502
791227,2,1,3,0,7.25,0.19,300.25,-0.1289375,-0.208,0.92949998
791232,2,1,3,0,7.25,0.19,300.25,-0.1289375,-0.208,0.92949998
791236,2,1,3,0,7.25,0.19,300.25,-0.1225625,-0.21268751,0.90406251
791247,2,1,3,0,7.25,0.19,300.25,-0.129375,-0.2250625,0.92031252
791251,2,1,3,0,7.25,0.19,300.25,-0.129375,-0.2250625,0.92031252
791255,2,1,3,0,7.25,0.19,300.25,-0.118125,-0.2288125,0.89468747
791268,2,1,3,0,7.25,0.19,300.25,-0.1228125,-0.243,0.89725
791273,2,1,3,0,7.25,0.19,300.25,-0.1228125,-0.243,0.90499997
791277,2,1,3,0,7.25,0.19,300.25,-0.1295625,-0.25312501,0.921
791288,2,1,3,0,7.25,0.19,300.25,-0.1221875,-0.25706249,0.91399997
791292,2,1,3,0,7.25,0.19,300.25,-0.1221875,-0.25706249,0.91399997
791296,2,1,3,0,7.25,0.19,300.25,-0.124375,-0.2685,0.8943125
791308,2,1,3,0,7.25,0.19,300.25,-0.12675001,-0.27818751,0.89481252
791312,2,1,3,0,7.25,0.19,300.25,-0.12675001,-0.27818751,0.89481252
791316,2,1,3,0,7.25,0.19,300.25,-0.129375,-0.28887501,0.9206875
791418,2,1,3,0,18.379999,0.13,300.31,-0.096625,-0.39618751,0.83662498
791423,2,1,3,0,18.379999,0.13,300.31,-0.096625,-0.39618751,0.83662498
791427,2,1,3,0,18.379999,0.13,300.31,-0.092749998,-0.38475001,0.870125
791469,2,1,3,0,18.379999,0.13,300.31,-0.130375,-0.42375001,0.83275002
791473,2,1,3,0,18.379999,0.13,300.31,-0.130375,-0.42375001,0.83275002
791477,2,1,3,0,18.379999,0.13,300.31,-0.114,-0.41506249,0.83118749
791489,2,1,3,0,18.379999,0.13,300.31,-0.1101875,-0.42406249,0.82300001
791493,2,1,3,0,18.379999,0.13,300.31,-0.1101875,-0.42406249,0.82300001
791497,2,1,3,0,18.379999,0.13,300.31,-0.129875,-0.44631249,0.85262501
791508,2,1,3,0,18.379999,0.13,300.31,-0.15125,-0.472,0.82924998
791512,2,1,3,0,18.379999,0.13,300.31,-0.15125,-0.472,0.82924998
791517,2,1,3,0,18.379999,0.13,300.31,-0.1585,-0.46349999,0.84768748
791528,2,1,3,0,18.379999,0.13,300.31,-0.155875,-0.47075,0.83118749
791532,2,1,3,0,18.379999,0.13,300.31,-0.155875,-0.47075,0.83118749
791536,2,1,3,0,18.379999,0.13,300.31,-0.155875,-0.47075,0.80731249
791547,2,1,3,0,18.379999,0.13,300.31,-0.1305,-0.46656251,0.82962501
791552,2,1,3,0,18.379999,0.13,300.31,-0.1305,-0.46656251,0.82962501
791556,2,1,3,0,18.379999,0.13,300.31,-0.1305,-0.46656251,0.81968749
791567,2,1,3,0,18.379999,0.13,300.31,-0.1276875,-0.47400001,0.819875
791571,2,1,3,0,18.379999,0.13,300.31,-0.1293125,-0.47400001,0.819875
791595,2,1,3,0,26.809999,0.13,299.44,-0.1325625,-0.48300001,0.81968749
791656,2,1,3,0,26.809999,0.13,299.44,-0.1210625,-0.50518751,0.80731249
791660,2,1,3,0,26.809999,0.13,299.44,-0.12125,-0.51999998,0.77987498
791664,2,1,3,0,26.809999,0.13,299.44,-0.12125,-0.51999998,0.77987498
791702,2,1,3,0,26.809999,0.13,299.44,-0.1385625,-0.51375002,0.77350003
791706,2,1,3,0,26.809999,0.13,299.44,-0.1385625,-0.51375002,0.77350003
791710,2,1,3,0,26.809999,0.13,299.44,-0.1678125,-0.49737501,0.79775
791725,2,1,3,0,26.809999,0.13,299.44,-0.1605625,-0.52068752,0.81556249
791729,2,1,3,0,26.809999,0.13,299.44,-0.165875,-0.5259375,0.78925002
791733,2,1,3,0,26.809999,0.13,299.44,-0.133875,-0.5259375,0.78925002
791744,2,1,3,0,26.809999,0.13,299.44,-0.13106249,-0.52631247,0.78881252
791749,2,1,3,0,26.809999,0.13,299.44,-0.13106249,-0.52899998,0.78187501
791753,2,1,3,0,26.809999,0.13,299.44,-0.1309375,-0.52899998,0.78187501
791765,2,1,3,0,26.809999,0.13,299.44,-0.13231251,-0.5275625,0.78799999
791769,2,1,3,0,26.809999,0.13,299.44,-0.13068751,-0.52225,0.81875002
791773,2,1,3,0,26.809999,0.13,299.44,-0.13068751,-0.52225,0.81875002
791805,2,1,3,0,30.440001,0.13,298.56,-0.1340625,-0.52925003,0.79306251
791809,2,1,3,0,30.440001,0.13,298.56,-0.1340625,-0.52925003,0.8063125
791813,2,1,3,0,30.440001,0.13,298.56,-0.1274375,-0.5234375,0.8063125
791828,2,1,3,0,30.440001,0.13,298.56,-0.1214375,-0.52168751,0.78056252
791832,2,1,3,0,30.440001,0.13,298.56,-0.13875,-0.5345,0.79799998
791836,2,1,3,0,30.440001,0.13,298.56,-0.13875,-0.5345,0.79799998
791919,2,1,3,0,30.440001,0.13,298.56,-0.12881251,-0.52656251,0.79018748
791923,2,1,3,0,30.440001,0.13,298.56,-0.13087501,-0.51993752,0.831375
791927,2,1,3,0,30.440001,0.13,298.56,-0.13087501,-0.51993752,0.831375
791959,2,1,3,0,30.440001,0.13,298.56,-0.13187499,-0.52418751,0.8038125
791963,2,1,3,0,30.440001,0.13,298.56,-0.13150001,-0.52368748,0.78049999
791967,2,1,3,0,30.440001,0.13,298.56,-0.13150001,-0.52368748,0.78049999
791979,2,1,3,0,30.440001,0.13,298.56,-0.1270625,-0.5275625,0.78899997
792003,1,1,3,0,30.440001,0.13,298.63,-0.129375,-0.52662498,0.77618748
792007,1,1,3,0,30.440001,0.13,298.63,-0.129375,-0.52662498,0.77618748
792019,1,1,3,0,30.440001,0.13,298.63,-0.12631249,-0.52331251,0.79556251
792023,1,1,3,0,30.440001,0.13,298.63,-0.1340625,-0.51137501,0.8251875
792027,1,1,3,0,30.440001,0.13,298.63,-0.1340625,-0.51137501,0.8251875
792038,1,1,3,0,30.440001,0.13,298.63,-0.126625,-0.5209375,0.80256248
792042,1,1,3,0,30.440001,0.13,298.63,-0.126625,-0.518875,0.81006253
792046,1,1,3,0,30.440001,0.13,298.63,-0.1231875,-0.518875,0.81006253
792058,1,1,3,0,30.440001,0.13,298.63,-0.12125,-0.51412499,0.788625
792062,1,1,3,0,30.440001,0.13,298.63,-0.12125,-0.52131248,0.79675001
792066,1,1,3,0,30.440001,0.13,298.63,-0.13806251,-0.52131248,0.79675001
792077,1,1,3,0,30.440001,0.13,298.63,-0.13993751,-0.52662498,0.80181253
792081,1,1,3,0,30.440001,0.13,298.63,-0.13993751,-0.52662498,0.80181253
792085,1,1,3,0,30.440001,0.13,298.63,-0.133625,-0.52418751,0.79925001
792155,1,1,3,0,30.440001,0.13,298.63,-0.1234375,-0.49481249,0.82406253
792159,1,1,3,0,30.440001,0.13,298.63,-0.1234375,-0.49481249,0.82406253
792163,1,1,3,0,30.440001,0.13,298.63,-0.1234375,-0.50174999,0.80281252
792217,1,1,3,0,28.75,0.19,298.63,-0.121125,-0.49868751,0.779625
792222,1,1,3,0,28.75,0.19,298.63,-0.121125,-0.49868751,0.779625
792226,1,1,3,0,28.75,0.19,298.63,-0.1228125,-0.48774999,0.80800003
792239,1,1,3,0,28.75,0.19,298.63,-0.1318125,-0.47549999,0.82749999
792243,1,1,3,0,28.75,0.19,298.63,-0.1318125,-0.47549999,0.82749999
792247,1,1,3,0,28.75,0.19,298.63,-0.136875,-0.47793749,0.82806247
792259,1,1,3,0,28.75,0.19,298.63,-0.1289375,-0.47031251,0.82781249
792263,1,1,3,0,28.75,0.19,298.63,-0.1289375,-0.47031251,0.82781249
792267,1,1,3,0,28.75,0.19,298.63,-0.1279375,-0.4666875,0.81400001
792286,1,1,3,0,28.75,0.19,298.63,-0.1314375,-0.45550001,0.84106249
792290,1,1,3,0,28.75,0.19,298.63,-0.1314375,-0.45550001,0.84106249
792294,1,1,3,0,28.75,0.19,298.63,-0.1314375,-0.45550001,0.83412498
792306,1,1,3,0,28.75,0.19,298.63,-0.1235,-0.44343749,0.82787502
792310,1,1,3,0,28.75,0.19,298.63,-0.1235,-0.44343749,0.82787502
792314,1,1,3,0,28.75,0.19,298.63,-0.1235,-0.44343749,0.82787502
792328,1,1,3,0,28.75,0.19,298.63,-0.12693749,-0.4325,0.84043747
792332,1,1,3,0,28.75,0.19,298.63,-0.12693749,-0.4325,0.84043747
792336,1,1,3,0,28.75,0.19,298.63,-0.131,-0.43125001,0.8391875
792448,1,1,3,0,23.129999,0.19,298.75,-0.1275,-0.34900001,0.87268752
792453,1,1,3,0,23.129999,0.19,298.75,-0.1275,-0.34900001,0.87268752
792457,1,1,3,0,23.129999,0.19,298.75,-0.1275,-0.34143749,0.89012498
792468,1,1,3,0,23.129999,0.19,298.75,-0.1228125,-0.33250001,0.89187503
792472,1,1,3,0,23.129999,0.19,298.75,-0.1228125,-0.33250001,0.89187503
792476,1,1,3,0,23.129999,0.19,298.75,-0.1228125,-0.33318749,0.8713125
792488,1,1,3,0,23.129999,0.19,298.75,-0.1225,-0.3265,0.87118751
792492,1,1,3,0,23.129999,0.19,298.75,-0.1225,-0.3265,0.87118751
792496,1,1,3,0,23.129999,0.19,298.75,-0.1225,-0.3265,0.87787497
792508,1,1,3,0,23.129999,0.19,298.75,-0.12575001,-0.2816875,0.90437502
792512,1,1,3,0,23.129999,0.19,298.75,-0.14174999,-0.2816875,0.90437502
792516,1,1,3,0,23.129999,0.19,298.75,-0.14174999,-0.2816875,0.90437502
792527,1,1,3,0,23.129999,0.19,298.75,-0.13906249,-0.28506249,0.90612501
792531,1,1,3,0,23.129999,0.19,298.75,-0.1276875,-0.28506249,0.90612501
792536,1,1,3,0,23.129999,0.19,298.75,-0.1276875,-0.28506249,0.90612501
792547,1,1,3,0,23.129999,0.19,298.75,-0.12675001,-0.27943751,0.89850003
792551,1,1,3,0,23.129999,0.19,298.75,-0.12737501,-0.276375,0.89850003
792555,1,1,3,0,23.129999,0.19,298.75,-0.12737501,-0.276375,0.89850003
792586,1,1,3,0,23.129999,0.19,298.75,-0.1274375,-0.25825,0.89806253
792591,1,1,3,0,23.129999,0.19,298.75,-0.1255625,-0.24806251,0.89074999
792614,1,1,3,0,14.06,0.19,298.63,-0.1226875,-0.2256875,0.93787497
792687,1,1,3,0,14.06,0.19,298.63,-0.118375,-0.1918125,0.91399997
792691,1,1,3,0,14.06,0.19,298.63,-0.1258125,-0.17693751,0.92712498
792695,1,1,3,0,14.06,0.19,298.63,-0.1258125,-0.17693751,0.92712498
792707,1,1,3,0,14.06,0.19,298.63,-0.12899999,-0.1626875,0.93475002
792711,1,1,3,0,14.06,0.19,298.63,-0.1289375,-0.15899999,0.93331248
792715,1,1,3,0,14.06,0.19,298.63,-0.1289375,-0.15899999,0.93331248
792726,1,1,3,0,14.06,0.19,298.63,-0.1276875,-0.15375,0.925125
792730,1,1,3,0,14.06,0.19,298.63,-0.12475,-0.146625,0.93550003
792735,1,1,3,0,14.06,0.19,298.63,-0.12475,-0.146625,0.93550003
792746,1,1,3,0,14.06,0.19,298.63,-0.130375,-0.13356251,0.94181252
792750,1,1,3,0,14.06,0.19,298.63,-0.130375,-0.1359375,0.92868751
792754,1,1,3,0,14.06,0.19,298.63,-0.124625,-0.1359375,0.92868751
792766,1,1,3,0,14.06,0.19,298.63,-0.12693749,-0.1264375,0.92318749
792770,1,1,3,0,14.06,0.19,298.63,-0.12693749,-0.1168125,0.92293751
792774,1,1,3,0,14.06,0.19,298.63,-0.1415,-0.1008125,0.92293751
792785,1,1,3,0,14.06,0.19,298.63,-0.13150001,-0.097374998,0.9305625
792789,1,1,3,0,14.06,0.19,298.63,-0.13150001,-0.097374998,0.93612498
792794,1,1,3,0,14.06,0.19,298.63,-0.13600001,-0.098312497,0.95212501
792864,2,1,3,0,6,0.25,298.81,-0.12,-0.0685625,0.94356251
792868,2,1,3,0,6,0.25,298.81,-0.12,-0.0685625,0.94356251
792872,2,1,3,0,6,0.25,298.81,-0.115125,-0.072812498,0.94493753
792927,2,1,3,0,6,0.25,298.81,-0.1081875,-0.0070624999,0.9288125
792931,2,1,3,0,6,0.25,298.81,-0.1081875,-0.0070624999,0.94125003
792935,2,1,3,0,6,0.25,298.81,-0.113625,0.0074999998,0.94125003
792947,2,1,3,0,6,0.25,298.81,-0.138,-0.01025,0.94625002
792951,2,1,3,0,6,0.25,298.81,-0.138,-0.01025,0.94625002
792955,2,1,3,0,6,0.25,298.81,-0.13393749,-0.041625001,0.95462501
792966,2,1,3,0,6,0.25,298.81,-0.1394375,-0.054812498,0.95074999
792970,2,1,3,0,6,0.25,298.81,-0.1394375,-0.054812498,0.95074999
792975,2,1,3,0,6,0.25,298.81,-0.140625,-0.032875001,0.95349997
792986,2,1,3,0,6,0.25,298.81,-0.12675001,-0.0044999998,0.95112503
792990,2,1,3,0,6,0.25,298.81,-0.12675001,-0.0044999998,0.95112503
792994,2,1,3,0,6,0.25,298.81,-0.1261875,-0.010125,0.9436875
793026,2,1,3,0,-0.56,0.31,298.81,-0.12975,0.0079375003,0.949
793030,2,1,3,0,-0.56,0.31,298.81,-0.12975,0.0079375003,0.949
793034,2,1,3,0,-0.56,0.31,298.81,-0.1243125,0.0105,0.97843748
793046,2,1,3,0,-0.56,0.31,298.81,-0.12325,0.0060000001,0.95368749
793050,2,1,3,0,-0.56,0.31,298.81,-0.12325,0.0060000001,0.95368749
793054,2,1,3,0,-0.56,0.31,298.81,-0.1160625,0.0036249999,0.94806248
793114,2,1,3,0,-0.56,0.31,298.81,-0.12025,0.0113125,0.93437499
793118,2,1,3,0,-0.56,0.31,298.81,-0.1251875,0.0113125,0.93437499
793122,2,1,3,0,-0.56,0.31,298.81,-0.1251875,0.0113125,0.93437499
793155,2,1,3,0,-0.56,0.31,298.81,-0.1265,0.0094374996,0.93975002
793159,2,1,3,0,-0.56,0.31,298.81,-0.1265,0.0094374996,0.93975002
793163,2,1,3,0,-0.56,0.31,298.81,-0.1265,0.0094374996,0.93975002
793193,2,1,3,0,-0.56,0.31,298.81,-0.124,0.01125,0.93643749
793197,2,1,3,0,-0.56,0.31,298.81,-0.13150001,0.0041875001,0.94725001
793202,2,1,3,0,-0.56,0.31,298.81,-0.13150001,0.0041875001,0.94725001
793232,2,1,3,0,-1.4400001,0.31,298.81,-0.119875,0.012875,0.930875
793236,2,1,3,0,-1.4400001,0.31,298.81,-0.115625,0.0144375,0.91912502
793241,2,1,3,0,-1.4400001,0.31,298.81,-0.115625,0.0144375,0.91912502
815610,2,1,3,0,-1.4400001,0.31,298.81,-0.12656251,0.01025,0.93981248
815614,2,1,3,0,-1.4400001,0.31,298.81,-0.12656251,0.01025,0.93981248
815618,2,1,3,0,-1.4400001,0.31,298.81,-0.125,0.0091249999,0.94156247
815699,2,1,3,0,-1.4400001,0.31,298.81,-0.1241875,0.0061875,0.94112498
815703,2,1,3,0,-1.4400001,0.31,298.81,-0.1241875,0.0061875,0.94112498
815707,2,1,3,0,-1.4400001,0.31,298.81,-0.12425,0.0104375,0.93212497
815719,2,1,3,0,-1.4400001,0.31,298.81,-0.1243125,0.011125,0.93568748
815723,2,1,3,0,-1.4400001,0.31,298.81,-0.1243125,0.011125,0.93568748
815727,2,1,3,0,-1.4400001,0.31,298.81,-0.1243125,0.0114375,0.93575001
815738,2,1,3,0,-1.4400001,0.31,298.81,-0.123625,0.00825,0.94012499
815742,2,1,3,0,-1.4400001,0.31,298.81,-0.123625,0.00825,0.94012499
815746,2,1,3,0,-1.4400001,0.31,298.81,-0.123625,0.00825,0.93374997
815771,2,1,3,0,-1.4400001,0.31,298.81,-0.1266875,0.0115,0.93774998
815775,2,1,3,0,-1.4400001,0.31,298.81,-0.1266875,0.0115,0.93774998
815779,2,1,3,0,-1.4400001,0.31,298.81,-0.1215625,0.011125,0.93612498
815810,2,1,3,0,-1.4400001,0.31,298.81,-0.12800001,0.0075625,0.94212502
815814,2,1,3,0,-1.4400001,0.31,298.81,-0.12800001,0.0075625,0.94212502
815818,2,1,3,0,-1.4400001,0.31,298.81,-0.12800001,0.0104375,0.93418747
815830,2,1,3,0,-1.4400001,0.31,298.81,-0.1250625,0.0084375003,0.9404375
815834,2,1,3,0,-1.4400001,0.31,298.81,-0.1250625,0.0084375003,0.9404375
815838,2,1,3,0,-1.4400001,0.31,298.81,-0.1250625,0.0084375003,0.93256247
815849,2,1,3,0,-1.4400001,0.31,298.81,-0.1151875,0.0125,0.92237502
815853,2,1,3,0,-1.4400001,0.31,298.81,-0.1151875,0.0125,0.92237502
815857,2,1,3,0,-1.4400001,0.31,298.81,-0.1151875,0.0125,0.91381252
815931,2,1,3,0,-1.4400001,0.31,298.81,-0.1235625,0.0093750004,0.939125
815935,2,1,3,0,-1.4400001,0.31,298.81,-0.1235625,0.0093750004,0.939125
815939,2,1,3,0,-1.4400001,0.31,298.81,-0.1235625,0.0093750004,0.93562502
815958,2,1,3,0,-1.4400001,0.31,298.81,-0.124125,0.0101875,0.94312501
815962,2,1,3,0,-1.4400001,0.31,298.81,-0.1255625,0.0096875001,0.93812501
815967,2,1,3,0,-1.4400001,0.31,298.81,-0.1255625,0.0096875001,0.93812501
815978,2,1,3,0,-1.4400001,0.31,298.81,-0.12475,0.0089999996,0.94156247
815982,2,1,3,0,-1.4400001,0.31,298.81,-0.1200625,0.010875,0.93306249
815987,2,1,3,0,-1.4400001,0.31,298.81,-0.1200625,0.010875,0.93306249
816047,2,1,3,0,-1.4400001,0.31,298.81,-0.1215,0.012125,0.92975003
816051,2,1,3,0,-1.4400001,0.31,298.81,-0.123125,0.0099999998,0.93281251
816055,2,1,3,0,-1.4400001,0.31,298.81,-0.123125,0.0099999998,0.93281251
816067,2,1,3,0,-1.4400001,0.31,298.81,-0.13500001,0.00275,0.95506251
816071,2,1,3,0,-1.4400001,0.31,298.81,-0.13500001,0.0091249999,0.94174999
816075,2,1,3,0,-1.4400001,0.31,298.81,-0.1245,0.0091249999,0.94174999
816086,2,1,3,0,-1.4400001,0.31,298.81,-0.1181875,0.011875,0.92168748
816091,2,1,3,0,-1.4400001,0.31,298.81,-0.1181875,0.011875,0.94187498
816095,2,1,3,0,-1.4400001,0.31,298.81,-0.124625,0.0070000002,0.94187498
816136,2,1,3,0,-1.4400001,0.31,298.81,-0.12825,0.0081249997,0.94343752
816141,2,1,3,0,-1.4400001,0.31,298.81,-0.12825,0.0081249997,0.94343752
816145,2,1,3,0,-1.4400001,0.31,298.81,-0.1131875,0.01425,0.92168748
816173,2,1,3,0,-1.4400001,0.31,298.81,-0.117625,0.0111875,0.93143749
816178,2,1,3,0,-1.4400001,0.31,298.81,-0.117625,0.0111875,0.93143749
816182,2,1,3,0,-1.4400001,0.31,298.81,-0.117625,0.0111875,0.93937498
816216,2,1,3,0,-1.4400001,0.31,298.81,-0.122625,0.0091249999,0.93674999
816220,2,1,3,0,-1.4400001,0.31,298.81,-0.122625,0.0091249999,0.93674999
816224,2,1,3,0,-1.4400001,0.31,298.81,-0.1235625,0.0089999996,0.9379375
816236,2,1,3,0,-1.4400001,0.31,298.81,-0.1235,0.0078750001,0.93787497
816240,2,1,3,0,-1.4400001,0.31,298.81,-0.1235,0.0078750001,0.93787497
816244,2,1,3,0,-1.4400001,0.31,298.81,-0.123625,0.0105625,0.94068748
816286,2,1,3,0,-1.4400001,0.31,298.81,-0.1261875,0.0085000005,0.94018751
816291,2,1,3,0,-1.4400001,0.31,298.81,-0.1261875,0.0085000005,0.94018751
816295,2,1,3,0,-1.4400001,0.31,298.81,-0.1145625,0.0133125,0.92150003
816306,2,1,3,0,-1.4400001,0.31,298.81,-0.1245625,0.0094374996,0.93512499
816310,2,1,3,0,-1.4400001,0.31,298.81,-0.1245625,0.0094374996,0.93512499
816315,2,1,3,0,-1.4400001,0.31,298.81,-0.1245,0.0097500002,0.93987501
816326,2,1,3,0,-1.4400001,0.31,298.81,-0.1229375,0.0086874999,0.93668753
816330,2,1,3,0,-1.4400001,0.31,298.81,-0.1229375,0.0086874999,0.93668753
816334,2,1,3,0,-1.4400001,0.31,298.81,-0.126375,0.0066875,0.94075
816380,2,1,3,0,-1.4400001,0.31,298.81,-0.1208125,0.01125,0.93781251
816384,2,1,3,0,-1.4400001,0.31,298.81,-0.1208125,0.01125,0.93343753
816388,2,1,3,0,-1.4400001,0.31,298.81,-0.1228125,0.0110625,0.93343753
816443,2,1,3,0,-1.4400001,0.31,298.81,-0.1226875,0.01075,0.935875
816447,2,1,3,0,-1.4400001,0.31,298.81,-0.1270625,0.0079375003,0.94462502
816451,2,1,3,0,-1.4400001,0.31,298.81,-0.1270625,0.0079375003,0.94462502
816468,2,1,3,0,-1.4400001,0.31,298.81,-0.123625,0.0108125,0.93831247
816472,2,1,3,0,-1.4400001,0.31,298.81,-0.123625,0.0108125,0.93831247
816476,2,1,3,0,-1.4400001,0.31,298.81,-0.1179375,0.01125,0.93400002
816487,2,1,3,0,-1.4400001,0.31,298.81,-0.1244375,0.0086249998,0.93856251
816491,2,1,3,0,-1.4400001,0.31,298.81,-0.1244375,0.0086249998,0.93856251
816495,2,1,3,0,-1.4400001,0.31,298.81,-0.1244375,0.0081874998,0.93731248
816515,2,1,3,0,-1.4400001,0.31,298.81,-0.1275,0.0060000001,0.93693751
816519,2,1,3,0,-1.4400001,0.31,298.81,-0.12425,0.01125,0.93693751
816523,2,1,3,0,-1.4400001,0.31,298.81,-0.12425,0.01125,0.93693751
816537,2,1,3,0,-1.4400001,0.31,298.81,-0.126,0.0100625,0.9404375
816541,2,1,3,0,-1.4400001,0.31,298.81,-0.126,0.0100625,0.9404375
816545,2,1,3,0,-1.4400001,0.31,298.81,-0.126,0.0100625,0.9404375
816568,2,1,3,0,-1.4400001,0.31,298.81,-0.1241875,0.0120625,0.93593752
816572,2,1,3,0,-1.4400001,0.31,298.81,-0.1241875,0.0120625,0.93593752
816576,2,1,3,0,-1.4400001,0.31,298.81,-0.1241875,0.0092500001,0.93650001
816690,2,1,3,0,-1.4400001,0.31,298.81,-0.1223125,0.0116875,0.9363125
816694,2,1,3,0,-1.4400001,0.31,298.81,-0.1223125,0.0116875,0.9363125
816698,2,1,3,0,-1.4400001,0.31,298.81,-0.12531251,0.0099374996,0.93506253
816710,2,1,3,0,-1.4400001,0.31,298.81,-0.123125,0.01075,0.93718749
816714,2,1,3,0,-1.4400001,0.31,298.81,-0.123125,0.01075,0.93718749
816718,2,1,3,0,-1.4400001,0.31,298.81,-0.1241875,0.0074375002,0.93618751
816730,2,1,3,0,-1.4400001,0.31,298.81,-0.123875,0.0099999998,0.93449998
816734,2,1,3,0,-1.4400001,0.31,298.81,-0.123875,0.0099999998,0.93449998
816738,2,1,3,0,-1.4400001,0.31,298.81,-0.123875,0.0095624998,0.93787497
816749,2,1,3,0,-1.4400001,0.31,298.81,-0.1225,0.011375,0.93843752
816753,2,1,3,0,-1.4400001,0.31,298.81,-0.1225,0.011375,0.93843752
816757,2,1,3,0,-1.4400001,0.31,298.81,-0.1225,0.011375,0.93843752
816768,2,1,3,0,-1.4400001,0.31,298.81,-0.119625,0.0105625,0.93737501
816772,2,1,3,0,-1.4400001,0.31,298.81,-0.1230625,0.0105625,0.93737501
816777,2,1,3,0,-1.4400001,0.31,298.81,-0.1230625,0.0105625,0.93737501
816788,2,1,3,0,-1.4400001,0.31,298.81,-0.121625,0.0100625,0.93612498
816792,2,1,3,0,-1.4400001,0.31,298.81,-0.1215,0.010375,0.93612498
816796,2,1,3,0,-1.4400001,0.31,298.81,-0.1215,0.010375,0.93612498
816827,2,1,3,0,-1.4400001,0.31,298.81,-0.1221875,0.0099374996,0.93524998
816832,2,1,3,0,-1.4400001,0.31,298.81,-0.122875,0.0118125,0.93737501
816836,2,1,3,0,-1.4400001,0.31,298.81,-0.122875,0.0118125,0.93737501
816927,2,1,3,0,-1.4400001,0.31,298.81,-0.1225,0.01075,0.935875
816932,2,1,3,0,-1.4400001,0.31,298.81,-0.122125,0.0091249999,0.93506253
816936,2,1,3,0,-1.4400001,0.31,298.81,-0.122125,0.0091249999,0.93506253
816950,2,1,3,0,-1.4400001,0.31,298.81,-0.126625,0.0079375003,0.93475002
816954,2,1,3,0,-1.4400001,0.31,298.81,-0.1228125,0.01025,0.93475002
816958,2,1,3,0,-1.4400001,0.31,298.81,-0.1228125,0.01025,0.93475002
816981,2,1,3,0,-1.4400001,0.31,298.81,-0.125625,0.0069375001,0.93918753
816985,2,1,3,0,-1.4400001,0.31,298.81,-0.1245,0.0069375001,0.93918753
816989,2,1,3,0,-1.4400001,0.31,298.81,-0.1245,0.0069375001,0.93918753
817000,2,1,3,0,-1.4400001,0.31,298.81,-0.12275,0.0101875,0.93624997
817004,2,1,3,0,-1.4400001,0.31,298.81,-0.1185625,0.0125625,0.92987502
817028,2,1,3,0,-1.4400001,0.31,298.81,-0.12656251,0.007125,0.944875
817040,2,1,3,0,-1.4400001,0.31,298.81,-0.11525,0.01475,0.92056251
817044,2,1,3,0,-1.4400001,0.31,298.81,-0.1215,0.0099999998,0.9404375
817048,2,1,3,0,-1.4400001,0.31,298.81,-0.1215,0.0099999998,0.9404375
817059,2,1,3,0,-1.4400001,0.31,298.81,-0.125625,0.0097500002,0.93993747
817063,2,1,3,0,-1.4400001,0.31,298.81,-0.123375,0.0086874999,0.93687499
817067,2,1,3,0,-1.4400001,0.31,298.81,-0.123375,0.0086874999,0.93687499
817104,2,1,3,0,-1.4400001,0.31,298.81,-0.1258125,0.0096249999,0.93800002
817108,2,1,3,0,-1.4400001,0.31,298.81,-0.1258125,0.0096249999,0.93800002
817112,2,1,3,0,-1.4400001,0.31,298.81,-0.1258125,0.0096249999,0.93531251
817166,2,1,3,0,-1.4400001,0.31,298.81,-0.1235,0.0124375,0.93118751
817170,2,1,3,0,-1.4400001,0.31,298.81,-0.1235,0.0124375,0.93118751
817174,2,1,3,0,-1.4400001,0.31,298.81,-0.123375,0.0088125002,0.93431252
817200,2,1,3,0,-1.4400001,0.31,298.81,-0.125625,0.0088125002,0.93818748
817204,2,1,3,0,-1.4400001,0.31,298.81,-0.1268125,0.0042500002,0.94493753
817208,2,1,3,0,-1.4400001,0.31,298.81,-0.1268125,0.0042500002,0.94493753
817251,2,1,3,0,-1.4400001,0.31,298.81,-0.126625,0.0053750002,0.94581252
817255,2,1,3,0,-1.4400001,0.31,298.81,-0.1248125,0.0103125,0.9363125
817259,2,1,3,0,-1.4400001,0.31,298.81,-0.1248125,0.0103125,0.9363125
817271,2,1,3,0,-1.4400001,0.31,298.81,-0.116875,0.012375,0.930875
817275,2,1,3,0,-1.4400001,0.31,298.81,-0.1268125,0.0146875,0.92506248
817279,2,1,3,0,-1.4400001,0.31,298.81,-0.1108125,0.0146875,0.92506248
817290,2,1,3,0,-1.4400001,0.31,298.81,-0.116125,0.0114375,0.92856252
817294,2,1,3,0,-1.4400001,0.31,298.81,-0.116125,0.0114375,0.93906248
817298,2,1,3,0,-1.4400001,0.31,298.81,-0.123875,0.0085624997,0.93906248
817309,2,1,3,0,-1.4400001,0.31,298.81,-0.12512501,0.0085624997,0.93881249
817313,2,1,3,0,-1.4400001,0.31,298.81,-0.12512501,0.0085624997,0.93881249
817318,2,1,3,0,-1.4400001,0.31,298.81,-0.12275,0.0105625,0.93606251
817346,2,1,3,0,-1.4400001,0.31,298.81,-0.12175,0.0103125,0.93256247
817351,2,1,3,0,-1.4400001,0.31,298.81,-0.12175,0.0103125,0.93256247
817355,2,1,3,0,-1.4400001,0.31,298.81,-0.12175,0.0103125,0.93931252
817401,2,1,3,0,-1.4400001,0.31,298.81,-0.1238125,0.011,0.93650001
817405,2,1,3,0,-1.4400001,0.31,298.81,-0.1238125,0.011,0.92993748
817410,2,1,3,0,-1.4400001,0.31,298.81,-0.11875,0.01325,0.92993748
817456,2,1,3,0,-1.4400001,0.31,298.81,-0.1205,0.0098750005,0.93656248
817460,2,1,3,0,-1.4400001,0.31,298.81,-0.125375,0.0098750005,0.93656248
817465,2,1,3,0,-1.4400001,0.31,298.81,-0.125375,0.0098750005,0.93656248
817487,2,1,3,0,-1.4400001,0.31,298.81,-0.1216875,0.0086874999,0.93524998
817491,2,1,3,0,-1.4400001,0.31,298.81,-0.1228125,0.0086874999,0.93524998
817495,2,1,3,0,-1.4400001,0.31,298.81,-0.1228125,0.0086874999,0.93524998
817509,2,1,3,0,-1.4400001,0.31,298.81,-0.1218125,0.0129375,0.93537498
817514,2,1,3,0,-1.4400001,0.31,298.81,-0.1218125,0.0129375,0.93537498
817518,2,1,3,0,-1.4400001,0.31,298.81,-0.1238125,0.0094374996,0.93900001
817529,2,1,3,0,-1.4400001,0.31,298.81,-0.1164375,0.0123125,0.92281252
817533,2,1,3,0,-1.4400001,0.31,298.81,-0.1164375,0.0123125,0.92281252
817537,2,1,3,0,-1.4400001,0.31,298.81,-0.1164375,0.0090624997,0.93624997
817555,2,1,3,0,-1.4400001,0.31,298.81,-0.122875,0.0115625,0.93437499
817559,2,1,3,0,-1.4400001,0.31,298.81,-0.1236875,0.0098125003,0.93881249
817563,2,1,3,0,-1.4400001,0.31,298.81,-0.1236875,0.0098125003,0.93881249
817636,2,1,3,0,-1.4400001,0.31,298.81,-0.122125,0.01125,0.9321875
817640,2,1,3,0,-1.4400001,0.31,298.81,-0.1248125,0.0071875001,0.93943751
817644,2,1,3,0,-1.4400001,0.31,298.81,-0.1248125,0.0071875001,0.93943751
817655,2,1,3,0,-1.4400001,0.31,298.81,-0.1264375,0.0083125001,0.9379375
817659,2,1,3,0,-1.4400001,0.31,298.81,-0.122875,0.01125,0.93831247
817663,2,1,3,0,-1.4400001,0.31,298.81,-0.122875,0.01125,0.93831247
817697,2,1,3,0,-1.4400001,0.31,298.81,-0.124875,0.0097500002,0.94050002
817701,2,1,3,0,-1.4400001,0.31,298.81,-0.12568749,0.0093125002,0.93818748
817705,2,1,3,0,-1.4400001,0.31,298.81,-0.12568749,0.0093125002,0.93818748
817726,2,1,3,0,-1.4400001,0.31,298.81,-0.123375,0.0088750003,0.93968749
817730,2,1,3,0,-1.4400001,0.31,298.81,-0.124375,0.0099374996,0.93550003
817734,2,1,3,0,-1.4400001,0.31,298.81,-0.124375,0.0099374996,0.93550003
817747,2,1,3,0,-1.4400001,0.31,298.81,-0.125375,0.0091249999,0.93681252
817751,2,1,3,0,-1.4400001,0.31,298.81,-0.1246875,0.0090624997,0.94099998
817755,2,1,3,0,-1.4400001,0.31,298.81,-0.1246875,0.0090624997,0.94099998
817766,2,1,3,0,-1.4400001,0.31,298.81,-0.122375,0.0096249999,0.93475002
817770,2,1,3,0,-1.4400001,0.31,298.81,-0.123625,0.0078125,0.93618751
817774,2,1,3,0,-1.4400001,0.31,298.81,-0.123625,0.0078125,0.93618751
817797,2,1,3,0,-1.4400001,0.31,298.81,-0.12125,0.0105625,0.93237501
817801,2,1,3,0,-1.4400001,0.31,298.81,-0.120875,0.0099999998,0.93787497
817805,2,1,3,0,-1.4400001,0.31,298.81,-0.120875,0.0099999998,0.93787497
817899,2,1,3,0,-1.4400001,0.31,298.81,-0.1160625,0.013375,0.92856252
817903,2,1,3,0,-1.4400001,0.31,298.81,-0.1230625,0.0096875001,0.93462503
817907,2,1,3,0,-1.4400001,0.31,298.81,-0.1230625,0.0096875001,0.93462503
817919,2,1,3,0,-1.4400001,0.31,298.81,-0.1163125,0.014,0.9248125
817923,2,1,3,0,-1.4400001,0.31,298.81,-0.1274375,0.0089999996,0.9404375
817927,2,1,3,0,-1.4400001,0.31,298.81,-0.1274375,0.0089999996,0.9404375
817958,2,1,3,0,-1.4400001,0.31,298.81,-0.1225625,0.0091249999,0.93137503
817962,2,1,3,0,-1.4400001,0.31,298.81,-0.1225625,0.0091875,0.93524998
817966,2,1,3,0,-1.4400001,0.31,298.81,-0.1239375,0.0091875,0.93524998
817978,2,1,3,0,-1.4400001,0.31,298.81,-0.1211875,0.012375,0.935
817982,2,1,3,0,-1.4400001,0.31,298.81,-0.1211875,0.0113125,0.93650001
817986,2,1,3,0,-1.4400001,0.31,298.81,-0.122125,0.0113125,0.93650001
817997,2,1,3,0,-1.4400001,0.31,298.81,-0.1209375,0.0104375,0.93143749
818001,2,1,3,0,-1.4400001,0.31,298.81,-0.1209375,0.0104375,0.93143749
818005,2,1,3,0,-1.4400001,0.31,298.81,-0.115375,0.0163125,0.91606247
818016,2,1,3,0,-1.4400001,0.31,298.81,-0.12075,0.0114375,0.92918748
818021,2,1,3,0,-1.4400001,0.31,298.81,-0.12075,0.0114375,0.92918748
818045,2,1,3,0,-1.4400001,0.31,298.81,-0.121,0.0104375,0.93406248
818056,2,1,3,0,-1.4400001,0.31,298.81,-0.124875,0.0090624997,0.93818748
818060,2,1,3,0,-1.4400001,0.31,298.81,-0.124875,0.0090624997,0.93818748
818064,2,1,3,0,-1.4400001,0.31,298.81,-0.1233125,0.0088750003,0.93524998
818136,2,1,3,0,-1.4400001,0.31,298.81,-0.1235,0.0103125,0.935875
818140,2,1,3,0,-1.4400001,0.31,298.81,-0.1235,0.0103125,0.935875
818144,2,1,3,0,-1.4400001,0.31,298.81,-0.1235,0.0103125,0.93449998
818155,2,1,3,0,-1.4400001,0.31,298.81,-0.1213125,0.0089375004,0.9370625
818159,2,1,3,0,-1.4400001,0.31,298.81,-0.1213125,0.0089375004,0.9370625
818163,2,1,3,0,-1.4400001,0.31,298.81,-0.1213125,0.0089375004,0.9501875
818197,2,1,3,0,-1.4400001,0.31,298.81,-0.1215625,0.0120625,0.932625
818201,2,1,3,0,-1.4400001,0.31,298.81,-0.1215625,0.0120625,0.932625
818205,2,1,3,0,-1.4400001,0.31,298.81,-0.125625,0.0094999997,0.94062501
818217,2,1,3,0,-1.4400001,0.31,298.81,-0.1274375,0.0065000001,0.94800001
818221,2,1,3,0,-1.4400001,0.31,298.81,-0.1274375,0.0065000001,0.94800001
818226,2,1,3,0,-1.4400001,0.31,298.81,-0.1238125,0.010375,0.93374997
818279,2,1,3,0,-1.4400001,0.31,298.81,-0.1199375,0.0124375,0.92975003
818283,2,1,3,0,-1.4400001,0.31,298.81,-0.1199375,0.0124375,0.92975003
818287,2,1,3,0,-1.4400001,0.31,298.81,-0.12625,0.0086249998,0.93849999
818298,2,1,3,0,-1.4400001,0.31,298.81,-0.12375,0.0104375,0.93331248
818302,2,1,3,0,-1.4400001,0.31,298.81,-0.12375,0.0104375,0.93331248
818307,2,1,3,0,-1.4400001,0.31,298.81,-0.1240625,0.0085000005,0.94050002
818320,2,1,3,0,-1.4400001,0.31,298.81,-0.117125,0.015,0.92893749
818324,2,1,3,0,-1.4400001,0.31,298.81,-0.117125,0.015,0.92893749
818328,2,1,3,0,-1.4400001,0.31,298.81,-0.1236875,0.0099374996,0.93825001
818371,2,1,3,0,-1.4400001,0.31,298.81,-0.12275,0.010625,0.93762499
818375,2,1,3,0,-1.4400001,0.31,298.81,-0.12275,0.010625,0.93762499
818379,2,1,3,0,-1.4400001,0.31,298.81,-0.122875,0.0098750005,0.93081248
818398,2,1,3,0,-1.4400001,0.31,298.81,-0.13275,0.0033125,0.949875
818402,2,1,3,0,-1.4400001,0.31,298.81,-0.13275,0.0033125,0.949875
818406,2,1,3,0,-1.4400001,0.31,298.81,-0.13275,0.0033125,0.94543749
818456,2,1,3,0,-1.4400001,0.31,298.81,-0.123625,0.0081874998,0.9370625
818460,2,1,3,0,-1.4400001,0.31,298.81,-0.1235,0.0099999998,0.93331248
818464,2,1,3,0,-1.4400001,0.31,298.81,-0.1235,0.0099999998,0.93331248
818476,2,1,3,0,-1.4400001,0.31,298.81,-0.123625,0.01025,0.93843752
818480,2,1,3,0,-1.4400001,0.31,298.81,-0.119375,0.0098125003,0.93562502
818484,2,1,3,0,-1.4400001,0.31,298.81,-0.119375,0.0098125003,0.93562502
818516,2,1,3,0,-1.4400001,0.31,298.81,-0.122375,0.0073124999,0.93818748
818520,2,1,3,0,-1.4400001,0.31,298.81,-0.125625,0.0078750001,0.94243753
818524,2,1,3,0,-1.4400001,0.31,298.81,-0.125625,0.0078750001,0.94243753
818550,2,1,3,0,-1.4400001,0.31,298.81,-0.1215,0.011375,0.93349999
818554,2,1,3,0,-1.4400001,0.31,298.81,-0.1215,0.011375,0.93349999
818558,2,1,3,0,-1.4400001,0.31,298.81,-0.1215,0.011375,0.93237501
818575,2,1,3,0,-1.4400001,0.31,298.81,-0.1258125,0.0083125001,0.93849999
818580,2,1,3,0,-1.4400001,0.31,298.81,-0.121375,0.0083750002,0.93806249
818584,2,1,3,0,-1.4400001,0.31,298.81,-0.121375,0.0083750002,0.93806249
818606,2,1,3,0,-1.4400001,0.31,298.81,-0.1250625,0.0097500002,0.93856251
818610,2,1,3,0,-1.4400001,0.31,298.81,-0.1238125,0.0119375,0.9346875
818614,2,1,3,0,-1.4400001,0.31,298.81,-0.1238125,0.0119375,0.9346875
818626,2,1,3,0,-1.4400001,0.31,298.81,-0.1241875,0.0076875002,0.94156247
818630,2,1,3,0,-1.4400001,0.31,298.81,-0.1235,0.0096875001,0.9338125
818654,2,1,3,0,-1.4400001,0.31,298.81,-0.1215625,0.0098750005,0.93199998
818696,2,1,3,0,-1.4400001,0.31,298.81,-0.12531251,0.0104375,0.93774998
818700,2,1,3,0,-1.4400001,0.31,298.81,-0.12531251,0.0096249999,0.93762499
818704,2,1,3,0,-1.4400001,0.31,298.81,-0.1234375,0.0096249999,0.93762499
818715,2,1,3,0,-1.4400001,0.31,298.81,-0.1230625,0.0091875,0.93725002
818719,2,1,3,0,-1.4400001,0.31,298.81,-0.1230625,0.0091875,0.93175
818724,2,1,3,0,-1.4400001,0.31,298.81,-0.123125,0.0095624998,0.93175
818757,2,1,3,0,-1.4400001,0.31,298.81,-0.1255625,0.0083125001,0.94218749
818761,2,1,3,0,-1.4400001,0.31,298.81,-0.1255625,0.0099374996,0.93581247
818765,2,1,3,0,-1.4400001,0.31,298.81,-0.1226875,0.0099374996,0.93581247
818787,2,1,3,0,-1.4400001,0.31,298.81,-0.123375,0.010625,0.93493748
818791,2,1,3,0,-1.4400001,0.31,298.81,-0.123375,0.0096875001,0.94006252
818795,2,1,3,0,-1.4400001,0.31,298.81,-0.12612499,0.0096875001,0.94006252
818806,2,1,3,0,-1.4400001,0.31,298.81,-0.122,0.011375,0.935
818810,2,1,3,0,-1.4400001,0.31,298.81,-0.122,0.011375,0.92818749
818814,2,1,3,0,-1.4400001,0.31,298.81,-0.1186875,0.0123125,0.92818749
818867,2,1,3,0,-1.4400001,0.31,298.81,-0.127,0.0088750003,0.94018751
818871,2,1,3,0,-1.4400001,0.31,298.81,-0.127,0.0088750003,0.93812501
818876,2,1,3,0,-1.4400001,0.31,298.81,-0.1248125,0.0110625,0.93812501
818895,2,1,3,0,-1.4400001,0.31,298.81,-0.122625,0.0088125002,0.93531251
818899,2,1,3,0,-1.4400001,0.31,298.81,-0.122625,0.0088125002,0.93531251
818903,2,1,3,0,-1.4400001,0.31,298.81,-0.1240625,0.0096249999,0.93937498
818937,2,1,3,0,-1.4400001,0.31,298.81,-0.122875,0.0080000004,0.93531251
818941,2,1,3,0,-1.4400001,0.31,298.81,-0.122875,0.0080000004,0.93531251
818945,2,1,3,0,-1.4400001,0.31,298.81,-0.1258125,0.0076250001,0.94112498
818956,2,1,3,0,-1.4400001,0.31,298.81,-0.122,0.012625,0.93806249
818961,2,1,3,0,-1.4400001,0.31,298.81,-0.122,0.012625,0.93806249
818965,2,1,3,0,-1.4400001,0.31,298.81,-0.1264375,0.0086249998,0.94462502
818991,2,1,3,0,-1.4400001,0.31,298.81,-0.121125,0.0090624997,0.93431252
818995,2,1,3,0,-1.4400001,0.31,298.81,-0.1156875,0.0110625,0.92793751
818999,2,1,3,0,-1.4400001,0.31,298.81,-0.1156875,0.0110625,0.92793751
819026,2,1,3,0,-1.4400001,0.31,298.81,-0.123625,0.00825,0.944125
819030,2,1,3,0,-1.4400001,0.31,298.81,-0.123625,0.00825,0.944125
819034,2,1,3,0,-1.4400001,0.31,298.81,-0.123625,0.0070000002,0.94437498
819065,2,1,3,0,-1.4400001,0.31,298.81,-0.119625,0.010875,0.93518752
819069,2,1,3,0,-1.4400001,0.31,298.81,-0.119625,0.010875,0.93518752
819074,2,1,3,0,-1.4400001,0.31,298.81,-0.119625,0.010875,0.93781251
819123,2,1,3,0,-1.4400001,0.31,298.81,-0.12975,0.0077499999,0.94393748
819127,2,1,3,0,-1.4400001,0.31,298.81,-0.1221875,0.0088750003,0.93762499
819131,2,1,3,0,-1.4400001,0.31,298.81,-0.1221875,0.0088750003,0.93762499
819143,2,1,3,0,-1.4400001,0.31,298.81,-0.1184375,0.0109375,0.93187499
819147,2,1,3,0,-1.4400001,0.31,298.81,-0.1203125,0.0111875,0.93362498
819151,2,1,3,0,-1.4400001,0.31,298.81,-0.1203125,0.0111875,0.93362498
819172,2,1,3,0,-1.4400001,0.31,298.81,-0.1244375,0.0108125,0.94131249
819176,2,1,3,0,-1.4400001,0.31,298.81,-0.1235,0.0083125001,0.94381249
819180,2,1,3,0,-1.4400001,0.31,298.81,-0.1235,0.0083125001,0.94381249
819197,2,1,3,0,-1.4400001,0.31,298.81,-0.1265,0.0049375002,0.94218749
819201,2,1,3,0,-1.4400001,0.31,298.81,-0.1265,0.0049375002,0.94218749
819205,2,1,3,0,-1.4400001,0.31,298.81,-0.1265,0.0049375002,0.93656248
819227,2,1,3,0,-1.4400001,0.31,298.81,-0.12375,0.0094374996,0.93637502
819231,2,1,3,0,-1.4400001,0.31,298.81,-0.12375,0.0094374996,0.93637502
819235,2,1,3,0,-1.4400001,0.31,298.81,-0.12375,0.0094374996,0.93681252
819285,2,1,3,0,-1.4400001,0.31,298.81,-0.1251875,0.0083125001,0.94199997
819289,2,1,3,0,-1.4400001,0.31,298.81,-0.1221875,0.0110625,0.93462503
819294,2,1,3,0,-1.4400001,0.31,298.81,-0.1221875,0.0110625,0.93462503
819305,2,1,3,0,-1.4400001,0.31,298.81,-0.1208125,0.0095624998,0.93374997
819310,2,1,3,0,-1.4400001,0.31,298.81,-0.1241875,0.0081249997,0.93687499
819314,2,1,3,0,-1.4400001,0.31,298.81,-0.1241875,0.0081249997,0.93687499
819366,2,1,3,0,-1.4400001,0.31,298.81,-0.1244375,0.0066249999,0.94174999
819370,2,1,3,0,-1.4400001,0.31,298.81,-0.12175,0.0114375,0.93099999
819374,2,1,3,0,-1.4400001,0.31,298.81,-0.12175,0.0114375,0.93099999
819385,2,1,3,0,-1.4400001,0.31,298.81,-0.122875,0.0110625,0.93524998
819389,2,1,3,0,-1.4400001,0.31,298.81,-0.119875,0.012125,0.93656248
819394,2,1,3,0,-1.4400001,0.31,298.81,-0.119875,0.012125,0.93656248
819406,2,1,3,0,-1.4400001,0.31,298.81,-0.1249375,0.0078750001,0.93843752
819410,2,1,3,0,-1.4400001,0.31,298.81,-0.1224375,0.0080000004,0.936625
819414,2,1,3,0,-1.4400001,0.31,298.81,-0.1224375,0.0080000004,0.936625
819445,2,1,3,0,-1.4400001,0.31,298.81,-0.1211875,0.0104375,0.9375
819469,2,1,3,0,-1.4400001,0.31,298.81,-0.124125,0.0079375003,0.93756253
819473,2,1,3,0,-1.4400001,0.31,298.81,-0.124125,0.0079375003,0.93756253
819485,2,1,3,0,-1.4400001,0.31,298.81,-0.123875,0.0083125001,0.93537498
819489,2,1,3,0,-1.4400001,0.31,298.81,-0.123875,0.0096249999,0.93906248
819493,2,1,3,0,-1.4400001,0.31,298.81,-0.1239375,0.0096249999,0.93906248
819560,2,1,3,0,-1.4400001,0.31,298.81,-0.12475,0.01175,0.93518752
819564,2,1,3,0,-1.4400001,0.31,298.81,-0.1234375,0.01175,0.93518752
819568,2,1,3,0,-1.4400001,0.31,298.81,-0.1234375,0.01175,0.93518752
819590,2,1,3,0,-1.4400001,0.31,298.81,-0.122125,0.011,0.93518752
819594,2,1,3,0,-1.4400001,0.31,298.81,-0.1219375,0.011,0.93518752
819598,2,1,3,0,-1.4400001,0.31,298.81,-0.1219375,0.011,0.93518752
819614,2,1,3,0,-1.4400001,0.31,298.81,-0.1229375,0.0065000001,0.93862498
819618,2,1,3,0,-1.4400001,0.31,298.81,-0.1229375,0.0065000001,0.93862498
819622,2,1,3,0,-1.4400001,0.31,298.81,-0.12375,0.0088125002,0.93406248
819633,2,1,3,0,-1.4400001,0.31,298.81,-0.12275,0.010625,0.93356252
819637,2,1,3,0,-1.4400001,0.31,298.81,-0.12275,0.010625,0.93356252
819641,2,1,3,0,-1.4400001,0.31,298.81,-0.1235,0.01075,0.94024998
819673,2,1,3,0,-1.4400001,0.31,298.81,-0.1236875,0.0094374996,0.93975002
819677,2,1,3,0,-1.4400001,0.31,298.81,-0.1236875,0.0094374996,0.93975002
819681,2,1,3,0,-1.4400001,0.31,298.81,-0.1228125,0.01075,0.93856251
819720,2,1,3,0,-1.4400001,0.31,298.81,-0.1276875,0.0078125,0.94218749
819724,2,1,3,0,-1.4400001,0.31,298.81,-0.12375,0.011625,0.93849999
819728,2,1,3,0,-1.4400001,0.31,298.81,-0.12375,0.011625,0.93849999
819739,2,1,3,0,-1.4400001,0.31,298.81,-0.1211875,0.0103125,0.93518752
819743,2,1,3,0,-1.4400001,0.31,298.81,-0.12275,0.0094374996,0.93449998
819748,2,1,3,0,-1.4400001,0.31,298.81,-0.12275,0.0094374996,0.93449998
819803,2,1,3,0,-1.4400001,0.31,298.81,-0.12612499,0.0075625,0.93906248
819808,2,1,3,0,-1.4400001,0.31,298.81,-0.12612499,0.0075625,0.93906248
819812,2,1,3,0,-1.4400001,0.31,298.81,-0.12612499,0.0075625,0.93481249
