448470,3,1,3,2,-3.5599999,-2.75,251.63,0.01475,-0.22418749,0.76581252
448516,3,1,3,2,-3.5599999,-2.75,251.63,0.019625001,-0.1095,0.79668748
448541,3,1,3,2,-3.5599999,-2.75,251.63,-0.055312499,-0.108375,0.88756251
448655,3,1,3,2,-3.5,-2.75,251.63,-0.014375,-0.221625,0.82612503
448680,3,1,3,2,-3.4400001,-2.75,251.56,-0.1905625,0.22668751,1.1254375
448727,3,1,3,2,-3.5,-2.75,251.63,-0.071500003,0.015,1.01175
448842,3,1,3,2,-3.4400001,-2.75,251.56,-0.052000001,0.079999998,0.93906248
448867,3,1,3,2,-3.3800001,-2.75,251.56,-0.12325,0.18637501,1.0454375
448912,3,1,3,2,-3.4400001,-2.75,251.63,0.050375,-0.17012499,0.76993752
449006,3,1,3,2,-3.4400001,-2.75,251.63,0.066187501,-0.239375,0.75650001
449052,3,1,3,2,-3.4400001,-2.75,251.63,-0.059,0.062937498,0.95343751
449098,3,1,3,2,-3.4400001,-2.75,251.63,0.041812502,-0.26137501,0.79549998
449192,3,1,3,2,-3.4400001,-2.75,251.63,0.0079375003,-0.16643751,0.87843752
449238,3,1,3,2,-3.4400001,-2.75,251.63,-0.1531875,0.13225,1.0215625
449263,3,1,3,2,-3.4400001,-2.75,251.56,-0.114,0.093625002,1.0446875
449378,3,1,3,2,-3.4400001,-2.75,251.56,-0.0046250001,-0.1260625,0.87756252
449403,3,1,3,2,-3.4400001,-2.75,251.56,-0.052312501,-0.032625001,0.89368749
449449,3,1,3,2,-3.4400001,-2.75,251.56,0.017375,-0.1563125,0.87306249
449564,3,1,3,2,-3.5,-2.8099999,251.56,0.027375,-0.199,0.83037502
449589,3,1,3,2,-3.5599999,-2.8099999,251.56,0.0405,0.154,1.066125
449635,3,1,3,2,-3.5599999,-2.8099999,251.5,-0.057062499,-0.0070624999,1.0107501
449749,3,1,3,2,-3.5599999,-2.8099999,251.5,-0.061875001,-0.045499999,0.99550003
449775,3,1,3,2,-3.5,-2.8099999,251.44,-0.106875,0.15800001,0.99487501
449821,3,1,3,2,-3.5,-2.8099999,251.5,-0.17925,0.197375,0.80825001
449915,3,1,3,2,-3.4400001,-2.8099999,251.56,0.046875,-0.1961875,0.86412501
449960,3,1,3,2,-3.4400001,-2.8099999,251.63,0.0014375,-0.1141875,0.90074998
449985,3,1,3,2,-3.4400001,-2.8099999,251.63,-0.072499998,0.055937499,0.9848125
450100,3,1,3,2,-3.3800001,-2.8099999,251.5,-0.1070625,0.082125001,1.055625
450126,3,1,3,2,-3.3800001,-2.8099999,251.56,-0.057875,0.0714375,0.93206251
450172,3,1,3,2,-3.3800001,-2.8099999,251.56,-0.16562501,0.22993749,1.1039375
450287,3,1,3,2,-3.5,-2.8099999,251.56,0.083499998,-0.25018749,0.77537501
450313,3,1,3,2,-3.5,-2.8099999,251.56,0.031937499,-0.13393749,0.85293752
450358,3,1,3,2,-3.5,-2.8800001,251.56,0.0068124998,-0.19356249,0.868375
450453,3,1,3,2,-3.5,-2.8800001,251.5,-0.052000001,-0.0145,0.958875
450498,3,1,3,2,-3.4400001,-2.8099999,251.5,0.0105,-0.13043749,1.0295625
450523,3,1,3,2,-3.4400001,-2.8099999,251.5,-0.168625,0.175625,1.0815625
450638,3,1,3,2,-3.4400001,-2.8099999,251.5,-0.1776875,0.1813125,1.12
450663,3,1,3,2,-3.4400001,-2.8099999,251.5,-0.0179375,-0.0154375,0.85487503
450709,3,1,3,2,-3.4400001,-2.8800001,251.5,-0.125875,0.22031251,1.0821875
450803,3,1,3,2,-3.5,-2.8800001,251.5,0.019874999,-0.17262501,0.87068748
450850,3,1,3,2,-3.5,-2.8800001,251.5,0.046875,-0.21625,0.82368749
450896,3,1,3,2,-3.5,-2.8800001,251.5,-0.054125,-0.0205625,0.97456253
450990,3,1,3,2,-3.5,-2.8800001,251.44,-0.151875,0.121625,1.0586874
451035,3,1,3,2,-3.5,-2.8800001,251.44,-0.109875,0.1375625,1.0023125
451060,3,1,3,2,-3.5,-2.8800001,251.44,-0.1451875,0.215,1.1033125
451154,3,1,3,2,-3.5,-2.8800001,251.44,-0.118125,0.15549999,0.85087502
451200,3,1,3,2,-3.5599999,-2.8800001,251.44,0.047874998,-0.210125,0.82343751
451246,3,1,3,2,-3.5,-2.8800001,251.44,-0.065375,-0.040125001,0.94056249
451341,3,1,3,2,-3.5,-2.8800001,251.44,-0.13500001,0.111625,1.0083125
451387,3,1,3,2,-3.5,-2.8800001,251.44,-0.040937498,-0.021937501,0.96925002
451412,3,1,3,2,-3.5,-2.8800001,251.44,-0.12981249,0.11225,0.97118747
451506,3,1,3,2,-3.4400001,-2.8800001,251.44,-0.042750001,-0.077562504,0.88431251
451551,3,1,3,2,-3.4400001,-2.8800001,251.44,0.021125,-0.116125,0.90456247
451598,3,1,3,2,-3.4400001,-2.8800001,251.44,0.026125001,-0.20281249,0.77600002
451692,3,1,3,2,-3.3800001,-2.8800001,251.44,0.065812498,0.20550001,1.117875
451738,3,1,3,2,-3.3800001,-2.8800001,251.44,-0.056562498,-0.0169375,0.9930625
451763,3,1,3,2,-3.3800001,-2.8800001,251.44,-0.145375,0.2045,1.102
451856,3,1,3,2,-3.3800001,-2.9400001,251.44,-0.117125,0.17925,1.0166875
451902,3,1,3,2,-3.3099999,-2.8800001,251.44,-0.18925001,0.2029375,1.1649375
451948,3,1,3,2,-3.3099999,-2.9400001,251.44,-0.101625,0.1166875,0.9795
452063,3,1,3,2,-3.3099999,-2.9400001,251.44,-0.1195,0.206,1.043375
452088,3,1,3,2,-3.3099999,-2.9400001,251.44,0.072312497,-0.29306251,0.72299999
452134,3,1,3,2,-3.25,-2.9400001,251.44,-0.021500001,-0.042437501,0.88274997
452228,3,1,3,2,-3.25,-2.9400001,251.44,-0.13393749,0.120625,1.001375
452274,3,1,3,2,-3.1900001,-2.9400001,251.44,-0.027375,-0.03325,0.93643749
452299,3,1,3,2,-3.1900001,-2.9400001,251.44,-0.1080625,0.093812503,0.97687501
452414,3,1,3,2,-3.25,-2.9400001,251.44,-0.0385,-0.037,0.89393753
452439,3,1,3,2,-3.25,-2.9400001,251.44,-0.074687503,-0.052124999,0.9560625
452484,3,1,3,2,-3.25,-2.9400001,251.44,0.027875001,-0.17975,0.84712499
452558,3,1,3,2,-3.25,-2.9400001,251.44,-0.048,0.0080000004,0.95418751
452604,3,1,3,2,-3.3800001,-2.9400001,251.38,-0.133375,0.1235,0.99643749
452650,3,1,3,2,-3.3800001,-2.9400001,251.38,-0.1429375,0.1325625,0.84631252
452765,3,1,3,2,-3.5,-2.9400001,251.38,0.0370625,-0.20200001,0.86093748
452790,3,1,3,2,-3.5,-3,251.38,0.0092500001,-0.16006251,0.82325
452836,3,1,3,2,-3.5,-2.9400001,251.31,-0.0016875,-0.12,0.94656253
452930,3,1,3,2,-3.5599999,-2.9400001,251.31,-0.084687501,0.0190625,1.0073125
452976,3,1,3,2,-3.5599999,-2.9400001,251.31,-0.1315625,0.1238125,1.00025
453022,3,1,3,2,-3.5599999,-3,251.25,-0.14624999,0.1408125,1.036875
453116,3,1,3,2,-3.5599999,-3,251.31,-0.1234375,-0.15862501,0.85906249
453161,3,1,3,2,-3.5,-3,251.31,0.037500001,-0.1493125,0.83656251
453187,3,1,3,2,-3.5,-3,251.38,-0.0205625,-0.031312499,0.99993747
453301,3,1,3,2,-3.4400001,-2.9400001,251.31,-0.072499998,0.0036875,1.0266875
453327,3,1,3,2,-3.4400001,-2.9400001,251.31,-0.035062499,-0.066624999,0.9559375
453393,3,1,3,2,-3.4400001,-2.9400001,251.31,-0.14893749,0.1191875,1.0732501
453488,3,1,3,2,-3.4400001,-2.9400001,251.31,-0.13312501,0.105875,1.0378751
453533,3,1,3,2,-3.4400001,-3,251.38,-0.00275,0.0125,0.87825
453559,3,1,3,2,-3.3800001,-3,251.31,-0.070500001,0.069437496,0.94450003
453653,3,1,3,2,-3.3800001,-2.9400001,251.31,-0.099187501,-0.047812499,0.99937499
453677,3,1,3,2,-3.3800001,-2.9400001,251.31,-0.042187501,-0.065375,0.984375
453723,3,1,3,2,-3.3099999,-2.9400001,251.31,-0.14337499,0.067562498,0.9765625
453817,3,1,3,2,-3.3099999,-2.9400001,251.31,-0.039999999,0.045375001,0.91593748
453884,3,1,3,2,-3.3099999,-2.9400001,251.31,-0.14812499,-0.035875,0.85693753
453909,3,1,3,2,-3.3099999,-2.9400001,251.31,0.0224375,0.02,0.88975
454003,3,1,3,2,-3.25,-2.9400001,251.25,0.02225,0.01175,0.88243753
454028,3,1,3,2,-3.25,-2.9400001,251.25,-0.1126875,-0.0778125,0.97918749
454074,3,1,3,2,-3.1900001,-2.9400001,251.25,-0.043249998,-0.077687502,0.93181252
454189,3,1,3,2,-3.0599999,-2.9400001,251.25,-0.040874999,0.0053125001,0.93387502
454214,3,1,3,2,-3.0599999,-2.9400001,251.31,-0.018187501,0.0308125,0.84750003
454260,3,1,3,2,-3,-3,251.31,-0.01225,-0.018312501,0.86925
454354,3,1,3,2,-2.8800001,-3,251.31,0.068937503,0.017562499,0.92631251
454400,3,1,3,2,-2.8099999,-3,251.31,0.048250001,-0.018437499,0.96525002
454425,3,1,3,2,-2.8099999,-3,251.31,0.025125001,-0.0094374996,0.90306252
454519,3,1,3,2,-2.8099999,-3.0599999,251.25,0.118625,0.0033750001,0.88424999
454544,3,1,3,2,-2.8099999,-3.1300001,251.25,0.085375004,-0.022624999,0.99624997
454590,3,1,3,2,-2.8099999,-3.1300001,251.19,0.16393749,0.046500001,0.90875
454683,3,1,3,2,-2.8099999,-3.3099999,251,0.21431249,0.012625,0.8778125
454729,3,1,3,2,-2.9400001,-3.3099999,250.75,0.1654375,0.051750001,0.88581252
454754,3,1,3,2,-3,-3.3099999,250.5,0.180875,-0.059124999,0.99000001
454869,3,1,3,2,-3.25,-3.3800001,249.69,0.066937499,0.079687499,1.07075
454915,3,1,3,2,-3.25,-3.3800001,249.5,0.101125,-0.033374999,0.83481252
454961,3,1,3,2,-3.25,-3.4400001,249.44,0.2140625,-0.0099999998,0.84818751
455055,2,1,3,2,-3.3099999,-3.4400001,249.5,0.072937503,0.098812498,1.051125
455101,2,1,3,2,-3.3800001,-3.4400001,249.5,0.235625,-0.0555625,0.86206251
455126,2,1,3,2,-3.4400001,-3.4400001,249.44,0.1091875,0.048,0.94612497
455240,3,1,3,2,-4,-3.4400001,248.44,0.20649999,-0.058812499,0.95731252
455266,3,1,3,2,-4.1300001,-3.4400001,248.19,0.2131875,-0.033124998,0.82618749
455312,3,1,3,2,-4.3099999,-3.4400001,247.5,0.21762501,0.0196875,0.92118752
455406,3,1,3,2,-4.5,-3.5,246.5,0.17343751,0.019312499,1.017375
455452,3,1,3,2,-4.4400001,-3.5,246.31,0.195125,0.0053750002,0.93825001
455498,3,1,3,2,-4.3099999,-3.5599999,246.19,0.16562501,0.0465625,0.97318751
455592,3,1,3,2,-4,-3.6300001,246,0.1924375,-0.119625,0.87731248
455638,3,1,3,2,-3.8099999,-3.6900001,245.88,0.398,-0.086437501,0.889
455683,3,1,3,2,-3.6300001,-3.6900001,245.75,0.38587499,0.01025,0.86731249
455777,3,1,3,2,-3.1300001,-3.75,245.69,0.57887501,-0.107125,0.98793751
455803,3,1,3,2,-2.8800001,-3.75,245.75,0.69456249,0.029874999,0.92668748
455848,3,1,3,2,-2.4400001,-4,246,0.1451875,0.099687502,0.68787497
455963,3,1,3,2,-1.38,-3.9400001,246.81,0.60137498,-0.1446875,0.96793753
456009,3,1,3,2,-1.0599999,-4,246.94,0.42693749,-0.0119375,0.89025003
456034,3,1,3,2,-0.94,-3.9400001,246.94,0.66218752,0.063249998,0.81037498
456148,3,1,3,2,-0.13,-3.9400001,246.69,0.5654375,0.0169375,0.70249999
456173,3,1,3,2,0.059999999,-3.9400001,246.75,0.46512499,0.1694375,0.89093751
456197,3,1,3,2,0.38,-3.8800001,246.88,0.42587501,-0.1148125,0.99425
456289,3,1,3,2,1.63,-3.75,247.63,0.55537498,0.069437496,0.85918748
456313,3,1,3,2,1.9400001,-3.6900001,247.94,0.45912501,0.067125,0.9559375
456337,3,1,3,2,2.25,-3.6900001,248.25,0.416875,0.14362501,0.86975002
456428,3,1,3,2,3.3099999,-3.6900001,249.69,0.69562501,0.1828125,0.96893752
456453,3,1,3,2,3.5,-3.6300001,249.94,0.65268749,0.086937502,0.93000001
456477,3,1,3,2,3.6900001,-3.6900001,250.31,0.7155,0.092625,0.86618751
456568,3,1,3,2,3.75,-3.6900001,251.25,0.67343748,0.1165,0.88293749
456592,3,1,3,2,3.75,-3.6900001,251.44,0.161375,0.18062501,1.08075
456636,2,1,3,2,3.5599999,-3.8800001,251.94,0.83775002,0.024250001,0.39287499
456708,2,1,3,2,3.1300001,-3.8800001,252.44,0.29206249,0.47843751,0.4321875
456732,2,1,3,2,2.8800001,-4,252.5,0.027375,0.32181251,0.51975
456776,2,1,3,2,2.25,-4.0599999,252.5,0.64687502,0.1145,0.4795
456848,2,1,3,2,1.3099999,-4.1300001,252.25,0.0149375,0.34687501,0.22293749
456872,2,1,3,2,1.0599999,-4.1300001,252.25,0.25187501,0.33981249,0.54818749
456896,2,1,3,2,0.63,-4.1900001,252.19,0.048875,0.2036875,0.40268749
456989,2,1,3,2,-0.44,-4.3800001,251.94,0.39812499,0.15475,0.465
457035,2,1,3,2,-0.94,-4.4400001,251.75,0.70631248,0.1011875,0.70856249
457081,2,1,3,2,-1.38,-4.4400001,251.56,0.634,0.0290625,0.72074997
457175,2,1,3,2,-1.9400001,-4.4400001,251.31,0.74987501,-0.1360625,0.78100002
457200,2,1,3,2,-2.0599999,-4.3800001,251.31,0.57637501,0.133875,0.38824999
457246,2,1,3,2,-2.25,-4.3800001,251.13,0.59181249,0.136875,0.16850001
457361,2,1,3,2,-2.4400001,-4.4400001,250.94,0.66562498,-0.12275,0.43799999
457407,2,1,3,2,-2.5,-4.4400001,250.81,0.6615625,-0.037500001,0.26418751
457453,2,1,3,2,-2.4400001,-4.4400001,250.81,0.699,-0.01225,0.3655625
457547,2,1,3,2,-2.3099999,-4.6300001,250.94,0.79224998,0.0969375,0.30818751
457572,2,1,3,2,-2.25,-4.6300001,250.94,0.33375001,0.058874998,0.63743752
457618,2,1,3,2,-2.25,-4.6900001,250.94,0.4473125,0.055750001,0.06075
457712,2,1,3,2,-2.1900001,-4.75,250.81,0.31012499,0.035062499,0.46206251
457757,2,1,3,2,-2.0599999,-4.75,250.81,0.46537501,-0.086437501,0.1885
457803,2,1,3,2,-1.9400001,-4.8099999,250.94,0.5358125,0.3256875,0.3425
457897,2,1,3,2,-1.8099999,-4.75,250.94,0.2294375,0.13425,0.064937502
457943,2,1,3,2,-1.75,-4.6900001,251.06,0.31193751,0.18762501,0.092749998
457968,2,1,3,2,-1.6900001,-4.6300001,251.13,0.28968751,0.095624998,0.072937503
458083,2,1,3,2,-1.8099999,-4.8099999,251.31,0.3346875,-0.18725,0.17524999
458108,2,1,3,2,-1.88,-4.75,251.31,0.2080625,-0.12862501,0.2395625
458154,2,1,3,2,-2.0599999,-4.6300001,251.19,0.28668749,-0.053624999,0.3301875
458248,2,1,3,2,-2.3099999,-4.8800001,250.94,0.44956249,0.0099999998,0.33849999
458273,2,1,3,2,-2.3099999,-4.9400001,250.94,0.58218747,0.093125001,0.2155
458319,2,1,3,2,-2.3099999,-4.8800001,251,0.389375,-0.0859375,-0.029625
458434,2,1,3,2,-2.3099999,-4.75,250.88,0.22193751,-0.043125,-0.2246875
458459,2,1,3,2,-2.3099999,-4.6900001,250.88,0.29699999,-0.151375,-0.197125
458505,2,1,3,2,-2.25,-4.75,250.94,0.15000001,0.004125,-0.070687503
458599,2,1,3,2,-2.1900001,-4.75,250.88,0.3445625,0.056625001,0.085874997
458644,2,1,3,2,-2.1300001,-4.75,250.94,0.2280625,0.16806249,0.26199999
458670,2,1,3,2,-2.0599999,-4.75,251,0.3194375,0.1348125,0.029625
458784,2,1,3,2,-1.9400001,-4.75,250.94,0.26381251,0.029562499,0.108125
458810,2,1,3,2,-1.88,-4.75,251,0.33818749,-0.083625004,0.1135625
458856,2,1,3,2,-1.88,-4.75,250.94,0.36506251,0.1085625,0.17325
458950,2,1,3,2,-1.8099999,-4.5599999,250.81,0.374125,0.063187502,0.087562501
458975,2,1,3,2,-1.75,-4.5,250.75,0.37200001,0.10725,0.1573125
459021,2,1,3,2,-1.6900001,-4.3800001,250.75,0.25975001,0.13824999,0.1220625
459115,2,1,3,2,-1.4400001,-4.1900001,250.94,0.1265,-0.048374999,0.12818751
459161,2,1,3,2,-1.5,-4.1300001,250.81,0.24143749,-0.0138125,0.115125
459186,2,1,3,2,-1.5599999,-4.1300001,250.81,0.2689375,-0.045187499,0.21887501
459301,2,1,3,2,-1.5599999,-3.9400001,250.81,0.1938125,-0.0134375,0.054437499
459347,2,1,3,2,-1.5599999,-3.9400001,250.88,0.198,0.0058125001,0.064874999
459372,2,1,3,2,-1.63,-4,250.88,-0.1828125,-0.050500002,0.12800001
459487,2,1,3,2,-1.63,-3.1900001,250.25,0.14893749,-0.0445625,0.21625
459533,2,1,3,2,-1.0599999,-3.0599999,251.25,0.12549999,0.14093751,0.053187501
459558,2,1,3,2,-1.13,-3,251.13,-0.097000003,0.086687498,-0.087937497
459672,2,1,3,2,-1.5599999,-3.1900001,250.88,-0.19949999,0.0040000002,0.30868751
459698,2,1,3,2,-1.5599999,-3.1900001,250.75,-0.060625002,-0.146625,0.099437498
459744,2,1,3,2,-1.38,-3.1900001,250.75,-0.1094375,-0.0346875,0.21924999
459859,2,1,3,2,-0.94,-2.9400001,251,-0.198125,0.20237499,0.094999999
459884,2,1,3,2,-0.94,-2.6900001,250.81,-0.085812502,-0.074187502,0.081124999
459929,2,1,3,2,-0.81,-2.5599999,251.06,-0.147625,0.2008125,0.37881249
460023,2,1,3,2,-0.75,-2.6300001,251.25,-0.0060625002,-0.017875001,0.0535625
460069,2,1,3,2,-0.69,-2.75,251.25,0.066875003,0.053687502,0.1145
460094,3,1,3,2,-0.69,-2.8099999,251.38,0.38881251,-0.0123125,0.064499997
460209,3,1,3,2,-0.69,-3.75,251.56,0.1134375,0.109375,-0.1939375
460255,3,1,3,2,-0.81,-4.1300001,251.69,-0.048812501,-0.14362501,0.0114375
460301,3,1,3,2,-0.81,-4.3099999,251.69,0.25575,0.055437502,-0.036687501
460395,3,1,3,2,-0.88,-4.5,251.81,0.045249999,0.162875,0.1245
460441,3,1,3,2,-1,-4.4400001,251.94,0.050625,0.035124999,0.070874996
460466,3,1,3,2,-1.0599999,-4.5,251.88,0.026249999,-0.003125,-0.1433125
460581,3,1,3,2,-1.4400001,-4.3800001,251.75,-0.028000001,-0.0279375,0.27312499
460627,3,1,3,2,-1.5,-4.4400001,251.63,0.1378125,-0.031374998,0.24637499
460673,3,1,3,2,-1.38,-4.4400001,251.63,-0.10025,0.0033750001,0.133875
460767,2,1,3,2,-1.0599999,-4.5599999,251.75,0.41293749,-0.086687498,0.42868751
460792,2,1,3,2,-1,-4.5,251.69,0.1183125,-0.1055,-0.027687499
460838,2,1,3,2,-0.88,-4.5599999,251.69,0.31956249,0.089187503,0.25725001
460932,2,1,3,2,-0.63,-4.5,251.81,0.49349999,0.001,0.28475001
460978,2,1,3,2,-0.56,-4.5599999,251.88,0.23100001,0.1075625,0.38174999
461024,2,1,3,2,-0.56,-4.5,251.69,0.1805625,-0.107625,0.092
461118,2,1,3,2,-0.5,-4.5599999,251.94,0.147625,0.024062499,0.33700001
461164,2,1,3,2,-0.56,-4.5599999,251.81,0.43618751,0.00025000001,0.16949999
461189,2,1,3,2,-0.63,-4.5599999,251.88,0.129375,0.087437503,0.03125
461304,2,1,3,2,-0.44,-4.4400001,251.88,0.1104375,0.21618751,0.27175
461350,2,1,3,2,-0.38,-4.4400001,252.06,0.28256249,0.093687497,-0.024125
461396,2,1,3,2,-0.44,-4.4400001,252,0.25549999,-0.0076875002,-0.012875
461490,2,1,3,2,-0.56,-4.4400001,252,-0.0199375,0.214,-0.031874999
461536,2,1,3,2,-0.63,-4.3800001,251.75,-0.1035,0.0044999998,-0.1121875
461561,2,1,3,2,-0.63,-4.3099999,251.81,0.30006251,0.095375001,0.12718751
461676,3,1,3,2,-0.69,-3.8800001,251.69,0.045249999,0.30931249,-0.105875
461722,3,1,3,2,-0.75,-3.6300001,251.56,0.1005,0.0176875,-0.00275
461768,3,1,3,2,-0.75,-3.3800001,251.5,0.092437498,-0.0048750001,0.2326875
461862,3,1,3,2,-0.5,-3.1300001,251.56,0.073749997,0.062937498,-0.087312497
461909,3,1,3,2,-0.25,-3.0599999,251.63,0.0101875,0.057124998,0.2160625
461934,3,1,3,2,-0.25,-3.1300001,251.63,-0.14925,0.1055625,-0.018999999
462049,3,1,3,2,-0.25,-3.25,251.63,-0.14318749,-0.085500002,0.045062501
462094,3,1,3,2,-0.25,-3.1300001,251.63,-0.035750002,0.1488125,0.1835625
462119,3,1,3,2,-0.19,-3.0599999,251.5,-0.087875001,0.15037499,0.031874999
462234,3,1,3,2,-0.13,-2.6300001,251.44,0.261125,-0.0235625,0.19
462260,3,1,3,2,-0.13,-2.8099999,251.5,-0.23387501,0.1211875,-0.044374999
462305,3,1,3,2,-0.19,-2.8099999,251.56,0.0049999999,-0.0115625,0.32793751
462419,3,1,3,2,0.059999999,-2.6300001,251.56,0.27893749,-0.1015,0.30131251
462443,3,1,3,2,0.13,-2.6900001,251.56,-0.10575,0.044062499,0.27331251
462468,3,1,3,2,0.19,-2.6300001,251.5,0.41931251,0.1158125,0.42649999
462539,3,1,3,2,0.25,-2.3099999,251.56,0.11,0.079125002,0.2233125
462583,3,1,3,2,0.19,-2.1900001,251.5,-0.438375,0.0091875,-0.1095
462608,3,1,3,2,0.19,-2.1300001,251.38,-0.2115625,-0.0639375,0.018312501
462679,3,1,3,2,0.38,-2,251.44,0.0263125,0.028750001,0.040624999
462723,3,1,3,2,0.56,-1.88,251.5,-0.169,0.077375002,-0.032125
462748,3,1,3,2,0.69,-1.9400001,251.56,0.109125,0.1108125,0.20362499
462839,2,1,3,2,0.63,-1.75,251.63,-0.091562502,-0.079812497,0.155375
462864,2,1,3,2,0.63,-1.75,251.63,-0.024937499,-0.1176875,0.1509375
462888,2,1,3,2,0.63,-1.6900001,251.63,0.055875,-0.0025625001,-0.0093125002
462979,2,1,3,2,0.69,-1.6900001,251.69,-0.13725001,0.068499997,-0.1405625
463004,2,1,3,2,0.69,-1.75,251.69,0.076937497,0.17075001,-0.095437497
463028,2,1,3,2,0.69,-1.8099999,251.75,0.0023125,0.033500001,0.031687502
463120,2,1,3,2,0.69,-1.9400001,251.75,0.22912499,0.052375,-0.22543751
463164,2,1,3,2,0.63,-1.9400001,251.69,0.21806251,-0.023250001,0.30743751
463189,2,1,3,2,0.69,-1.88,251.69,0.028687499,-0.177625,-0.012
463634,3,1,3,2,1.5599999,-1.88,252.5,-0.039812502,-0.014375,0.067749999
463679,2,1,3,2,1.25,-1.9400001,252.56,0.14825,-0.1193125,-0.1185
463703,2,1,3,2,1,-1.9400001,252.5,-0.104875,-0.03475,0.2039375
464589,3,1,3,2,-2.4400001,-0.19,251.88,-0.68062502,-0.186,0.3713125
464634,3,1,3,2,-2.3800001,-0.059999999,251.81,-0.43968749,-0.343375,-0.18674999
464680,3,1,3,2,-2.3800001,-0.13,251.75,-0.59156251,-0.050250001,-0.079750001
464771,3,1,3,2,-2.25,0,251.69,-0.75181252,0.2121875,0.54987502
464796,3,1,3,2,-2.25,0,251.69,-0.59931248,-0.019187501,0.60837501
464821,3,1,3,2,-2.1900001,-0.059999999,251.63,-0.96931249,0.064062499,0.52149999
464914,3,1,3,2,-2,-0.19,251.63,-1.07425,-0.27818751,0.63331252
464958,2,1,3,2,-2,0.13,251.44,-0.017312501,0.16275001,0.2993125
464983,2,1,3,2,-1.9400001,0,251.5,-0.71012503,0.090812497,0.63612503
465054,2,1,3,2,-1.6900001,0.38,251.44,-0.0465625,-0.58237499,0.43474999
465099,2,1,3,2,-1.75,0.38,251.75,-0.64506251,0.095250003,0.75437498
465123,2,1,3,2,-1.8099999,0.63,251.5,-0.0275,0.00093749998,0.2298125
465215,2,1,3,2,-1.9400001,0.69,251.44,-0.80206251,0.14506251,0.38499999
465240,2,1,3,2,-1.9400001,0.63,251.44,-0.71987498,-0.2595,0.58837497
465264,2,1,3,2,-2,0.69,251.44,-0.37325001,0.2603125,-0.0037499999
465335,2,1,3,2,-1.9400001,0.56,251.38,-0.7331875,0.089625001,0.26912501
465380,2,1,3,2,-1.75,0.63,251.19,-0.57906252,-0.052499998,0.13456251
465404,2,1,3,2,-1.6900001,0.63,251.25,-0.61075002,-0.10725,0.6415
465495,2,1,3,2,-1.38,0.56,251.5,-0.56256253,0.0273125,0.35862499
465520,2,1,3,2,-1.38,0.56,251.69,-0.64856249,0.020500001,0.57262498
465565,2,1,3,2,-1.5599999,0.63,251.69,-0.70349997,-0.0043124999,0.62843752
465636,2,1,3,2,-1.88,0.63,251.56,-0.83206248,0.064499997,0.683375
465660,2,1,3,2,-1.9400001,0.56,251.5,-0.66543752,-0.1961875,1.0986249
465684,2,1,3,2,-2,0.63,251.44,-0.93049997,0.21600001,0.51937503
465775,2,1,3,2,-2.0599999,0.69,251.25,-0.82612503,-0.2349375,0.51012498
465800,2,1,3,2,-2,0.69,251.19,-0.9814375,0.1188125,0.44299999
465824,2,1,3,2,-1.9400001,0.69,251.19,-0.85325003,0.0515,0.30162501
465915,2,1,3,2,-1.63,0.75,251.31,-0.93637502,-0.096000001,0.942375
465940,2,1,3,2,-1.63,0.75,251.38,-0.65793753,-0.1690625,0.51493752
465964,2,1,3,2,-1.63,0.75,251.44,-0.91206253,-0.062125001,1.0016249
466035,2,1,3,2,-1.63,1.0599999,251.44,-0.74181253,-0.0019375,0.66100001
466079,2,1,3,2,-1.6900001,1,251.63,-0.91368753,-0.0080000004,0.97512501
466104,2,1,3,2,-1.75,1.13,251.56,-0.99856251,-0.1079375,1.1271875
466195,2,1,3,2,-2,1.1900001,251.44,-1.082625,0.038874999,0.98287499
466220,2,1,3,2,-2.0599999,1.1900001,251.38,-0.90856248,-0.090687498,0.82131249
466244,2,1,3,2,-2.0599999,1.1900001,251.31,-0.85593748,-0.027625,0.71162498
466335,3,1,3,2,-2.1300001,1.0599999,251.19,-0.81687498,-0.1474375,0.83156252
466360,3,1,3,2,-2.1300001,1.0599999,251.13,-0.84306252,-0.1055625,0.88524997
466384,3,1,3,2,-2.0599999,1.0599999,251.06,-0.96143752,-0.1050625,0.893875
466456,3,1,3,2,-1.8099999,1.1900001,251.06,-0.51706249,-0.048625,0.75743753
466500,3,1,3,2,-1.6900001,0.94,251.31,-0.95125002,-0.11275,0.97843748
466524,3,1,3,2,-1.63,1,251.31,-0.71899998,0.065937497,0.95587498
466616,3,1,3,2,-1.6900001,1,251.44,-0.85518748,-0.16356251,0.91343749
466640,3,1,3,2,-1.6900001,1,251.44,-1.0930001,-0.1435625,0.65868747
466664,3,1,3,2,-1.75,1,251.38,-0.95362502,-0.086437501,0.95862502
466755,3,1,3,2,-1.88,1,251.44,-0.81112498,-0.26506251,1.1398125
466780,3,1,3,2,-1.9400001,1.0599999,251.44,-0.83875,-0.1005625,0.9321875
466804,3,1,3,2,-2.0599999,1.13,251.31,-0.65937501,-0.085625,0.94112498
466895,3,1,3,2,-2.3800001,1.25,250.63,-0.93374997,-0.0115625,0.78224999
466920,3,1,3,2,-2.3099999,1.1900001,250.56,-0.85600001,-0.071249999,0.94962502
466944,3,1,3,2,-2.3099999,1.1900001,250.5,-0.91131252,-0.153375,0.95662498
467036,3,1,3,2,-2.0599999,1.1900001,250.06,-0.86581248,-0.063249998,1.0716875
467060,3,1,3,2,-1.88,1.13,250.06,-0.97012502,-0.092874996,1.075125
467104,3,1,3,2,-1.63,1.1900001,250.19,-0.92337501,-0.0299375,0.84443748
467175,3,1,3,2,-1.1900001,1.1900001,250.56,-0.93774998,0.0255,0.92012501
467200,3,1,3,2,-1.0599999,1.25,250.63,-0.73512501,0.067312501,0.73356253
467244,3,1,3,2,-0.94,1.1900001,250.69,-1.0098125,-0.038249999,0.96362501
467316,3,1,3,2,-0.81,1.13,250.75,-0.75431252,-0.094687499,0.97381252
467340,3,1,3,2,-0.75,1.0599999,250.81,-0.87418753,-0.044062499,1.0141875
467385,3,1,3,2,-0.69,1.0599999,250.81,-0.77362502,-0.12325,1.0655
467456,3,1,3,2,-0.44,0.5,251,-0.41624999,0.037687499,0.9946875
467480,3,1,3,2,-0.38,0.25,251.06,-0.22731251,0.107625,0.990125
467526,3,1,3,2,-0.25,-0.31,251.31,-0.2208125,0.019625001,0.85393751
467619,3,1,3,2,0,-1.5599999,251.69,-0.058125,-0.051687501,0.8071875
467663,3,1,3,2,0.059999999,-1.88,251.75,-0.090000004,0.0068124998,0.86131251
467688,3,1,3,2,0.13,-2,251.88,-0.032312501,0.0053750002,0.98018748
467759,3,1,3,2,0.38,-2.1300001,252.13,-0.05875,0.075874999,0.98681247
467803,3,1,3,2,0.56,-2.1900001,252.44,-0.1523125,-0.0263125,1.0145625
467828,3,1,3,2,0.69,-2.1300001,252.69,-0.11075,-0.069312498,0.93162501
467899,3,1,3,2,0.94,-2.0599999,253.25,-0.2115625,-0.000375,1.0635625
467944,3,1,3,2,1,-2.0599999,253.56,-0.063437499,0.070874996,0.91631252
467968,3,1,3,2,1.0599999,-2.0599999,253.81,-0.007125,0.070937499,0.89693749
468059,3,1,3,2,1.25,-2.0599999,255,-0.057437502,0.109625,0.96837503
468084,3,1,3,2,1.25,-2.0599999,255.25,0.024062499,0.026562501,0.83168751
468108,3,1,3,2,1.1900001,-2.1300001,255.56,-0.068125002,0.099687502,0.94462502
468179,3,1,3,2,0.88,-2.1300001,255.88,0.029874999,0.0196875,0.91868752
468223,3,1,3,2,0.56,-2.1900001,255.94,-0.072437502,0.0011875,1.0446875
468248,3,1,3,2,0.38,-2.1900001,255.88,-0.1215,-0.002875,1.0318125
468340,3,1,3,2,-0.25,-2.1900001,255.44,-0.17156249,0.1080625,1.0428751
468387,3,1,3,2,-0.69,-2.1900001,255.13,-0.0520625,0.048124999,0.9145
468433,3,1,3,2,-0.94,-2.1900001,254.81,-0.1313125,0.1154375,0.99281251
468526,3,1,3,2,-1.4400001,-2.1900001,254.06,-0.144375,0.086625002,0.92268747
468552,3,1,3,2,-1.5,-2.1900001,253.94,-0.069624998,-0.139125,0.87493747
468598,3,1,3,2,-1.5599999,-2.1900001,253.69,-0.071625002,0.083437502,1.0157501
468712,3,1,3,2,-1.75,-2.1900001,253.25,-0.147375,0.070187502,0.958
468758,3,1,3,2,-1.75,-2.1900001,253.13,-0.169375,0.085500002,1.002375
468804,3,1,3,2,-1.8099999,-2.1900001,253,-0.085312501,0.060874999,0.84893751
468878,3,1,3,2,-1.6900001,-2.1900001,252.94,-0.042125002,-0.077749997,0.8811875
468923,3,1,3,2,-1.63,-2.1900001,253,-0.0074375002,-0.071312502,0.90768749
468948,3,1,3,2,-1.5599999,-2.25,253.06,0.0058125001,-0.099124998,0.88593751
469063,3,1,3,2,-1.5599999,-2.25,253,-0.1305625,0.0305625,0.94975001
469109,3,1,3,2,-1.5599999,-2.25,252.94,-0.1129375,0.031125,0.96118748
469155,3,1,3,2,-1.5599999,-2.25,252.94,-0.034125,0.080562502,0.933375
469228,3,1,3,2,-1.5599999,-2.25,253.06,-0.022062499,0.001375,0.89556253
469274,3,1,3,2,-1.5599999,-2.25,253.13,-0.029562499,0.033500001,1.0586874
469299,3,1,3,2,-1.5599999,-2.25,253.19,-0.141875,-0.040687501,1.0016249
469414,3,1,3,2,-1.8099999,-2.3099999,253,-0.1873125,0.0225625,1.0349375
469460,3,1,3,2,-1.9400001,-2.25,252.81,-0.066500001,0.0848125,0.9675625
469506,3,1,3,2,-2.0599999,-2.3099999,252.63,-0.104375,0.0188125,0.90456247
469600,3,1,3,2,-2.25,-2.3099999,252.38,-0.043000001,-0.03025,0.97531247
469625,3,1,3,2,-2.3099999,-2.3099999,252.25,-0.084312499,-0.045937501,0.91074997
469671,3,1,3,2,-2.4400001,-2.3800001,252,-0.13231251,-0.01225,0.99006248
469765,3,1,3,2,-2.75,-2.3800001,251.19,-0.183375,0.056249999,1.0953125
469811,3,1,3,2,-2.8099999,-2.3800001,250.94,-0.1225,0.0958125,0.86274999
469857,3,1,3,2,-2.8800001,-2.3800001,250.69,-0.15206251,0.04575,0.97399998
469951,3,1,3,2,-2.8800001,-2.3800001,250.25,0.0083750002,-0.039875001,0.83968753
469976,3,1,3,2,-2.8800001,-2.3800001,250.13,-0.098812498,-0.089562498,1.02825
470022,3,1,3,2,-2.8800001,-2.4400001,249.81,-0.0080000004,-0.070249997,0.9248125
470137,3,1,3,2,-2.75,-2.3099999,249.44,-0.044312499,0.041000001,0.99562502
470183,3,1,3,2,-2.6900001,-2.3800001,249.25,-0.1644375,0.0053750002,1.03975
470208,3,1,3,2,-2.6300001,-2.3800001,249.19,-0.088687502,-0.0062500001,0.87893748
470323,3,1,3,2,-2.3800001,-2.3800001,249,0.0135,-0.0135,0.87743747
470348,3,1,3,2,-2.3099999,-2.3800001,249,-0.046187501,-0.058937501,0.87937498
470394,3,1,3,2,-2.1900001,-2.3800001,248.88,-0.0022499999,-0.051375002,0.86793751
470509,3,1,3,2,-1.9400001,-2.3800001,248.63,-0.036562499,-0.050999999,0.8968125
470555,3,1,3,2,-1.8099999,-2.4400001,248.5,0.0118125,-0.0503125,0.86687499
470580,3,1,3,2,-1.75,-2.4400001,248.5,-0.028562499,-0.0186875,0.95693749
470674,3,1,3,2,-1.38,-2.5,248.63,-0.1098125,0.006875,0.95612502
470720,3,1,3,2,-1.13,-2.5599999,248.75,0.023937499,-0.048374999,1.0556875
470766,3,1,3,2,-0.88,-2.5599999,248.94,0.21043751,-0.056499999,0.85131252
470860,3,1,3,2,-0.5,-2.6300001,249.44,0.018625,0.0055,0.85062498
470906,3,1,3,2,-0.38,-2.6300001,249.56,-0.1966875,0.051312499,0.9889375
470952,3,1,3,2,-0.25,-2.5599999,249.63,0.044624999,0.0051250001,1.106625
471046,3,1,3,2,-0.059999999,-2.6900001,249.75,0.072750002,0.061999999,0.90912497
471070,3,1,3,2,0,-2.6900001,249.75,0.034499999,-0.030750001,0.91374999
471115,3,1,3,2,0,-2.6900001,249.75,-0.18637501,0.01675,1.0891875
471186,3,1,3,2,0.19,-2.6900001,249.75,-0.050500002,0.037437499,1.022625
471230,3,1,3,2,0.44,-2.6900001,249.81,-0.1125,-0.0074999998,0.94887501
471254,3,1,3,2,0.5,-2.6300001,249.88,0.04575,0.050687499,0.91512501
471326,3,1,3,2,0.88,-2.6900001,250.25,0.0215625,0.064937502,0.83775002
471369,3,1,3,2,1.13,-2.75,250.63,-0.086499996,-0.042437501,0.84987497
471394,3,1,3,2,1.1900001,-2.6900001,250.75,-0.0888125,0.041437499,0.96425003
471465,3,1,3,2,1.5,-2.6300001,251.13,0.022375001,0.049437501,0.82075
471509,3,1,3,2,1.6900001,-2.6300001,251.44,-0.0714375,0.019375,0.91306251
471534,3,1,3,2,1.75,-2.6300001,251.56,0.0056874999,0.05875,0.87462503
471605,3,1,3,2,2.0599999,-2.6300001,252.13,-0.13537499,0.077875003,0.89737499
471649,3,1,3,2,2.3099999,-2.5599999,252.63,0.0071875001,0.063812502,0.94456249
471674,3,1,3,2,2.3800001,-2.6300001,252.81,-0.045312501,-0.0096875001,0.86106253
471745,3,1,3,2,2.6300001,-2.5,253.5,-0.056937501,0.001375,0.97775
471769,3,1,3,2,2.6900001,-2.5,253.88,-0.087624997,0.0128125,1.013875
471814,3,1,3,2,2.75,-2.5,254.31,-0.090374999,0.050000001,0.9329375
471885,3,1,3,2,2.75,-2.5,255.06,-0.0703125,0.086937502,0.92506248
471929,3,1,3,2,2.6300001,-2.5,255.38,-0.1229375,0.057,0.96187502
471954,3,1,3,2,2.6300001,-2.5599999,255.5,-0.20962501,0.090625003,0.97299999
472025,3,1,3,2,2.3800001,-2.5599999,255.88,0.042437501,0.050812501,0.7881875
472069,3,1,3,2,2.1900001,-2.6900001,256.06,-0.070812501,0.076437503,0.91387498
472094,3,1,3,2,2.1300001,-2.6900001,256.06,-0.095875002,0.066875003,0.97837502
472165,3,1,3,2,1.75,-2.6900001,256.19,-0.039749999,0.085312501,0.94343752
472209,3,1,3,2,1.5599999,-2.75,256.19,-0.086000003,-0.019375,0.96631253
472233,3,1,3,2,1.5,-2.75,256.25,0.017124999,0.014375,0.85843748
472324,3,1,3,2,1.1900001,-2.8800001,256.31,-0.066312499,0.031312499,0.93306249
472349,3,1,3,2,1.0599999,-2.8800001,256.38,-0.083374999,0.0138125,1.0140001
472373,3,1,3,2,1,-2.8800001,256.44,-0.1264375,-0.0185,1.043375
472445,3,1,3,2,0.81,-2.8800001,256.63,-0.078500003,0.0063125002,0.9453125
472469,3,1,3,2,0.75,-2.9400001,256.63,-0.1504375,0.075000003,0.9411875
472513,3,1,3,2,0.56,-2.9400001,256.63,-0.0538125,0.081,1.030875
472585,3,1,3,2,0.25,-3,256.5,-0.057124998,0.0593125,0.90812498
472629,3,1,3,2,0.059999999,-3,256.31,-0.073562503,0.023,0.93856251
472653,3,1,3,2,0,-3,256.25,-0.0128125,-0.0060000001,0.82643747
472747,3,1,3,2,-0.13,-3,256.19,0.002625,-0.0223125,0.89475
472771,3,1,3,2,-0.19,-3.0599999,256.19,-0.0628125,-0.0244375,0.97393751
472817,3,1,3,2,-0.19,-3.0599999,256.19,-0.111875,-0.025812499,0.94343752
472912,3,1,3,2,-0.25,-3.0599999,256.38,-0.15118749,-0.03125,0.9921875
472957,3,1,3,2,-0.31,-3.0599999,256.5,-0.0106875,0.053750001,0.94456249
473004,3,1,3,2,-0.38,-3.0599999,256.56,-0.12525,-0.04575,0.86268753
473098,3,1,3,2,-0.56,-3.0599999,256.56,-0.0086249998,0.025875,0.84506249
473122,3,1,3,2,-0.56,-3.0599999,256.56,-0.016625,0.057,0.91212499
473169,3,1,3,2,-0.69,-3.0599999,256.56,0.029562499,-0.05325,0.78974998
473284,3,1,3,2,-0.94,-3.0599999,256.56,-0.043000001,-0.0043124999,0.911125
473308,3,1,3,2,-1,-3.0599999,256.56,-0.2315,0.076812498,1.0173125
473355,3,1,3,2,-1.13,-3,256.56,-0.13062499,0.032937501,1.0344375
473449,3,1,3,2,-1.5,-3.1300001,256.31,-0.12800001,-0.0047499998,1.0059375
473494,3,1,3,2,-1.6900001,-3.1300001,256.06,0.031437501,-0.054499999,0.813375
473520,3,1,3,2,-1.88,-3.1300001,255.81,0.0049375002,-0.0526875,0.95249999
473634,3,1,3,2,-2.3099999,-3.1900001,255,-0.1889375,-0.027687499,0.98975003
473680,3,1,3,2,-2.4400001,-3.1300001,254.56,-0.093500003,-0.0224375,0.96981251
473726,3,1,3,2,-2.5599999,-3.1900001,254.25,-0.1464375,-0.025125001,0.96987498
473820,3,1,3,2,-2.5599999,-3.1900001,253.81,-0.064499997,-0.1175,0.88749999
473866,3,1,3,2,-2.5,-3.25,253.63,-0.0766875,0.023,1.0046875
473891,3,1,3,2,-2.5,-3.25,253.63,-0.1,-0.0275,0.92456251
474006,3,1,3,2,-2.3099999,-3.25,253.38,-0.208,0.0099999998,1.05275
474031,3,1,3,2,-2.3099999,-3.1900001,253.31,-0.058312502,-0.053687502,0.868375
474077,3,1,3,2,-2.3099999,-3.25,253,-0.1346875,-0.051062498,1.0070626
474171,3,1,3,2,-2.1900001,-3.1900001,252.38,-0.11,0.027562501,0.99856251
474217,3,1,3,2,-2,-3.25,252.25,-0.2279375,-0.101375,0.90750003
474263,3,1,3,2,-1.75,-3.25,252.25,-0.094312496,0.0291875,0.9658125
474357,3,1,3,2,-1.25,-3.1900001,252.44,-0.21187501,0.067625001,1.0154375
474403,3,1,3,2,-1,-3.1900001,252.63,-0.033875,0.0445625,0.88293749
474449,3,1,3,2,-0.75,-3.1900001,252.88,-0.037812501,0.059250001,0.92218751
474542,3,1,3,2,-0.44,-3.1900001,253.25,-0.0296875,-0.051437501,0.99650002
474567,3,1,3,2,-0.38,-3.1900001,253.31,-0.070687503,-0.042937499,1.0395625
474614,3,1,3,2,-0.31,-3.1900001,253.38,-0.152375,0.029437499,0.96312499
474728,3,1,3,2,-0.38,-3,253.25,-0.23450001,0.050875001,0.98412502
474753,3,1,3,2,-0.38,-2.8800001,253.25,-0.2310625,0.036687501,0.97131252
474799,3,1,3,2,-0.31,-2.8099999,253.25,-0.1745,0.092562497,0.79681247
474893,3,1,3,2,-0.25,-2.5599999,253.38,-0.21081249,-0.046750002,0.89881247
474938,3,1,3,2,-0.25,-2.4400001,253.38,-0.3675625,-0.029437499,1.0075625
474985,3,1,3,2,-0.25,-2.3099999,253.38,-0.429625,-0.078374997,1.0763125
475079,3,1,3,2,-0.31,-2.1300001,253.44,-0.29581249,0.066500001,0.93475002
475125,3,1,3,2,-0.38,-2.0599999,253.38,-0.3774375,-0.033,0.98162502
475171,3,1,3,2,-0.38,-2.0599999,253.38,-0.35425001,0.079437502,0.96887499
475264,3,1,3,2,-0.44,-1.8099999,253.25,-0.36212501,0.021500001,0.99268752
475310,3,1,3,2,-0.44,-1.75,253.25,-0.32093751,-0.1039375,0.98137498
475336,3,1,3,2,-0.44,-1.75,253.25,-0.41806251,-0.024374999,0.89606249
475430,3,1,3,2,-0.5,-1.8099999,253.19,-0.39475,0.077062503,0.87762499
475455,3,1,3,2,-0.5,-1.8099999,253.19,-0.38631251,0.0364375,0.95631248
475500,3,1,3,2,-0.56,-1.88,253.19,-0.41868749,0.0760625,1.005125
475594,3,1,3,2,-0.69,-1.88,253.06,-0.32256249,0.022937501,0.95775002
475640,3,1,3,2,-0.75,-1.88,253.19,-0.27762499,0.085687503,0.88637501
475665,3,1,3,2,-0.81,-1.9400001,253.25,-0.35824999,-0.066187501,0.96174997
475780,3,1,3,2,-1.1900001,-1.9400001,253.63,-0.331875,-0.11725,0.9970625
475826,3,1,3,2,-1.5,-2,253.5,-0.2615625,0.0105625,0.94325
475872,3,1,3,2,-1.8099999,-2,253.25,-0.26581249,-0.0558125,0.97062498
475966,3,1,3,2,-2.3099999,-2.0599999,252.75,-0.25437501,-0.10025,0.98400003
476012,3,1,3,2,-2.5599999,-2.1300001,252.56,-0.183,-0.065437503,0.94006252
476037,3,1,3,2,-2.6300001,-2.1300001,252.5,-0.26218751,-0.069687501,1.0296875
476152,3,1,3,2,-2.9400001,-2.3800001,252.5,-0.2043125,-0.0053750002,1.0118124
476177,3,1,3,2,-3,-2.4400001,252.5,-0.229,-0.011,0.92312503
476244,3,1,3,2,-3.3099999,-2.6300001,252.5,-0.152375,0.0309375,1.00975
476338,3,1,3,2,-3.8800001,-2.8099999,252.5,-0.1046875,0.0036249999,0.95618749
476363,3,1,3,2,-4.1300001,-2.8800001,252.44,-0.024062499,-0.124375,0.84387499
476409,3,1,3,2,-4.5599999,-2.9400001,252.31,-0.085562497,-0.078562498,0.944875
476503,3,1,3,2,-5.25,-2.9400001,252.19,-0.1061875,-0.1239375,0.96312499
476549,3,1,3,2,-5.5599999,-3,252.19,-0.065437503,-0.1726875,0.95712501
476595,3,1,3,2,-5.8099999,-3,252.19,-0.094937503,-0.079625003,0.95074999
476689,3,1,3,2,-6.1300001,-3.0599999,252.19,-0.036249999,-0.073375002,0.91593748
476714,3,1,3,2,-6.25,-3.0599999,252.19,-0.0208125,-0.1724375,0.89362502
476760,3,1,3,2,-6.3099999,-3.0599999,252.25,-0.0270625,-0.1010625,0.89525002
476854,3,1,3,2,-6.4400001,-3.1300001,252.25,-0.046999998,-0.10525,1.01
476899,3,1,3,2,-6.4400001,-3.1300001,252.25,-0.073749997,-0.17025,0.93162501
476945,3,1,3,2,-6.3800001,-3.1300001,252.25,-0.0143125,-0.13875,1.003125
477040,3,1,3,2,-6.25,-3.1300001,252.19,-0.078249998,-0.084312499,0.95443749
477064,3,1,3,2,-6.25,-3.1300001,252.19,-0.118875,-0.041812502,0.97962499
477111,3,1,3,2,-6.1300001,-3.1300001,252.13,-0.059875,-0.096625,0.87556249
477204,3,1,3,2,-5.8800001,-3.1300001,252.13,-0.0125625,-0.150125,0.88043749
477250,3,1,3,2,-5.6900001,-3.0599999,252.13,-0.0590625,-0.18862499,0.90499997
477296,3,1,3,2,-5.5,-3.0599999,252.13,-0.031312499,-0.1585625,0.83787501
477390,3,1,3,2,-4.9400001,-3.0599999,252.13,-0.0121875,-0.041375,1.038
477436,3,1,3,2,-4.6300001,-3.0599999,252.13,-0.096124999,-0.065187499,1.0156875
477461,3,1,3,2,-4.3800001,-3,252.19,-0.055125002,0.0091249999,0.97425002
477576,3,1,3,2,-3.6300001,-3,252.25,-0.1344375,0.050000001,1.036375
477622,3,1,3,2,-3.3800001,-3,252.25,-0.1430625,-0.015375,0.91787499
477647,3,1,3,2,-3.25,-3,252.25,-0.093625002,0.044875,0.97643751
477761,3,1,3,2,-2.9400001,-3,252.06,-0.130125,0.072687499,1.00675
477787,3,1,3,2,-2.9400001,-3,252,-0.0018124999,-0.19293749,0.8154375
477833,3,1,3,2,-2.8800001,-3,251.94,-0.050000001,-0.027375,0.88424999
477947,3,1,3,2,-2.5599999,-3.0599999,252.06,-0.114125,0.071937501,1.0110625
477973,3,1,3,2,-2.5,-3.0599999,252.13,-0.052625,-0.050187498,0.95674998
478019,3,1,3,2,-2.4400001,-3.0599999,252.13,-0.12531251,0.173125,1.0295
478112,2,1,3,2,-2.3800001,-3.0599999,252.19,-0.039687499,0.1175625,0.96974999
478158,2,1,3,2,-2.4400001,-3.0599999,252.19,-0.1911875,-0.205625,0.76075
478183,2,1,3,2,-2.4400001,-3.0599999,252.19,0.051937498,-0.075062498,0.84675002
478298,2,1,3,2,-2.5599999,-3.1300001,252.13,0.0118125,0.0055,0.90443748
478323,2,1,3,2,-2.5,-3.1300001,252.13,0.0036249999,-0.2304375,0.77687502
478390,2,1,3,2,-2.5599999,-3.1300001,252.13,0.029562499,-0.025374999,0.88300002
478484,2,1,3,2,-2.5,-3.1300001,252.13,-0.128875,0.0195,1.0549999
478509,2,1,3,2,-2.4400001,-3.1300001,252.13,-0.09025,-0.113625,0.94343752
478555,2,1,3,2,-2.3800001,-3.1300001,252.13,-0.173375,0.1505,1.0395625
478649,2,1,3,2,-2.3099999,-3.1300001,252.13,-0.0958125,0.059999999,0.9650625
478695,2,1,3,2,-2.25,-3.1300001,252.13,0.023937499,-0.1803125,0.92949998
478741,2,1,3,2,-2.1900001,-3.1300001,252.13,-0.016000001,-0.1114375,0.89531249
478835,2,1,3,2,-2.0599999,-3.1300001,252.13,-0.02,-0.1465625,0.99043751
478859,3,1,3,2,-2,-3.1300001,252.13,-0.15612499,0.163,1.0213125
478905,3,1,3,2,-1.9400001,-3.1300001,252.13,-0.1071875,0.036499999,1.01625
479020,3,1,3,2,-1.8099999,-3.1300001,252.13,-0.0140625,-0.037999999,0.87274998
479045,3,1,3,2,-1.75,-3.1300001,252.13,-0.06825,0.1035625,0.94499999
479091,3,1,3,2,-1.75,-3.1300001,252.19,0.0526875,-0.2316875,0.79825002
479206,3,1,3,2,-1.63,-3.1300001,252.19,0.035,-0.24662501,0.75881249
479231,3,1,3,2,-1.63,-3.1300001,252.19,-0.129875,0.035124999,1.0581875
479277,3,1,3,2,-1.5599999,-3.1300001,252.19,-0.052999999,-0.158125,0.86506248
479371,3,1,3,2,-1.4400001,-3.1300001,252.19,-0.087875001,0.1429375,1.002875
479396,3,1,3,2,-1.4400001,-3.1300001,252.19,-0.1461875,0.22293749,1.097
479442,3,1,3,2,-1.4400001,-3.1300001,252.19,-0.20243751,-0.0385,0.88475001
479536,3,1,3,2,-1.4400001,-3.1300001,252.19,0.0425625,-0.1615625,0.88893747
479582,3,1,3,2,-1.38,-3.1300001,252.19,-0.0691875,-0.056499999,0.97437501
479607,3,1,3,2,-1.38,-3.1300001,252.19,-0.036562499,-0.046812501,0.91256249
479722,3,1,3,2,-1.3099999,-3.1300001,252.13,-0.14856251,0.14256249,1.0369999
479746,3,1,3,2,-1.25,-3.1300001,252.13,-0.016375,-0.0141875,0.89893752
479793,3,1,3,2,-1.25,-3.1300001,252.13,-0.0735,0.140375,0.99268752
479886,3,1,3,2,-1.25,-3.1300001,252.19,-0.059562501,0.058375001,0.94125003
479932,3,1,3,2,-1.1900001,-3.1300001,252.19,0.036562499,-0.24150001,0.80699998
479957,3,1,3,2,-1.1900001,-3.1300001,252.13,0.054375,0.131,1.029375
