276922,0,1,3,0,-1.25,-1,73.629997,-0.099937499,-0.0043124999,0.90249997
276946,0,1,3,0,-1.25,-1,73.629997,-0.11375,-0.0051250001,0.94225001
276990,0,1,3,0,-1.25,-1,73.629997,-0.11175,-0.0040000002,0.92150003
277062,0,1,3,0,-1.25,-1,73.629997,-0.1078125,0.0018124999,0.936625
277106,0,1,3,0,-1.25,-1,73.629997,-0.1111875,-0.0076250001,0.91900003
277130,0,1,3,0,-1.25,-1,73.629997,-0.11425,-0.0022499999,0.96649998
277221,0,1,3,0,-1.25,-1,73.629997,-0.0894375,0.00031249999,0.90037501
277246,0,1,3,0,-1.25,-1,73.629997,-0.12075,-0.0075625,0.97868752
277270,0,1,3,0,-1.25,-1,73.629997,-0.1131875,-0.0066249999,0.96174997
277361,0,1,3,0,-1.25,-1,73.629997,-0.1075,-0.0024375001,0.92137498
277386,0,1,3,0,-1.25,-1,73.629997,-0.1020625,-0.0049999999,0.94068748
277411,0,1,3,0,-1.25,-1,73.629997,-0.099124998,-0.0078750001,0.92150003
277502,0,1,3,0,-1.25,-1,73.629997,-0.118875,-0.0036249999,0.97368753
277526,0,1,3,0,-1.25,-1,73.629997,-0.097937502,-0.01025,0.92299998
277551,0,1,3,0,-1.25,-1,73.629997,-0.112125,-0.0036249999,0.90181249
277622,0,1,3,0,-1.25,-1,73.629997,-0.115875,-0.0039375001,0.91956252
277666,0,1,3,0,-1.25,-1,73.629997,-0.1055625,-0.0068124998,0.91537499
277691,0,1,3,0,-1.25,-1,73.629997,-0.10725,-0.003,0.96143752
277762,0,1,3,0,-1.25,-1,73.629997,-0.1064375,-0.002625,0.94375002
277786,0,1,3,0,-1.25,-1,73.629997,-0.096874997,-0.0072499998,0.913625
277831,0,1,3,0,-1.25,-1,73.629997,-0.1008125,-0.0086874999,0.92243749
277902,0,1,3,0,-1.25,-1,73.629997,-0.096000001,-0.0073124999,0.917
277946,0,1,3,0,-1.25,-1,73.629997,-0.1105625,-0.0011875,0.972875
277971,0,1,3,0,-1.25,-1,73.629997,-0.099062502,-0.0059374999,0.9115625
278042,0,1,3,0,-1.25,-1,73.629997,-0.1075,-0.00575,0.917
278086,0,1,3,0,-1.25,-1,73.629997,-0.1035625,-0.0070624999,0.90637499
278111,0,1,3,0,-1.25,-1,73.629997,-0.109875,-0.0032500001,0.92993748
278202,0,1,3,0,-1.25,-1,73.629997,-0.108,-0.0129375,0.94062501
278227,0,1,3,0,-1.25,-1,73.629997,-0.1141875,-0.0031874999,0.936625
278251,0,1,3,0,-1.25,-1,73.629997,-0.11675,0.00025000001,0.97775
278322,0,1,3,0,-1.25,-1,73.629997,-0.114,-0.0033125,0.9715625
278367,0,1,3,0,-1.25,-1,73.629997,-0.115375,0.00093749998,0.96662498
278391,0,1,3,0,-1.25,-1,73.629997,-0.096437499,-0.0047499998,0.93937498
278463,0,1,3,0,-1.25,-1,73.629997,-0.103875,-0.00825,0.9285
278507,0,1,3,0,-1.25,-1,73.629997,-0.1038125,-0.004125,0.94743752
278531,0,1,3,0,-1.25,-1,73.629997,-0.1054375,-0.0038749999,0.9108125
278623,0,1,3,0,-1.25,-1,73.629997,-0.1076875,-0.0058749998,0.93881249
278647,0,1,3,0,-1.25,-1,73.629997,-0.098999999,-0.0098125003,0.91881251
278671,0,1,3,0,-1.25,-1,73.629997,-0.1144375,-0.001375,0.96224999
278763,0,1,3,0,-1.25,-1,73.629997,-0.099250004,-0.0074375002,0.9124375
278787,0,1,3,0,-1.25,-1,73.629997,-0.104625,-0.007375,0.91275001
278811,0,1,3,0,-1.25,-1,73.629997,-0.1104375,-0.0048750001,0.9683125
278903,0,1,3,0,-1.25,-1,73.629997,-0.107875,-0.0021875,0.91793752
278946,0,1,3,0,-1.25,-1,73.629997,-0.1053125,-0.0048125,0.90925002
278971,0,1,3,0,-1.25,-1,73.629997,-0.1144375,-0.0038125,0.9428125
279043,0,1,3,0,-1.25,-1,73.629997,-0.1151875,-0.0050625,0.96481252
279067,0,1,3,0,-1.25,-1,73.629997,-0.1005625,-0.0103125,0.91987503
279112,0,1,3,0,-1.25,-1,73.629997,-0.114,0.000062500003,0.97562498
279183,0,1,3,0,-1.25,-1,73.629997,-0.1098125,-0.003125,0.95806253
279227,0,1,3,0,-1.25,-1,73.629997,-0.1190625,-0.0038749999,0.98612499
279252,0,1,3,0,-1.25,-1,73.629997,-0.098562501,-0.0050625,0.93643749
279343,0,1,3,0,-1.25,-1,73.629997,-0.1233125,-0.0105625,0.95975
279367,0,1,3,0,-1.25,-1,73.629997,-0.093000002,-0.0031874999,0.91718751
279392,0,1,3,0,-1.25,-1,73.629997,-0.1198125,-0.010875,0.93856251
279483,0,1,3,0,-1.25,-1,73.629997,-0.099937499,-0.0099999998,0.92737502
279507,0,1,3,0,-1.25,-1,73.629997,-0.099437498,-0.0053750002,0.90968752
279532,0,1,3,0,-1.25,-1,73.629997,-0.10975,0.0031874999,0.95993751
279624,0,1,3,0,-1.25,-1,73.629997,-0.099375002,-0.0028125001,0.91600001
279648,0,1,3,0,-1.25,-1,73.629997,-0.10075,0.0014375,0.91224998
279672,0,1,3,0,-1.25,-1,73.629997,-0.103125,-0.0051874998,0.94349998
279764,0,1,3,0,-1.25,-1,73.629997,-0.1089375,-0.0058749998,0.93287498
279788,0,1,3,0,-1.25,-1,73.629997,-0.1121875,-0.0064375,0.97006249
279813,0,1,3,0,-1.25,-1,73.629997,-0.1011875,-0.007125,0.92037499
279904,0,1,3,0,-1.25,-1,73.629997,-0.1121875,0.004375,0.96912497
279928,0,1,3,0,-1.25,-1,73.629997,-0.087499999,-0.0028125001,0.90143752
279972,0,1,3,0,-1.25,-1,73.629997,-0.1105,-0.0020000001,0.96837503
280044,0,1,3,0,-1.25,-1,73.629997,-0.098937497,-0.0038749999,0.93787497
280068,0,1,3,0,-1.25,-1,73.629997,-0.1085,-0.0034375,0.91799998
280113,0,1,3,0,-1.25,-1,73.629997,-0.106875,-0.0146875,0.93581247
280184,0,1,3,0,-1.25,-1,73.629997,-0.098624997,-0.0111875,0.92012501
280208,0,1,3,0,-1.25,-1,73.629997,-0.1113125,0.0037499999,0.95362502
280253,0,1,3,0,-1.25,-1,73.629997,-0.110375,0.00031249999,0.93774998
280344,0,1,3,0,-1.25,-1,73.629997,-0.1030625,-0.0089375004,0.96025002
280369,0,1,3,0,-1.25,-1,73.629997,-0.1026875,-0.0088750003,0.91056252
280393,0,1,3,0,-1.25,-1,73.629997,-0.113875,-0.0061249998,0.97187501
280484,0,1,3,0,-1.25,-1,73.629997,-0.101625,-0.0066249999,0.91187501
280508,0,1,3,0,-1.25,-1,73.629997,-0.1088125,-0.0030624999,0.944125
280533,0,1,3,0,-1.25,-1,73.629997,-0.111625,-0.010875,0.94243753
280604,0,1,3,0,-1.25,-1,73.629997,-0.1018125,-0.0086874999,0.92493749
280628,0,1,3,0,-1.25,-1,73.629997,-0.12425,-0.0119375,0.91874999
280673,0,1,3,0,-1.25,-1,73.629997,-0.094937503,-0.0041875001,0.90175003
280744,0,1,3,0,-1.25,-1,73.629997,-0.100125,-0.0034375,0.90856248
280769,0,1,3,0,-1.25,-1,73.629997,-0.112875,-0.0023749999,0.98825002
280813,0,1,3,0,-1.25,-1,73.629997,-0.1111875,-0.0078750001,0.93137503
280884,0,1,3,0,-1.25,-1,73.629997,-0.1113125,-0.002875,0.92668748
280909,0,1,3,0,-1.25,-1,73.629997,-0.099875003,-0.0065624998,0.93137503
280953,0,1,3,0,-1.25,-1,73.629997,-0.1005,0.00081250002,0.95074999
281025,0,1,3,0,-1.25,-1,73.629997,-0.1134375,-0.0020625,0.9683125
281069,0,1,3,0,-1.25,-1,73.629997,-0.118625,-0.0035625,0.96762502
281094,0,1,3,0,-1.25,-1,73.629997,-0.1035,-0.0022499999,0.95050001
281165,0,1,3,0,-1.25,-1,73.629997,-0.1021875,-0.0050625,0.93237501
281209,0,1,3,0,-1.25,-1,73.629997,-0.111125,-0.0081249997,0.97468752
281233,0,1,3,0,-1.25,-1,73.629997,-0.1054375,-0.001875,0.90737498
281305,0,1,3,0,-1.25,-1,73.629997,-0.1198125,-0.0086249998,0.94050002
281350,0,1,3,0,-1.25,-1,73.629997,-0.1011875,-0.0051874998,0.91224998
281374,0,1,3,0,-1.25,-1,73.629997,-0.111125,-0.0039375001,0.94225001
281465,0,1,3,0,-1.25,-1,73.629997,-0.105125,-0.0124375,0.92549998
281490,0,1,3,0,-1.25,-1,73.629997,-0.1023125,-0.00025000001,0.91918749
281514,0,1,3,0,-1.25,-1,73.629997,-0.10825,-0.0045624999,0.97181249
281586,0,1,3,0,-1.25,-1,73.629997,-0.099250004,-0.002625,0.94612497
281630,0,1,3,0,-1.25,-1,73.629997,-0.1079375,-0.0070000002,0.94456249
281654,0,1,3,0,-1.25,-1,73.629997,-0.1034375,-0.0065624998,0.93124998
281746,0,1,3,0,-1.25,-1,73.629997,-0.1129375,-0.007375,0.94337499
281770,0,1,3,0,-1.25,-1,73.629997,-0.17025,-0.0033750001,0.93556249
281794,0,1,3,0,-1.25,-1,73.629997,-0.1593125,0.0175,0.87981248
281885,0,1,3,0,-1.25,-0.94,73.629997,-0.18306249,-0.011125,0.92012501
281910,0,1,3,0,-1.25,-0.81,73.629997,-0.19356249,-0.0169375,0.97706252
281934,0,1,3,0,-1.25,-0.75,73.629997,-0.214,-0.0084375003,0.93768752
282006,0,1,3,0,-1.25,-0.69,73.629997,-0.2463125,0.01075,0.95168751
282049,0,1,3,0,-1.25,-0.44,73.629997,-0.232875,0.0033125,0.88375002
282075,0,1,3,0,-1.25,-0.38,73.629997,-0.200625,-0.0014375,0.99268752
282146,0,1,3,0,-1.3099999,-0.31,73.629997,-0.235375,-0.007125,0.90731251
282190,0,1,3,0,-1.25,-0.25,73.629997,-0.26043749,-0.0075625,0.8585
282214,0,1,3,0,-1.25,-0.25,73.629997,-0.26493749,-0.0080624996,0.90487498
282286,0,1,3,0,-1.25,-0.19,73.629997,-0.2890625,-0.007125,0.91143751
282331,0,1,3,0,-1.25,-0.13,73.629997,-0.29300001,-0.010125,0.83881247
282355,0,1,3,0,-1.25,-0.13,73.629997,-0.29331249,-0.0078125,0.91549999
282446,0,1,3,0,-1.25,-0.059999999,73.629997,-0.37081251,-0.0066875,1.056
282470,0,1,3,0,-1.25,0,73.629997,-0.38581249,-0.024812501,0.88518751
282494,0,1,3,0,-1.25,0,73.629997,-0.37031251,-0.01725,1.0474375
282563,0,1,3,0,-1.25,0,73.559998,-0.42412499,0.0059374999,1.077
282587,0,1,3,0,-1.25,0,73.5,-0.41793749,0.0108125,0.98525
282610,0,1,3,0,-1.25,0,73.5,-0.3840625,0.023,0.82450002
282679,0,1,3,0,-1.3099999,0.059999999,73.379997,-0.33925,-0.0089999996,0.80274999
282703,0,1,3,0,-1.3099999,0.059999999,73.379997,-0.37862501,0.015812499,0.84443748
282727,0,1,3,0,-1.3099999,0.059999999,73.309998,-0.359,-0.0073124999,0.81918752
282796,0,1,3,0,-1.3099999,0.13,73.25,-0.44424999,-0.0288125,1.0651875
282820,0,1,3,0,-1.25,0.13,73.190002,-0.4605625,0.0058125001,1.116375
282843,0,1,3,0,-1.3099999,0.13,73.190002,-0.4576875,0.019437499,0.935
282912,0,1,3,0,-1.3099999,0.19,73.059998,-0.405375,0.0155625,0.78693748
282936,0,1,3,0,-1.3099999,0.19,73,-0.53637499,0.0071875001,0.96324998
282960,0,1,3,0,-1.3099999,0.19,72.940002,-0.44381249,0.023062499,0.72343749
283029,0,1,3,0,-1.3099999,0.19,72.809998,-0.4136875,0.00012500001,0.69906253
283053,0,1,3,0,-1.3099999,0.25,72.75,-0.349125,-0.0289375,0.93156248
283077,0,1,3,0,-1.3099999,0.25,72.690002,-0.47787499,-0.011125,0.73575002
283146,0,1,3,0,-1.3099999,0.25,72.559998,-0.49656251,-0.0090624997,1.1255625
283189,0,1,3,0,-1.38,0.31,72.440002,-0.38881251,-0.0306875,1.1414375
283193,0,1,3,0,-1.38,0.31,72.440002,-0.38881251,-0.0306875,1.1414375
283262,0,1,3,0,-1.38,0.25,72.25,-0.32706249,-0.024,1.03575
283286,0,1,3,0,-1.4400001,0.25,72.190002,-0.3240625,-0.031750001,1.076
283310,0,1,3,0,-1.4400001,0.25,72.129997,-0.3276875,-0.0015,0.8021875
283379,0,1,3,0,-1.4400001,0.13,71.879997,-0.38506249,-0.014375,0.91062498
283403,0,1,3,0,-1.4400001,0.13,71.879997,-0.38049999,-0.030874999,1.039875
283446,0,1,3,0,-1.4400001,0.13,71.690002,-0.411125,-0.028687499,0.96425003
283496,0,1,3,0,-1.38,0.13,71.559998,-0.41249999,-0.0018124999,1.0046875
283539,0,1,3,0,-1.38,0.19,71.440002,-0.40362501,-0.0028125001,0.88993752
283563,0,1,3,0,-1.38,0.19,71.379997,-0.4215,0.0034375,0.98993748
283613,0,1,3,0,-1.38,0.25,71.190002,-0.40493751,-0.017312501,0.89606249
283636,0,1,3,0,-1.38,0.25,71.129997,-0.40781251,0.0133125,0.89999998
283660,0,1,3,0,-1.38,0.25,71,-0.3980625,-0.001375,0.92449999
283729,0,1,3,0,-1.38,0.19,70.809998,-0.41356251,-0.0195625,0.99962503
283753,0,1,3,0,-1.38,0.19,70.809998,-0.4004375,0.0205625,0.92981249
283796,0,1,3,0,-1.3099999,0.19,70.690002,-0.38668749,0.036499999,0.96350002
283865,0,1,3,0,-1.25,0.19,70.559998,-0.40724999,0.061187498,0.96237499
283888,0,1,3,0,-1.25,0.19,70.5,-0.46443751,0.060062502,0.94975001
283913,0,1,3,0,-1.1900001,0.19,70.5,-0.43306249,0.064062499,0.89506251
283963,0,1,3,0,-1.13,0.81,70.440002,-0.49737501,0.0566875,0.95050001
284005,0,1,3,0,-1.13,0.81,70.440002,-0.51450002,0.061875001,0.91474998
284010,0,1,3,0,-1.13,0.81,70.440002,-0.50262499,0.034562498,0.95687503
284079,0,1,3,0,-1.13,1.5599999,70.440002,-0.50075001,0.041999999,0.92181247
284103,0,1,3,0,-1.13,1.63,70.440002,-0.50006253,0.032562502,0.94668752
284146,0,1,3,0,-1.13,1.63,70.440002,-0.51824999,-0.00012500001,0.90231252
284196,0,1,3,0,-1.13,1.6900001,70.440002,-0.52768749,0.031874999,0.94706249
284219,0,1,3,0,-1.13,1.75,70.440002,-0.5399375,0.032625001,0.948125
284262,0,1,3,0,-1.13,1.75,70.440002,-0.52487499,0.017562499,0.92925
284313,0,1,3,0,-1.13,1.75,70.440002,-0.53356248,0.040624999,0.95706248
284355,0,1,3,0,-1.13,1.75,70.440002,-0.53106248,-0.0135625,0.96850002
284360,0,1,3,0,-1.13,1.75,70.440002,-0.53106248,-0.0135625,0.96850002
284429,0,1,3,0,-1.13,1.75,70.440002,-0.48500001,-0.013125,0.94718748
284453,0,1,3,0,-1.13,1.75,70.440002,-0.48699999,0.061749998,0.95112503
284476,0,1,3,0,-1.13,1.75,70.440002,-0.50093752,0.048500001,0.89275002
284545,0,1,3,0,-1.0599999,1.75,70.440002,-0.50993752,0.080062501,0.88343751
284569,0,1,3,0,-1.0599999,1.75,70.440002,-0.50506252,0.067312501,0.94087499
284593,0,1,3,0,-1.0599999,2.25,70.440002,-0.46762499,-0.01425,0.94268751
284662,0,1,3,0,-1.0599999,2.1900001,70.440002,-0.451125,-0.045937501,0.91693747
284686,0,1,3,0,-1.0599999,2.1300001,70.5,-0.43718749,0.052999999,0.95787501
284709,0,1,3,0,-1.0599999,2.1300001,70.5,-0.45281249,0.071249999,0.93731248
284779,0,1,3,0,-1.0599999,2.0599999,70.5,-0.43625,0.083125003,0.93287498
284802,0,1,3,0,-1.0599999,2.0599999,70.5,-0.44125,0.046999998,0.93193752
284826,0,1,3,0,-1.0599999,2.0599999,70.5,-0.47762501,-0.029999999,0.90968752
284895,0,1,3,0,-1.0599999,2.0599999,70.559998,-0.39524999,-0.042312499,0.92443752
284919,0,1,3,0,-1.0599999,2.0599999,70.559998,-0.4535,0.090812497,0.97350001
284942,0,1,3,0,-1,2,70.559998,-0.4198125,0.051375002,0.90737498
285011,0,1,3,0,-1,2,70.559998,-0.37887499,0.07175,0.90549999
285036,0,1,3,0,-1,2,70.559998,-0.44468749,-0.031187501,0.93787497
285059,0,1,3,0,-1,2,70.559998,-0.3915,0.061375,0.92925
285129,0,1,3,0,-1,1.9400001,70.559998,-0.36643749,0.073562503,0.95924997
285153,0,1,3,0,-1,1.9400001,70.629997,-0.37887499,0.0130625,0.93637502
285177,0,1,3,0,-1,1.88,70.629997,-0.38918751,-0.0030624999,0.92400002
285246,0,1,3,0,-0.94,1.88,70.629997,-0.37593749,-0.00025000001,0.94818747
285270,0,1,3,0,-0.94,1.88,70.629997,-0.35793751,0.034937501,0.93187499
285293,0,1,3,0,-0.94,1.88,70.629997,-0.30781251,0.017625,0.91949999
285363,0,1,3,0,-0.94,1.88,70.690002,-0.31381249,-0.01525,0.96806252
285387,0,1,3,0,-0.94,1.88,70.690002,-0.23025,0.0296875,0.9345625
285410,0,1,3,0,-0.94,1.8099999,70.690002,-0.26306251,0.0471875,0.95424998
285479,0,1,3,0,-0.94,1.75,70.690002,-0.2031875,0.0370625,0.90425003
285503,0,1,3,0,-0.94,1.6900001,70.690002,-0.1746875,0.026000001,0.94337499
285527,0,1,3,0,-0.94,1.63,70.690002,-0.1784375,0.043749999,0.92299998
285596,0,1,3,0,-0.94,1.4400001,70.690002,-0.1115,0.0054374998,0.97324997
285620,0,1,3,0,-0.94,1.38,70.75,-0.093625002,-0.028000001,0.93256247
285663,0,1,3,0,-0.94,1.1900001,70.75,-0.073687501,0.029437499,0.91012502
285732,0,1,3,0,-0.94,0.94,70.809998,-0.1293125,0.051062498,0.97399998
285756,0,1,3,0,-0.94,0.94,70.809998,-0.055374999,0.0098125003,0.93187499
285779,0,1,3,0,-0.94,0.88,70.809998,-0.097312503,-0.0223125,0.95712501
285830,0,1,3,0,-0.94,0.75,70.879997,-0.12612499,0.0046250001,0.9699375
285853,0,1,3,0,-1,0.69,70.879997,-0.1035625,0.02225,0.9835
285877,0,1,3,0,-1,0.69,70.879997,-0.0934375,0.0145,0.98987502
285946,0,1,3,0,-1,0.69,70.940002,-0.11125,0.01075,0.9091875
285970,0,1,3,0,-1,0.63,70.940002,-0.0766875,0.0085624997,0.91724998
285993,0,1,3,0,-1,0.63,71,-0.097937502,0.00081250002,0.93018752
286062,0,1,3,0,-1,0.63,71,-0.1059375,0.01175,0.99518752
286086,0,1,3,0,-1,0.63,71.059998,-0.0760625,0.00575,0.95950001
286110,0,1,3,0,-1,0.63,71.059998,-0.091062501,0.0189375,0.94718748
286179,0,1,3,0,-1,0.63,71.129997,-0.104375,0.0040000002,0.97000003
286202,0,1,3,0,-1,0.56,71.129997,-0.092249997,0.023187499,0.91299999
286226,0,1,3,0,-1,0.56,71.129997,-0.092937499,0.017875001,0.967875
286295,0,1,3,0,-1,0.56,71.190002,-0.11125,0.018874999,0.90862501
286319,0,1,3,0,-1,0.56,71.190002,-0.120875,0.0079375003,0.92175001
286342,0,1,3,0,-1,0.63,71.25,-0.11775,0.01125,0.9559375
286412,0,1,3,0,-1.0599999,0.63,71.309998,-0.14624999,-0.012625,0.97100002
286435,0,1,3,0,-1.0599999,0.69,71.309998,-0.125875,0.0089999996,0.95818752
286459,0,1,3,0,-1.0599999,0.69,71.309998,-0.1715,0.010625,0.91675001
286528,0,1,3,0,-1.0599999,0.81,71.379997,-0.270125,0.0159375,0.89768749
286552,0,1,3,0,-1.0599999,0.81,71.379997,-0.24393751,0.019125,0.93949997
286595,0,1,3,0,-1.0599999,0.94,71.440002,-0.30456251,-0.020062501,1.0091875
286645,0,1,3,0,-1.0599999,1.0599999,71.440002,-0.2899375,0.03325,0.9025625
286688,0,1,3,0,-1.0599999,1.13,71.5,-0.3030625,0.0053750002,0.93493748
286712,0,1,3,0,-1.0599999,1.1900001,71.5,-0.27643749,0.015875001,0.91512501
286780,0,1,3,0,-1.13,1.1900001,71.5,-0.29537499,0.046999998,0.95693749
286804,0,1,3,0,-1.13,1.1900001,71.559998,-0.36118749,0.049312498,0.90318751
286828,0,1,3,0,-1.13,1.1900001,71.559998,-0.3235625,0.01175,0.86331248
286878,0,1,3,0,-1.0599999,1.5599999,71.559998,-0.3391875,0.0088750003,0.94581252
286921,0,1,3,0,-1.0599999,1.5599999,71.559998,-0.3783125,-0.015375,0.9131875
286925,0,1,3,0,-1.0599999,1.5599999,71.559998,-0.3643125,-0.0033750001,0.88518751
286995,0,1,3,0,-1.0599999,2.3099999,71.629997,-0.392625,0.032812499,0.87068748
287018,0,1,3,0,-1.0599999,2.3099999,71.629997,-0.3930625,0.0390625,0.86156249
287061,0,1,3,0,-1.0599999,2.3800001,71.629997,-0.35275,0.017000001,0.9864375
287130,0,1,3,0,-1.0599999,2.3800001,71.690002,-0.326125,0.047375001,1.0240625
287135,0,1,3,0,-1.0599999,2.3800001,71.690002,-0.326125,0.00125,0.90431249
287178,0,1,3,0,-1.0599999,2.3099999,71.690002,-0.36725,0.028000001,0.87225002
287228,0,1,3,0,-1.0599999,2.3099999,71.690002,-0.35600001,0.0133125,0.96293747
287251,0,1,3,0,-1.13,2.25,71.690002,-0.37443751,-0.033624999,0.89237499
287275,0,1,3,0,-1.0599999,2.25,71.690002,-0.34687501,0.067562498,0.92325002
287344,0,1,3,0,-1.0599999,2.25,71.690002,-0.38743749,0.0168125,0.94499999
287368,0,1,3,0,-1.0599999,2.25,71.75,-0.36456251,0.024250001,0.93931252
287392,0,1,3,0,-1.0599999,2.25,71.75,-0.35012501,0.0077499999,0.95037502
287461,0,1,3,0,-1.0599999,2.25,71.75,-0.41418749,0.042062499,0.88631248
287485,0,1,3,0,-1.0599999,2.25,71.75,-0.3495625,0.0120625,0.9190625
287508,0,1,3,0,-1.0599999,2.25,71.75,-0.36025,-0.0114375,0.95537502
287577,0,1,3,0,-1.0599999,2.25,71.75,-0.34549999,0.057750002,0.93043751
287601,0,1,3,0,-1.0599999,2.25,71.809998,-0.36318749,0.0141875,0.97312498
287625,0,1,3,0,-1.0599999,2.25,71.809998,-0.32949999,0.028124999,0.926875
287694,0,1,3,0,-1.0599999,2.3099999,71.809998,-0.3601875,-0.021062501,0.87637502
287718,0,1,3,0,-1.0599999,2.3099999,71.809998,-0.37962499,0.0434375,0.890625
287741,0,1,3,0,-1.0599999,2.3099999,71.809998,-0.34262499,0.044062499,0.97381252
287810,0,1,3,0,-1.0599999,2.3099999,71.809998,-0.31731251,0.0204375,0.94
287815,0,1,3,0,-1.0599999,2.3099999,71.809998,-0.359,0.0381875,0.94187498
287858,0,1,3,0,-1.0599999,2.3099999,71.809998,-0.3761875,0.033437502,0.91074997
287927,0,1,3,0,-1.13,2.3099999,71.809998,-0.34674999,0.0078125,0.91256249
287951,0,1,3,0,-1.13,2.3099999,71.809998,-0.326875,0.0096875001,0.93975002
287955,0,1,3,0,-1.13,2.3099999,71.809998,-0.35262501,-0.0049375002,1.02175
288025,0,1,3,0,-1.0599999,2.3099999,71.809998,-0.34512499,0.0273125,0.93156248
288048,0,1,3,0,-1.0599999,2.3099999,71.809998,-0.36793751,0.027375,0.87981248
288072,0,1,3,0,-1.0599999,2.3099999,71.809998,-0.34875,0.0058749998,0.9970625
288141,0,1,3,0,-1.0599999,2.25,71.879997,-0.3321875,0.048687499,1.00625
288165,0,1,3,0,-1.0599999,2.25,71.879997,-0.35418749,0.037625,0.91368753
288189,0,1,3,0,-1,2.25,71.879997,-0.38068751,-0.0033125,0.99087501
288258,0,1,3,0,-0.94,2.25,71.940002,-0.32374999,0.040562499,0.94968748
288282,0,1,3,0,-0.94,2.25,71.940002,-0.34237501,0.027625,1.01025
288305,0,1,3,0,-0.81,2.8099999,72,-0.32975,0.05525,0.93075001
288375,0,1,3,0,-0.75,3.1300001,72.059998,-0.3368125,0.039749999,0.91756248
288398,0,1,3,0,-0.69,3.6900001,72.059998,-0.34612501,0.087437503,1.02
288422,0,1,3,0,-0.63,3.6900001,72.129997,-0.34012499,0.079125002,0.8959375
288491,0,1,3,0,-0.63,3.6900001,72.190002,-0.32862499,0.039500002,0.92449999
288515,0,1,3,0,-0.69,3.6900001,72.190002,-0.3388125,0.066937499,0.94181252
288539,0,1,3,0,-0.69,3.6900001,72.25,-0.322,0.050812501,0.98787498
288608,0,1,3,0,-0.69,3.6900001,72.309998,-0.3178125,0.032375,0.95056248
288632,0,1,3,0,-0.69,3.6900001,72.309998,-0.29837501,0.015625,0.89025003
288656,0,1,3,0,-0.69,3.6900001,72.309998,-0.36074999,0.054062501,1.035
288724,0,1,3,0,-0.69,3.75,72.440002,-0.3276875,0.00075000001,0.99900001
288748,0,1,3,0,-0.69,3.75,72.440002,-0.2903125,-0.0133125,0.8878125
288772,0,1,3,0,-0.69,3.75,72.5,-0.38712499,0.1103125,1.055625
288841,0,1,3,0,-0.69,3.75,72.559998,-0.3199375,0.0509375,0.96493751
288866,0,1,3,0,-0.69,3.75,72.629997,-0.3298125,0.0270625,0.88249999
288889,0,1,3,0,-0.69,3.75,72.629997,-0.34924999,0.0410625,0.98949999
288958,0,1,3,0,-0.69,3.75,72.75,-0.273,0.06075,0.93593752
288982,0,1,3,0,-0.69,3.6900001,72.75,-0.37075001,0.042062499,0.91737503
289006,0,1,3,0,-0.69,3.6900001,72.809998,-0.30993751,0.075187497,0.86418748
289075,0,1,3,0,-0.75,3.6300001,72.879997,-0.2673125,0.0445625,0.91331249
289099,0,1,3,0,-0.75,3.5599999,72.940002,-0.2569375,0.025812499,0.91125
289123,0,1,3,0,-0.81,3.5599999,72.940002,-0.2894375,0.056625001,1.0163125
289192,0,1,3,0,-0.81,3.5599999,73,-0.2960625,0.0370625,1.017375
289216,0,1,3,0,-0.81,3.5599999,73.059998,-0.23693749,0.0318125,0.90799999
289239,0,1,3,0,-0.81,3.5599999,73.059998,-0.28462499,0.076187499,1.0550625
289309,0,1,3,0,-0.81,3.6900001,73.190002,-0.211375,0.00875,1.019375
289333,0,1,3,0,-0.81,3.6900001,73.190002,-0.1905625,0.022624999,0.93300003
289356,0,1,3,0,-0.88,3.6900001,73.190002,-0.25924999,0.067937501,0.94843751
289426,0,1,3,0,-0.88,3.75,73.25,-0.192625,0.013125,0.93312502
289449,0,1,3,0,-0.88,3.75,73.309998,-0.1595625,0.0077499999,0.94918752
289473,0,1,3,0,-0.88,3.75,73.309998,-0.164,0.022,1.0708125
289542,0,1,3,0,-0.81,3.75,73.379997,-0.1071875,-0.001625,1.007875
289566,0,1,3,0,-0.81,3.75,73.440002,-0.1020625,0.029999999,1.0295625
289590,0,1,3,0,-0.81,3.75,73.440002,-0.11675,0.023062499,0.99237502
289659,0,1,3,0,-0.81,3.75,73.5,-0.071249999,0.042750001,0.85331249
289683,0,1,3,0,-0.81,3.75,73.5,-0.1138125,0.038562499,0.91631252
289707,0,1,3,0,-0.75,3.75,73.559998,-0.1138125,0.032499999,0.97837502
289775,0,1,3,0,-0.75,3.6300001,73.629997,-0.071812503,-0.011,0.85131252
289799,0,1,3,0,-0.75,3.6300001,73.629997,-0.1010625,0.043062501,0.98862499
289823,0,1,3,0,-0.81,3.5599999,73.629997,-0.055687498,-0.0138125,0.88968748
289892,0,1,3,0,-0.81,3.5,73.690002,-0.062875003,-0.011,0.88181251
289916,0,1,3,0,-0.88,3.4400001,73.690002,-0.094812497,0.022937501,0.96018749
289940,0,1,3,0,-0.88,3.4400001,73.690002,-0.098812498,-0.020375,0.9248125
289990,0,1,3,0,-0.94,3.3800001,73.629997,-0.050375,-0.0489375,0.92431247
290033,0,1,3,0,-1,3.3099999,73.629997,-0.085062496,-0.0018124999,0.94
290057,0,1,3,0,-1,3.3099999,73.629997,-0.026687499,-0.054312501,0.95981252
290126,0,1,3,0,-1.0599999,3.1900001,73.629997,-0.020187501,-0.029874999,0.9478125
290149,0,1,3,0,-1.0599999,3.1900001,73.629997,0.0098125003,-0.039812502,0.92750001
290173,0,1,3,0,-1.0599999,3.1300001,73.629997,0.00093749998,-0.042312499,0.88587499
290242,0,1,3,0,-1.0599999,3,73.629997,0.020937501,-0.02925,0.93887502
290266,0,1,3,0,-1.0599999,3,73.629997,0.0125,-0.0065624998,1.0033125
290270,0,1,3,0,-1.0599999,3,73.629997,0.0125,-0.0065624998,1.0033125
290339,0,1,3,0,-1.0599999,2.9400001,73.629997,0.068937503,-0.032249998,0.94768751
290363,0,1,3,0,-1,2.9400001,73.559998,0.045249999,-0.045937501,0.97474998
290387,0,1,3,0,-1,2.9400001,73.559998,0.099937499,-0.035750002,0.93268752
290456,0,1,3,0,-0.94,2.9400001,73.559998,0.1144375,-0.066437498,0.98874998
290480,0,1,3,0,-0.94,2.9400001,73.559998,0.1260625,-0.027875001,0.98881251
290504,0,1,3,0,-0.94,2.9400001,73.5,0.1474375,-0.0401875,0.98137498
290573,0,1,3,0,-0.94,2.4400001,73.5,0.17174999,-0.0223125,0.91437501
290596,0,1,3,0,-0.94,2.4400001,73.440002,0.132875,-0.0101875,0.88912499
290620,0,1,3,0,-0.94,2.4400001,73.440002,0.16075,-0.063187502,0.9831875
290689,0,1,3,0,-0.94,2.3800001,73.379997,0.242625,-0.045937501,0.96237499
290713,0,1,3,0,-0.94,2.3800001,73.309998,0.1946875,-0.0178125,0.94756252
290737,0,1,3,0,-0.94,2.3800001,73.309998,0.248,-0.049312498,0.87843752
290806,0,1,3,0,-0.94,2.3800001,73.25,0.2590625,-0.062437501,0.97025001
290830,0,1,3,0,-0.94,2.3800001,73.25,0.27599999,-0.039312501,0.926
290854,0,1,3,0,-1,1.63,73.25,0.30724999,-0.057500001,0.84799999
290923,0,1,3,0,-1,0.88,73.190002,0.34468749,-0.0955,0.94818747
290947,0,1,3,0,-1,0.88,73.190002,0.3096875,-0.070124999,1.0075625
290970,0,1,3,0,-1,0.81,73.129997,0.32418749,-0.050250001,0.98018748
291039,0,1,3,0,-0.94,0.75,73.059998,0.30806249,-0.036812499,0.88906252
291063,0,1,3,0,-0.94,0.75,73.059998,0.34181249,-0.052875001,0.87668753
291087,0,1,3,0,-0.94,0.75,73.059998,0.375,-0.057374999,0.99524999
291156,0,1,3,0,-0.94,0.75,73,0.30812499,-0.014375,0.94212502
291180,0,1,3,0,-0.94,0.75,73,0.324375,-0.016000001,0.90200001
291204,0,1,3,0,-0.94,0.75,73,0.36156249,-0.079812497,0.91268748
291273,0,1,3,0,-0.94,0.75,73,0.39087501,-0.0379375,0.88656253
291296,0,1,3,0,-0.94,0.75,73,0.339625,-0.013375,0.82656252
291320,0,1,3,0,-0.94,0.75,73,0.322375,-0.010625,0.84468752
291389,0,1,3,0,-0.94,0.69,73,0.3125,-0.0110625,0.8993125
291413,0,1,3,0,-0.94,0.69,73,0.39500001,-0.062437501,0.88499999
291437,0,1,3,0,-0.94,0.69,73,0.37650001,-0.053374998,0.99250001
291506,0,1,3,0,-0.88,0.69,73,0.34650001,-0.046750002,0.83068752
291530,0,1,3,0,-0.88,0.69,73,0.38137501,-0.03875,0.8506875
291554,0,1,3,0,-0.94,0.63,73,0.38468751,-0.036874998,0.83718753
291623,0,1,3,0,-0.88,0.63,73,0.38587499,-0.022812501,0.93449998
291647,0,1,3,0,-0.88,0.63,73,0.4585,-0.044500001,0.81356251
291671,0,1,3,0,-0.88,0.56,73,0.4465625,-0.034499999,0.89918751
291740,0,1,3,0,-0.88,0.5,73,0.44756249,-0.061625,0.88287503
291763,0,1,3,0,-0.88,0.5,73,0.3918125,0.01225,0.91737503
291787,0,1,3,0,-0.81,0.5,73,0.45862499,-0.048500001,0.852
291856,0,1,3,0,-0.81,0.44,73,0.49818751,-0.02575,0.83293748
291881,0,1,3,0,-0.88,-0.31,73,0.3581875,-0.032187499,0.96356249
291906,0,1,3,0,-0.81,-0.31,73,0.37962499,-0.013875,0.88012499
291997,0,1,3,0,-0.81,-0.31,73,0.36743751,-0.0098750005,0.84956253
292022,0,1,3,0,-0.81,-0.31,73,0.34362501,-0.039625,0.96381247
292046,0,1,3,0,-0.81,-0.31,73,0.31275001,-0.064499997,0.91974998
292137,0,1,3,0,-0.81,-0.25,73,0.26175001,-0.020187501,0.90562499
292182,0,1,3,0,-0.81,-0.81,73,0.214875,-0.030625001,0.92131251
292206,0,1,3,0,-0.81,-1.3099999,73,0.19625001,-0.022375001,0.96587503
292278,0,1,3,0,-0.81,-1.25,73,0.2003125,-0.049812499,0.98400003
292322,0,1,3,0,-0.81,-1.25,73,0.129125,-0.027625,0.95249999
292346,0,1,3,0,-0.81,-1.1900001,73,0.120625,-0.0050625,0.91350001
292418,0,1,3,0,-0.75,-1.13,73,0.051437501,-0.0289375,0.93349999
292462,0,1,3,0,-0.75,-1.0599999,73,-0.038687501,0.0098750005,0.94687498
292487,0,1,3,0,-0.81,-1.0599999,73,-0.019375,-0.0032500001,0.93849999
292558,0,1,3,0,-0.81,-0.94,73,-0.055937499,-0.0066249999,0.93968749
292603,0,1,3,0,-0.81,-0.81,73,-0.1056875,0.0038749999,0.97350001
292627,0,1,3,0,-0.81,-0.81,73,-0.10825,0.015875001,0.91106248
292718,0,1,3,0,-0.81,-0.63,73,-0.1098125,0.0058749998,0.88700002
292743,0,1,3,0,-0.81,-0.56,73,-0.1049375,-0.021,1.0163749
292767,0,1,3,0,-0.81,-0.56,73,-0.067562498,0.00275,0.86699998
292859,0,1,3,0,-0.81,-0.44,73,-0.1371875,-0.01425,0.90131247
292883,0,1,3,0,-0.81,-0.44,73,-0.105875,0.0061875,0.97606248
292907,0,1,3,0,-0.81,-0.44,73,-0.099124998,-0.0060000001,0.95181251
292999,0,1,3,0,-0.81,-0.44,73,-0.05875,-0.033687498,0.91943753
293023,0,1,3,0,-0.81,-0.5,73,-0.054625001,-0.033500001,0.95125002
293047,0,1,3,0,-0.81,-0.5,73,-0.07175,0.0146875,0.98175001
293138,0,1,3,0,-0.81,-0.63,73,0.0053750002,0.0038125,0.81550002
293163,0,1,3,0,-0.81,-0.63,73,-0.0074375002,-0.0186875,0.95581251
293187,0,1,3,0,-0.75,-0.63,73,-0.0098750005,-0.0083125001,0.96681249
293278,0,1,3,0,-0.75,-0.69,73,-0.1178125,-0.014125,0.92774999
293303,0,1,3,0,-0.75,-0.69,73,-0.1041875,0.033,0.91537499
293327,0,1,3,0,-0.75,-0.63,73,-0.13575,0.014625,1.02025
293418,0,1,3,0,-0.75,-0.5,73,-0.1599375,-0.0111875,0.92774999
293443,0,1,3,0,-0.75,-0.5,73,-0.17712501,-0.0021875,0.87612498
293468,0,1,3,0,-0.75,-0.44,73,-0.16325,0.0108125,0.93343753
293558,0,1,3,0,-0.81,-0.31,73,-0.197125,0.0250625,0.92756248
293583,0,1,3,0,-0.81,-0.31,73,-0.2166875,0.017562499,0.93062502
293607,0,1,3,0,-0.81,-0.31,73,-0.19256251,-0.0175,0.9425
293679,0,1,3,0,-0.81,-0.31,73,-0.18531249,0.014375,0.91425002
293723,0,1,3,0,-0.81,-0.31,73,-0.24743751,0.0038749999,0.99568748
293747,0,1,3,0,-0.88,-0.31,73,-0.21806251,0.02025,0.93143749
293818,0,1,3,0,-0.81,-0.25,73,-0.259,0.054749999,0.88075
293843,0,1,3,0,-0.81,-0.25,73,-0.2788125,0.029124999,0.91649997
293887,0,1,3,0,-0.88,-0.13,73,-0.28850001,0.042125002,0.92581248
293978,0,1,3,0,-0.88,-0.059999999,73,-0.2395625,0.025875,0.97587502
294002,0,1,3,0,-0.88,0,73,-0.28924999,-0.0049999999,0.92062497
294026,0,1,3,0,-0.88,0,73,-0.30849999,-0.0080624996,0.89918751
294095,0,1,3,0,-0.88,0,73,-0.2734375,-0.0141875,0.95968747
294118,0,1,3,0,-0.88,0,73,-0.27762499,0.0263125,0.9370625
294142,0,1,3,0,-0.88,0,73,-0.25937501,0.0033750001,0.92925
294211,0,1,3,0,-0.88,0,73,-0.3350625,0.01275,0.97474998
294235,0,1,3,0,-0.88,0,73,-0.293125,-0.032187499,0.98131251
294258,0,1,3,0,-0.88,0,73,-0.366,0.0080624996,1.02275
294327,0,1,3,0,-0.88,0.059999999,73,-0.317875,0.0255,0.94968748
294351,0,1,3,0,-0.88,0.13,73,-0.38137501,0.016687499,0.98724997
294375,0,1,3,0,-0.88,0.13,73,-0.3914375,-0.043562502,0.8853125
294444,0,1,3,0,-0.88,0.25,73,-0.348625,-0.020874999,0.90512502
294468,0,1,3,0,-0.88,0.25,73,-0.39587501,0.033,0.90700001
294492,0,1,3,0,-0.88,0.31,73,-0.3413125,0.041499998,0.91162503
294561,0,1,3,0,-0.88,0.31,73,-0.37593749,0.071312502,0.87800002
294585,0,1,3,0,-0.88,0.31,73,-0.34231251,-0.0150625,0.92693752
294608,0,1,3,0,-0.88,0.31,73,-0.38725001,0.0124375,0.94956249
294658,0,1,3,0,-0.88,0.31,73,-0.36656249,-0.0001875,0.96937501
294682,0,1,3,0,-0.88,0.31,73,-0.3819375,0.048187502,0.99349999
294725,0,1,3,0,-0.88,0.31,73,-0.44018751,0.0241875,0.91712499
294775,0,1,3,0,-0.88,0.31,73,-0.4313125,-0.048625,0.99725002
294799,0,1,3,0,-0.88,0.31,73,-0.42787501,0.025687501,0.93506253
294823,0,1,3,0,-0.88,0.31,73,-0.36381251,-0.015687499,0.98412502
294892,0,1,3,0,-0.88,0.31,73,-0.43974999,-0.00825,0.96556252
294915,0,1,3,0,-0.88,0.31,73,-0.38593751,0.0080624996,0.9248125
294939,0,1,3,0,-0.88,0.31,73,-0.43000001,0.0425,0.95112503
295008,0,1,3,0,-0.88,0.31,73,-0.39087501,-0.00275,0.91843748
295032,0,1,3,0,-0.88,0.31,73,-0.41018751,0.033062499,0.92406249
295056,0,1,3,0,-0.88,0.31,73,-0.37843749,0.034875002,0.99668747
295125,0,1,3,0,-0.88,0.31,73,-0.39574999,-0.0029374999,0.95999998
295148,0,1,3,0,-0.88,0.31,73,-0.4296875,-0.0084375003,0.9568125
295172,0,1,3,0,-0.88,0.31,73,-0.39281249,0.018999999,0.92549998
295241,0,1,3,0,-0.88,0.31,73,-0.41218749,0.0190625,0.94725001
295265,0,1,3,0,-0.88,0.31,73,-0.397625,0.043062501,0.89450002
295289,0,1,3,0,-0.88,0.31,73,-0.40937501,0.040562499,0.9033125
295358,0,1,3,0,-0.94,0.25,73,-0.39243749,-0.0163125,0.88512498
295382,0,1,3,0,-0.94,0.19,73,-0.41549999,0.051375002,0.93699998
295405,0,1,3,0,-0.94,0.19,73,-0.39193749,-0.031312499,0.995
295474,0,1,3,0,-0.94,0.19,73,-0.36974999,0.0171875,0.95824999
295498,0,1,3,0,-0.94,0.19,73,-0.375,-0.0163125,1.0145
295522,0,1,3,0,-0.94,0.25,73,-0.38874999,-0.0305,0.8955
295592,0,1,3,0,-0.94,0.31,73,-0.40625,0.035625,0.95412499
295615,0,1,3,0,-0.94,0.31,73,-0.42206249,0.0123125,0.9913125
295639,0,1,3,0,-0.94,0.31,73,-0.35637501,0.0160625,0.97812498
295688,0,1,3,0,-1,0.31,72.940002,-0.37931249,0.028312501,0.91312498
295731,0,1,3,0,-1,0.31,72.940002,-0.39250001,-0.017124999,0.91631252
295755,0,1,3,0,-1,0.31,72.940002,-0.36831251,-0.00062499999,0.93862498
295824,0,1,3,0,-1,0.38,72.940002,-0.37400001,-0.042937499,0.97125
295829,0,1,3,0,-1,0.38,72.940002,-0.3725625,-0.0081249997,0.85356247
295872,0,1,3,0,-1,0.38,72.940002,-0.3605625,-0.029625,1.02675
295941,0,1,3,0,-1,0.38,72.940002,-0.36706251,-0.0021875,0.86943752
295965,0,1,3,0,-1,0.44,72.940002,-0.40143749,-0.021062501,0.99031252
295989,0,1,3,0,-1,0.44,72.879997,-0.34924999,-0.00093749998,0.80874997
296058,0,1,3,0,-1,0.38,72.879997,-0.38012499,0.0029374999,0.93968749
296082,0,1,3,0,-1,0.38,72.879997,-0.39700001,0.036062501,0.85162503
296106,0,1,3,0,-1,0.38,72.879997,-0.37181249,-0.0176875,0.93893749
296174,0,1,3,0,-1,0.75,72.809998,-0.35762501,0.0279375,0.90899998
296198,0,1,3,0,-1,0.75,72.809998,-0.40000001,-0.0047499998,0.97306252
296222,0,1,3,0,-1.0599999,1.1900001,72.809998,-0.3281875,0.007375,0.9000625
296292,0,1,3,0,-1.0599999,1.5599999,72.809998,-0.35412499,-0.004375,0.99231249
296315,0,1,3,0,-1.0599999,1.5,72.809998,-0.41062501,0.020187501,0.84437501
296339,0,1,3,0,-1.0599999,1.5599999,72.809998,-0.39274999,-0.0046250001,0.94475001
296408,0,1,3,0,-1.0599999,1.5,72.809998,-0.3569375,0.022500001,0.91012502
296432,0,1,3,0,-1.0599999,1.5,72.809998,-0.32243749,0.0011875,0.95831251
296456,0,1,3,0,-1.0599999,1.4400001,72.809998,-0.38906249,0.02475,0.907875
296525,0,1,3,0,-1.0599999,1.4400001,72.809998,-0.32006249,-0.012625,0.95656252
296549,0,1,3,0,-1.0599999,1.38,72.809998,-0.34775001,0.007375,0.98256248
296572,0,1,3,0,-1.0599999,1.38,72.809998,-0.32800001,0.033500001,0.89906251
296642,0,1,3,0,-1.13,1.4400001,72.809998,-0.32962501,-0.0271875,0.91587502
296666,0,1,3,0,-1.13,1.38,72.809998,-0.3400625,-0.036375001,0.89443749
296689,0,1,3,0,-1.1900001,1.75,72.809998,-0.34037501,-0.0073124999,0.96724999
296758,0,1,3,0,-1.1900001,1.75,72.809998,-0.33425,-0.028437501,0.97231251
296782,0,1,3,0,-1.1900001,1.75,72.809998,-0.301375,-0.0100625,0.93443751
296806,0,1,3,0,-1.1900001,1.6900001,72.809998,-0.37281251,0.007375,0.94475001
296856,0,1,3,0,-1.1900001,1.6900001,72.809998,-0.34068751,0.0099999998,0.98331249
296899,0,1,3,0,-1.1900001,2.0599999,72.809998,-0.32868749,0.00025000001,0.9724375
296922,0,1,3,0,-1.13,2.0599999,72.809998,-0.32787499,0.0296875,0.92756248
296991,0,1,3,0,-1.13,2.6900001,72.809998,-0.2968125,0.035124999,0.94006252
296996,0,1,3,0,-1.13,2.6900001,72.809998,-0.28424999,0.0013125,0.94006252
297039,0,1,3,0,-1.13,2.9400001,72.809998,-0.28981251,0.0399375,0.9386875
297108,0,1,3,0,-1.13,2.9400001,72.809998,-0.28918749,0.0385,0.99168748
297132,0,1,3,0,-1.13,2.9400001,72.809998,-0.26374999,-0.0305,0.92725003
297156,0,1,3,0,-1.13,2.9400001,72.809998,-0.24425,0.0044999998,0.93062502
297206,0,1,3,0,-1.1900001,2.8800001,72.809998,-0.26100001,-0.0136875,0.97281247
297249,0,1,3,0,-1.1900001,2.8099999,72.75,-0.2371875,-0.0037499999,0.91706252
297273,0,1,3,0,-1.25,2.8099999,72.75,-0.197625,0.045562498,0.86381251
297323,0,1,3,0,-1.25,2.75,72.75,-0.1990625,-0.017750001,0.96381247
297366,0,1,3,0,-1.3099999,2.6900001,72.75,-0.1240625,-0.0205625,0.90381253
297390,0,1,3,0,-1.3099999,2.6300001,72.75,-0.103,-0.0111875,0.9181875
297459,0,1,3,0,-1.3099999,2.5,72.75,-0.1215625,-0.011125,0.917
297483,0,1,3,0,-1.3099999,2.5,72.75,-0.127,0.0046250001,0.86699998
297507,0,1,3,0,-1.3099999,2.4400001,72.75,-0.082937501,-0.026374999,0.91812497
297557,0,1,3,0,-1.3099999,2.3099999,72.75,-0.1083125,-0.023499999,0.90375
297599,0,1,3,0,-1.3099999,2.1900001,72.75,-0.092562497,-0.034875002,1.0452501
297623,0,1,3,0,-1.38,2.1900001,72.75,-0.090000004,-0.0020625,0.97856247
297693,0,1,3,0,-1.3099999,2.1300001,72.75,-0.056062501,-0.0324375,0.92293751
297716,0,1,3,0,-1.38,2.1300001,72.75,-0.055374999,-0.02475,1.020875
297740,0,1,3,0,-1.38,2.1900001,72.75,-0.114,0.0056250002,0.91631252
297810,0,1,3,0,-1.38,2.25,72.75,-0.069624998,-0.026374999,0.95781249
297833,0,1,3,0,-1.38,2.3099999,72.75,-0.082625002,-0.038062502,0.93550003
297857,0,1,3,0,-1.38,2.3099999,72.75,-0.078500003,-0.0074999998,0.98343748
297926,0,1,3,0,-1.3099999,2.3099999,72.75,-0.067874998,-0.038125001,0.92443752
297950,0,1,3,0,-1.3099999,2.3099999,72.75,-0.067812502,-0.043812498,0.95225
297974,0,1,3,0,-1.3099999,2.3099999,72.75,-0.12575001,-0.0244375,0.87862498
298043,0,1,3,0,-1.1900001,2.3099999,72.75,-0.14237501,0.01925,0.85149997
298067,0,1,3,0,-1.1900001,2.3099999,72.75,-0.086000003,-0.0278125,0.88381249
298091,0,1,3,0,-1.13,2.3099999,72.75,-0.1270625,-0.016000001,0.873375
298160,0,1,3,0,-1.0599999,2.1900001,72.75,-0.137375,-0.0059374999,0.90350002
298184,0,1,3,0,-1.0599999,2.1900001,72.75,-0.168625,0.0025625001,0.93175
298208,0,1,3,0,-1,2.1300001,72.75,-0.148875,0.037250001,0.91868752
298276,0,1,3,0,-1,2.0599999,72.75,-0.188125,0.014,0.9149375
298300,0,1,3,0,-1,2.0599999,72.75,-0.217375,0.03025,0.97025001
298324,0,1,3,0,-1,2.1300001,72.75,-0.2090625,-0.0054374998,0.94637501
298393,0,1,3,0,-1,2.1300001,72.75,-0.26025,0.0160625,0.87981248
298417,0,1,3,0,-1,2.1900001,72.75,-0.26962501,0.0254375,0.9165625
298441,0,1,3,0,-1,2.1900001,72.75,-0.26818749,0.0046250001,0.93387502
298510,0,1,3,0,-1.0599999,2.25,72.75,-0.2475,0.0075625,0.8079375
298534,0,1,3,0,-1.0599999,2.3099999,72.75,-0.28356251,0.0148125,1.0060625
298558,0,1,3,0,-1.0599999,2.3800001,72.75,-0.26993749,-0.024499999,1.0113125
298627,0,1,3,0,-1.13,2.4400001,72.75,-0.26949999,0.041999999,0.83462501
298631,0,1,3,0,-1.13,2.4400001,72.75,-0.26949999,0.039687499,1.0174375
298675,0,1,3,0,-1.13,2.4400001,72.75,-0.28775001,0.0026875001,0.92662501
298744,0,1,3,0,-1.13,2.4400001,72.75,-0.28681251,-0.0269375,0.87437499
298768,0,1,3,0,-1.13,2.4400001,72.75,-0.26199999,0.029999999,0.90806252
298772,0,1,3,0,-1.13,2.4400001,72.75,-0.26199999,0.029999999,0.90718752
298841,0,1,3,0,-1.1900001,2.4400001,72.75,-0.28924999,0.0017500001,1.068875
298865,0,1,3,0,-1.1900001,2.4400001,72.75,-0.2754375,-0.02025,0.87881249
298908,0,1,3,0,-1.1900001,2.5,72.75,-0.27825001,-0.007375,0.98106247
298958,0,1,3,0,-1.1900001,2.5,72.75,-0.3021875,0.030750001,0.97118747
298982,0,1,3,0,-1.1900001,2.5,72.75,-0.27875,0.012,0.9041875
299005,0,1,3,0,-1.1900001,2.5599999,72.75,-0.28512499,-0.0014375,1.033
299075,0,1,3,0,-1.1900001,2.5599999,72.75,-0.31281251,0.029375,0.99150002
299099,0,1,3,0,-1.1900001,2.5599999,72.75,-0.31193751,0.035687499,0.9329375
299122,0,1,3,0,-1.1900001,2.5599999,72.75,-0.3038125,-0.0040000002,0.97275001
299192,0,1,3,0,-1.1900001,3.25,72.75,-0.28543749,-0.0024375001,0.89331251
299215,0,1,3,0,-1.25,3.25,72.75,-0.236,0.0063749999,0.85418749
299239,0,1,3,0,-1.25,3.25,72.75,-0.25687501,0.01825,0.86068749
299308,0,1,3,0,-1.25,3.4400001,72.75,-0.2948125,-0.02575,0.90731251
299332,0,1,3,0,-1.3099999,3.4400001,72.75,-0.2403125,-0.013125,0.86868751
299356,0,1,3,0,-1.3099999,3.4400001,72.75,-0.29637501,-0.0159375,0.91743749
299425,0,1,3,0,-1.3099999,3.3800001,72.75,-0.284125,0.024062499,0.90237498
299449,0,1,3,0,-1.3099999,3.3800001,72.75,-0.26212499,-0.0416875,0.9325
299473,0,1,3,0,-1.3099999,3.3099999,72.75,-0.26162499,0.034625001,0.87681252
299542,0,1,3,0,-1.3099999,3.25,72.75,-0.29912499,0.0195,0.93118751
299565,0,1,3,0,-1.3099999,3.25,72.75,-0.2771875,-0.0029374999,0.88293749
299589,0,1,3,0,-1.3099999,3.25,72.75,-0.26881251,0.0040624999,0.94731247
299658,0,1,3,0,-1.3099999,3.25,72.75,-0.2434375,-0.0370625,0.96118748
299683,0,1,3,0,-1.3099999,3.25,72.75,-0.2533125,0.0097500002,0.98581249
299706,0,1,3,0,-1.3099999,3.25,72.75,-0.31381249,0.004125,0.967125
299775,0,1,3,0,-1.25,3.3099999,72.75,-0.298125,0.021624999,0.99312502
299780,0,1,3,0,-1.25,3.3099999,72.75,-0.31375,0.021624999,0.99312502
299823,0,1,3,0,-1.1900001,3.3800001,72.75,-0.2655625,0.018999999,0.94606251
299892,0,1,3,0,-1.1900001,3.4400001,72.75,-0.30893749,0.0189375,0.92874998
299916,0,1,3,0,-1.13,3.4400001,72.75,-0.29525,0.0076250001,0.94256252
299940,0,1,3,0,-1.13,3.4400001,72.75,-0.2755,0.001625,0.93400002
300009,0,1,3,0,-1.0599999,3.3800001,72.75,-0.27481249,-0.0033125,0.9634375
300033,0,1,3,0,-1.0599999,3.3800001,72.75,-0.27043751,0.0010625001,0.79974997
300057,0,1,3,0,-1.0599999,3.3099999,72.75,-0.29550001,0.018312501,0.90100002
300127,0,1,3,0,-1.0599999,3.3099999,72.75,-0.22575,0.0089999996,0.9444375
300150,0,1,3,0,-1.0599999,3.25,72.75,-0.20675001,0.01325,0.92456251
300174,0,1,3,0,-1.0599999,3.25,72.75,-0.2129375,-0.0186875,0.90925002
300243,0,1,3,0,-1.0599999,3.1900001,72.75,-0.177375,-0.0315625,0.96637499
300267,0,1,3,0,-1.0599999,3.1900001,72.75,-0.177375,-0.0180625,0.99575001
300290,0,1,3,0,-1.13,3.1900001,72.75,-0.2016875,-0.0189375,0.88
300360,0,1,3,0,-1.13,3.0599999,72.75,-0.16337501,-0.034625001,0.9066875
300402,0,1,3,0,-1.1900001,3,72.75,-0.153625,0.0053125001,0.9124375
300407,0,1,3,0,-1.1900001,3,72.75,-0.15406249,0.0053125001,0.9124375
300477,0,1,3,0,-1.1900001,2.8099999,72.75,-0.123875,-0.035,0.88924998
300500,0,1,3,0,-1.1900001,2.75,72.75,-0.113125,0.0105,0.82037503
300524,0,1,3,0,-1.1900001,2.6900001,72.75,-0.15987501,-0.0061249998,0.90243751
300612,0,1,3,0,-1.25,2.5,72.75,-0.127625,-0.0264375,0.90662497
300617,0,1,3,0,-1.25,2.5,72.75,-0.1299375,-0.034000002,0.92925
300660,0,1,3,0,-1.25,2.4400001,72.75,-0.1165,-0.055,0.8696875
300729,0,1,3,0,-1.3099999,2.25,72.75,-0.10525,-0.027562501,0.88887501
300752,0,1,3,0,-1.3099999,2.1900001,72.75,-0.114,-0.046937499,0.86962497
300776,0,1,3,0,-1.38,2.1900001,72.75,-0.1005625,-0.045937501,0.98281252
300827,0,1,3,0,-1.38,2.1300001,72.75,-0.1198125,-0.0075625,0.95762497
300869,0,1,3,0,-1.38,2.1300001,72.75,-0.1088125,-0.039749999,1.056625
300893,0,1,3,0,-1.38,2.1300001,72.75,-0.097374998,0.023812501,0.96981251
300943,0,1,3,0,-1.38,2.1300001,72.75,-0.15225001,-0.045312501,0.98237503
300967,0,1,3,0,-1.38,2.1300001,72.75,-0.1453125,-0.0381875,1.0359375
301009,0,1,3,0,-1.4400001,2.1900001,72.75,-0.1391875,0.0015,0.92418748
301060,0,1,3,0,-1.38,2.1900001,72.75,-0.1660625,-0.045312501,0.90593749
301083,0,1,3,0,-1.38,2.25,72.75,-0.1538125,-0.0091875,1.0470001
301107,0,1,3,0,-1.38,2.25,72.75,-0.18243749,-0.0079375003,1.0464375
301176,0,1,3,0,-1.38,2.25,72.75,-0.1603125,-0.01375,0.88274997
301200,0,1,3,0,-1.38,2.25,72.75,-0.13356251,-0.0040624999,0.88906252
301224,0,1,3,0,-1.38,2.25,72.75,-0.16675,0.016249999,0.90675002
301293,0,1,3,0,-1.4400001,2.25,72.75,-0.170625,0.02125,0.89693749
301317,0,1,3,0,-1.4400001,2.25,72.75,-0.1285,-0.033812501,0.90012503
301341,0,1,3,0,-1.4400001,2.25,72.75,-0.118375,-0.046875,0.96568751
301410,0,1,3,0,-1.4400001,2.25,72.75,-0.13925,-0.0273125,0.9145
301434,0,1,3,0,-1.4400001,2.25,72.75,-0.121,-0.021,0.86431253
301458,0,1,3,0,-1.4400001,2.25,72.75,-0.1145625,-0.047625002,0.98193753
301527,0,1,3,0,-1.4400001,2.1900001,72.75,-0.110375,-0.045375001,0.97912502
301551,0,1,3,0,-1.4400001,2.1900001,72.75,-0.1083125,-0.058125,0.98699999
301574,0,1,3,0,-1.4400001,2.1900001,72.75,-0.058812499,0.0020625,0.88012499
301643,0,1,3,0,-1.4400001,2.1300001,72.75,-0.095250003,-0.029750001,0.89693749
301667,0,1,3,0,-1.4400001,2.1300001,72.75,-0.094625004,-0.0344375,0.90662497
301691,0,1,3,0,-1.4400001,2.0599999,72.75,-0.083374999,-0.037437499,0.91562498
301760,0,1,3,0,-1.4400001,2.0599999,72.75,-0.1105625,0.0083125001,0.9655
301784,0,1,3,0,-1.4400001,2.0599999,72.75,-0.082312502,0.0011875,0.91831249
301807,0,1,3,0,-1.4400001,2.0599999,72.75,-0.049312498,-0.0091875,0.93906248
301877,0,1,3,0,-1.4400001,2.0599999,72.75,0.001,-0.034562498,0.90775001
301900,0,1,3,0,-1.38,2.0599999,72.75,-0.053437501,0.00075000001,0.94756252
301924,0,1,3,0,-1.38,2.0599999,72.75,-0.049062502,0.0023749999,0.93300003
301974,0,1,3,0,-1.38,2,72.75,-0.048,0.0079375003,0.89999998
302017,0,1,3,0,-1.38,1.9400001,72.75,-0.042937499,-0.0083750002,0.98262501
302041,0,1,3,0,-1.38,1.9400001,72.75,-0.049562499,-0.053437501,0.98131251
302091,0,1,3,0,-1.3099999,1.9400001,72.75,-0.016437501,-0.0055625001,0.97062498
302115,0,1,3,0,-1.3099999,1.9400001,72.75,-0.082687497,-0.0025625001,0.94343752
302158,0,1,3,0,-1.1900001,1.9400001,72.75,0.0054374998,-0.070187502,1.23375
302208,0,1,3,0,-1.1900001,2,72.75,-0.071312502,0.075000003,0.92931253
302251,0,1,3,0,-1.1900001,2.0599999,72.809998,-0.0778125,-0.060812499,1.051625
302274,0,1,3,0,-1.1900001,2.0599999,72.809998,0.0099999998,0.063874997,0.96437502
302324,0,1,3,0,-1.1900001,2.0599999,72.809998,-0.070500001,-0.023375001,1.0365
302348,0,1,3,0,-1.25,2.1300001,72.809998,-0.081562497,-0.040312499,0.95831251
302372,0,1,3,0,-1.25,2.1300001,72.809998,-0.041187499,0.057999998,0.85743749
302441,0,1,3,0,-1.3099999,2.1300001,72.809998,-0.011125,-0.068062499,0.9501875
302465,0,1,3,0,-1.3099999,2.1300001,72.809998,-0.045875002,0.001625,0.95368749
302489,0,1,3,0,-1.3099999,2.1300001,72.809998,-0.062687501,-0.00043750001,0.85768747
302558,0,1,3,0,-1.3099999,2.0599999,72.809998,-0.0434375,-0.033,0.89924997
302582,0,1,3,0,-1.3099999,2,72.809998,-0.016375,0.0091875,0.92612499
302605,0,1,3,0,-1.3099999,2,72.809998,-0.0296875,0.0038125,0.89687502
302675,0,1,3,0,-1.3099999,1.9400001,72.879997,0.024,0.0160625,0.92874998
302698,0,1,3,0,-1.3099999,2,72.879997,-0.054125,-0.0096249999,0.97893751
302722,0,1,3,0,-1.3099999,2,72.879997,-0.045312501,-0.022125,1.00025
302791,0,1,3,0,-1.3099999,1.9400001,72.879997,-0.013875,0.00093749998,0.876625
302815,0,1,3,0,-1.3099999,1.9400001,72.879997,-0.045937501,-0.015125,0.99931252
302838,0,1,3,0,-1.3099999,1.9400001,72.879997,-0.058812499,-0.0104375,0.96375
302908,0,1,3,0,-1.3099999,1.9400001,72.879997,-0.018874999,-0.0081249997,0.89781249
302931,0,1,3,0,-1.3099999,1.88,72.879997,-0.048124999,-0.023187499,0.92400002
302955,0,1,3,0,-1.3099999,1.88,72.879997,-0.041625001,0.0059374999,1.0113125
303024,0,1,3,0,-1.25,1.88,72.879997,-0.055187501,-0.023,0.85862499
303048,0,1,3,0,-1.25,1.88,72.879997,-0.015812499,-0.075062498,0.94800001
303072,0,1,3,0,-1.25,1.88,72.879997,-0.01375,-0.018375,1.030875
303141,0,1,3,0,-1.1900001,1.8099999,72.879997,-0.04225,-0.018312501,0.99806249
303165,0,1,3,0,-1.1900001,1.8099999,72.879997,-0.0151875,-0.0016875,0.88725001
303189,0,1,3,0,-1.1900001,1.75,72.879997,0.039312501,-0.0269375,0.93987501
303258,0,1,3,0,-1.1900001,1.6900001,72.879997,0.024625,-0.0333125,1.0035625
303282,0,1,3,0,-1.1900001,1.6900001,72.879997,0.068687499,-0.0033125,0.93000001
303306,0,1,3,0,-1.1900001,1.6900001,72.879997,0.025,-0.0063749999,0.98256248
303375,0,1,3,0,-1.1900001,1.6900001,72.879997,-0.0030624999,-0.011125,1.0025625
303399,0,1,3,0,-1.1900001,1.6900001,72.879997,-0.014375,0.023875,0.91531253
303423,0,1,3,0,-1.1900001,1.6900001,72.879997,0.034062501,-0.0014375,0.94599998
303492,0,1,3,0,-1.1900001,1.6900001,72.879997,0.05675,0.032625001,0.87212503
303516,0,1,3,0,-1.1900001,1.6900001,72.879997,0.023624999,0.0155,0.98993748
303539,0,1,3,0,-1.1900001,1.6900001,72.879997,-0.01425,0.015,0.91825002
303608,0,1,3,0,-1.25,1.6900001,72.879997,0.0125,0.011875,0.91425002
303632,0,1,3,0,-1.3099999,1.6900001,72.879997,0.02575,0.016000001,0.92025
303656,0,1,3,0,-1.3099999,1.6900001,72.879997,-0.021375,0.0214375,0.89862502
303706,0,1,3,0,-1.3099999,1.6900001,72.879997,0.0251875,0.0034375,0.8545
303748,0,1,3,0,-1.3099999,1.6900001,72.879997,0.0168125,-0.018437499,0.8869375
303773,0,1,3,0,-1.3099999,1.6900001,72.879997,0.0092500001,-0.045125,0.91056252
303823,0,1,3,0,-1.38,1.63,72.879997,0.027249999,0.007375,0.92587501
303846,0,1,3,0,-1.3099999,1.63,72.879997,0.028124999,-0.010375,0.93800002
303870,0,1,3,0,-1.3099999,1.63,72.879997,0.044374999,-0.017312501,0.98093748
303939,0,1,3,0,-1.3099999,1.3099999,72.879997,0.040750001,0.001375,0.92793751
303963,0,1,3,0,-1.25,1.3099999,72.879997,0.0125625,0.0028125001,0.92537498
303986,0,1,3,0,-1.25,1.3099999,72.879997,0.014625,-0.0305,0.95862502
304056,0,1,3,0,-1.25,1.38,72.940002,0.051437501,-0.0305625,0.91237497
304098,0,1,3,0,-1.25,1.38,72.940002,0.0067500002,-0.05125,0.98243749
304122,0,1,3,0,-1.25,0.88,72.940002,0.0035000001,-0.0070000002,0.91118753
304172,0,1,3,0,-1.25,0.88,72.940002,-0.0043124999,-0.0078125,0.96331251
304196,0,1,3,0,-1.25,0.88,72.940002,0.01175,-0.032249998,0.90562499
304220,0,1,3,0,-1.25,0.81,72.940002,0.0068124998,-0.043562502,0.8934375
304289,0,1,3,0,-1.25,0.81,72.940002,0.0025625001,-0.0094999997,0.97193748
304313,0,1,3,0,-1.25,0.81,72.940002,-0.0033750001,-0.018437499,0.92418748
304336,0,1,3,0,-1.25,0.81,72.940002,-0.0053750002,-0.043249998,1.0584375
304405,0,1,3,0,-1.25,0.81,72.940002,0.00825,-0.015812499,0.9235
304430,0,1,3,0,-1.25,0.81,72.940002,0.0069375001,-0.039749999,1.0119375
304453,0,1,3,0,-1.25,0.56,72.940002,-0.049375001,0.127,0.64768749
304523,0,1,3,0,-1.25,0.63,72.940002,-0.052000001,0.0674375,0.60149997
304546,0,1,3,0,-1.1900001,0.63,72.940002,-0.102,0.0566875,1.1153125
304570,0,1,3,0,-1.13,0.69,72.940002,0.063187502,-0.071874999,1.1535625
304639,0,1,3,0,-1.13,0.56,72.940002,0.042374998,-0.077437498,0.94681251
304663,0,1,3,0,-1.1900001,0.5,72.940002,0.053374998,-0.1593125,0.90700001
304687,0,1,3,0,-1.1900001,0.5,72.940002,0.18674999,0.117125,0.78762501
304756,0,1,3,0,-1.0599999,0.5,72.940002,0.1118125,0.0048750001,1.0145625
304780,0,1,3,0,-1.0599999,0.5,72.940002,0.075999998,-0.060812499,1.0894375
304803,0,1,3,0,-1.0599999,0.5,72.940002,0.084687501,-0.018375,0.86787498
304872,0,1,3,0,-1.0599999,0.56,72.940002,0.10075,0.0015625,0.99968749
304896,0,1,3,0,-1.0599999,0.56,72.940002,0.049062502,-0.028000001,0.92337501
304920,0,1,3,0,-1.0599999,0.56,72.940002,0.060937501,-0.0038749999,0.99862498
304989,0,1,3,0,-1,0.56,72.940002,0.105,-0.031687502,0.96812499
305013,0,1,3,0,-1,0.56,72.940002,0.086687498,-0.028375,1.0561875
305036,0,1,3,0,-1,0.56,72.940002,0.10175,0.053687502,0.93312502
305105,0,1,3,0,-1,0.56,72.940002,0.079000004,0.0032500001,0.80449998
305130,0,1,3,0,-1,0.56,72.940002,0.1340625,-0.0141875,0.92612499
305153,0,1,3,0,-1,0.56,72.940002,0.090999998,0.0120625,0.98100001
305222,0,1,3,0,-1,0.56,72.940002,0.072437502,0.0039375001,0.89600003
305246,0,1,3,0,-1,0.5,73,0.12737501,-0.0289375,0.87656248
305269,0,1,3,0,-0.94,0.5,73,0.096249998,0.00025000001,0.9584375
305339,0,1,3,0,-0.94,0.5,73,0.054312501,0.0265,0.87787497
305363,0,1,3,0,-0.94,0.5,73.059998,0.055624999,-0.020375,0.9650625
305386,0,1,3,0,-0.94,0.5,73.059998,0.1104375,-0.022,0.8876875
305455,0,1,3,0,-0.88,0.5,73.129997,0.092812501,0.037124999,0.95368749
305479,0,1,3,0,-0.88,0.5,73.129997,0.061999999,0.0061249998,0.83875
305503,0,1,3,0,-0.88,0.5,73.129997,0.10475,-0.0111875,0.89099997
305572,0,1,3,0,-0.94,0.44,73.190002,0.089812502,0.031125,0.89143747
305596,0,1,3,0,-0.94,0.44,73.190002,0.127875,-0.0091875,0.88181251
305620,0,1,3,0,-0.94,0.44,73.190002,0.1213125,0.00575,0.93924999
305689,0,1,3,0,-1,0.38,73.25,0.14012501,-0.0315625,0.95862502
305712,0,1,3,0,-1.0599999,0.38,73.25,0.068875,0.032749999,0.98993748
305736,0,1,3,0,-1.0599999,0.38,73.25,0.081500001,-0.036249999,0.89649999
305786,0,1,3,0,-1.13,0.38,73.25,0.108875,0.0072499998,0.92575002
305829,0,1,3,0,-1.13,0.38,73.309998,0.121625,-0.0128125,0.94143748
305852,0,1,3,0,-1.13,0.38,73.309998,0.12175,0.0046875002,0.95093751
305922,0,1,3,0,-1.13,0,73.379997,0.1338125,-0.037625,0.924375
305945,0,1,3,0,-1.13,0,73.379997,0.1526875,-0.020187501,0.99068749
305970,0,1,3,0,-1.13,0,73.379997,0.069562502,0.0333125,0.92206252
306038,0,1,3,0,-1.13,0,73.440002,-0.028687499,0.0109375,0.97006249
306062,0,1,3,0,-1.13,0,73.440002,-0.069499999,0.0076875002,0.92006248
306086,0,1,3,0,-1.13,0.059999999,73.5,0.0021250001,0.0075625,0.91125
306155,0,1,3,0,-1.13,0.25,73.559998,0.035250001,-0.01075,0.9280625
306179,0,1,3,0,-1.0599999,0,73.559998,0.073312499,0.0208125,0.88431251
306203,0,1,3,0,-1.0599999,0,73.559998,0.0029374999,0.023624999,0.95899999
306272,0,1,3,0,-1.0599999,0,73.629997,0.0076875002,-0.001,0.86531252
306296,0,1,3,0,-1.0599999,0,73.629997,-0.0098125003,-0.0199375,0.94468749
306319,0,1,3,0,-1.0599999,0,73.629997,-0.01725,0.0056250002,0.90362501
306388,0,1,3,0,-1.0599999,0,73.690002,0.066062503,0.025625,0.90456247
306412,0,1,3,0,-1.0599999,0,73.690002,0.1085625,-0.0121875,0.89568752
306436,0,1,3,0,-1.0599999,0,73.75,0.094687499,-0.016687499,0.91000003
306507,0,1,3,0,-1.0599999,-0.13,73.809998,0.1119375,0.035999998,0.89924997
306552,0,1,3,0,-1.0599999,-0.19,73.809998,0.114625,-0.0170625,0.88062501
306576,0,1,3,0,-1.0599999,-0.19,73.879997,0.068499997,0.001875,0.96399999
306668,0,1,3,0,-1.0599999,-0.25,73.940002,0.090125002,0.0065624998,0.93106252
306692,0,1,3,0,-1.0599999,-0.25,73.940002,0.1245625,0.02375,0.85518748
306716,0,1,3,0,-1.0599999,-0.25,73.940002,0.097374998,-0.01025,1.0205625
306808,0,1,3,0,-1.13,-0.31,74.059998,0.063062496,0.047062501,0.90281248
306832,0,1,3,0,-1.13,-0.31,74.059998,0.081437498,-0.0040000002,0.844625
306857,0,1,3,0,-1.13,-0.31,74.059998,0.087875001,-0.0160625,0.97018749
306948,0,1,3,0,-1.3099999,-0.31,74.190002,0.1090625,-0.0123125,0.94599998
306972,0,1,3,0,-1.3099999,-0.31,74.190002,0.0581875,0,0.9066875
307016,0,1,3,0,-1.3099999,-0.63,74.25,0.119,-0.0224375,0.95743752
307088,0,1,3,0,-1.4400001,-0.63,74.309998,0.1078125,-0.019187501,0.94537503
307112,0,1,3,0,-1.4400001,-0.63,74.309998,0.064937502,-0.025,0.91693747
307156,0,1,3,0,-1.5,-0.63,74.379997,0.13868751,-0.060937501,1.0015
307228,0,1,3,0,-1.5599999,-0.63,74.440002,0.1035625,-0.039687499,0.954
307253,0,1,3,0,-1.5599999,-0.63,74.440002,0.106375,-0.020375,0.97787499
307297,0,1,3,0,-1.5599999,-0.56,74.5,0.096812502,-0.0134375,0.82712501
307388,0,1,3,0,-1.5599999,-0.44,74.559998,0.090937503,-0.01575,0.95612502
307413,0,1,3,0,-1.5599999,-0.44,74.629997,0.060625002,-0.01375,0.95862502
307437,0,1,3,0,-1.5599999,-0.44,74.629997,0.091499999,-0.0425,0.84156251
307509,0,1,3,0,-1.5599999,-0.5,74.690002,0.124,0.023062499,0.81124997
307554,0,1,3,0,-1.5,-0.56,74.75,0.066875003,0.0038125,1.0069375
307578,0,1,3,0,-1.5,-0.63,74.75,0.046437498,-0.0006875,0.91949999
307670,0,1,3,0,-1.5599999,-0.75,74.809998,0.070562497,0.013875,0.85325003
307694,0,1,3,0,-1.5599999,-0.75,74.809998,0.090374999,0.0066875,0.89631248
307738,0,1,3,0,-1.5599999,-0.81,74.879997,0.063187502,-0.0170625,0.944875
307810,0,1,3,0,-1.5599999,-1,74.940002,0.0060625002,-0.0208125,0.95450002
307834,0,1,3,0,-1.63,-1,74.940002,0.05125,-0.02675,0.97237498
307878,0,1,3,0,-1.63,-1,75,0.026562501,-0.039000001,0.9683125
307950,0,1,3,0,-1.63,-0.88,75,0.0454375,-0.001875,0.97224998
307974,0,1,3,0,-1.63,-0.88,75.059998,0.030625001,-0.038812499,0.95924997
307999,0,1,3,0,-1.6900001,-0.88,75.059998,0.0180625,-0.062437501,1.001375
308090,0,1,3,0,-1.6900001,-0.88,75.129997,0.055500001,-0.0131875,0.95412499
308115,0,1,3,0,-1.6900001,-0.81,75.129997,0.014125,-0.012625,0.96925002
308139,0,1,3,0,-1.6900001,-0.75,75.129997,0.0021250001,-0.01375,1.000625
308210,0,1,3,0,-1.6900001,-0.81,75.190002,-0.019625001,-0.0503125,0.90012503
308254,0,1,3,0,-1.6900001,-0.75,75.25,0.0175,-0.067625001,0.97600001
308279,0,1,3,0,-1.63,-0.69,75.25,-0.031750001,0.0021875,0.98925
308370,0,1,3,0,-1.5,-0.56,75.309998,-0.0018124999,0.045625001,0.88756251
308395,0,1,3,0,-1.4400001,-0.63,75.309998,0.01525,0.043312501,0.96318752
308439,0,1,3,0,-1.3099999,-0.69,75.379997,0.0410625,-0.00087500003,0.96762502
308510,0,1,3,0,-1.3099999,-0.75,75.379997,0.028875001,-0.03875,0.90793753
308535,0,1,3,0,-1.3099999,-0.81,75.379997,-0.038812499,-0.0123125,0.90287501
308560,0,1,3,0,-1.3099999,-0.81,75.379997,0.06825,-0.074000001,0.84506249
308651,0,1,3,0,-1.25,-0.81,75.5,-0.055187501,0.046124998,0.85031247
308675,0,1,3,0,-1.1900001,-0.81,75.5,-0.018562499,0.030750001,0.88625002
308699,0,1,3,0,-1.13,-0.81,75.559998,-0.0098125003,0.0224375,0.9386875
308791,0,1,3,0,-1.13,-0.88,75.559998,-0.030750001,-0.0270625,0.98493749
308835,0,1,3,0,-1.13,-1,75.559998,0.023062499,0.0044375001,0.90350002
308859,0,1,3,0,-1.0599999,-1,75.559998,0.0048750001,-0.0006875,1.008625
308931,0,1,3,0,-1.0599999,-1.0599999,75.629997,0.031312499,-0.022500001,0.89087498
308955,0,1,3,0,-1.0599999,-1.0599999,75.629997,0.028312501,-0.0105,0.99162501
308980,0,1,3,0,-1.0599999,-1.0599999,75.690002,-0.0091249999,0.0006875,0.92956251
309071,0,1,3,0,-1,-1,75.690002,-0.003125,-0.0098125003,0.90375
309095,0,1,3,0,-1,-1,75.75,-0.001375,-0.000375,0.9246875
309120,0,1,3,0,-1,-1,75.75,0.016625,-0.0169375,0.91925001
309211,0,1,3,0,-1,-1.0599999,75.809998,-0.00050000002,0.01925,0.98175001
309236,0,1,3,0,-1,-1.1900001,75.809998,-0.038624998,0.023,0.90843749
309260,0,1,3,0,-1,-1.1900001,75.879997,-0.001,0.017437501,0.87643749
309331,0,1,3,0,-1,-1.1900001,75.940002,0.0078750001,0.0020625,0.95850003
309376,0,1,3,0,-1,-1.25,76,-0.031750001,0.031312499,0.89406252
309400,0,1,3,0,-1,-1.3099999,76.059998,-0.00056249998,0.046875,0.91143751
309491,0,1,3,0,-0.94,-1.4400001,76.25,-0.015812499,0.051312499,0.88087499
309516,0,1,3,0,-0.94,-1.5,76.309998,0.0051874998,0.0668125,0.88243753
309540,0,1,3,0,-0.69,-1.6900001,76.379997,-0.0056874999,0.059687499,0.94012499
309631,0,1,3,0,-0.38,-2.1900001,76.690002,0.025937499,0.1021875,0.94825
309656,0,1,3,0,-0.31,-2.25,76.879997,0.026812499,0.118125,1.0251875
309680,0,1,3,0,-0.25,-2.25,76.940002,0.045249999,0.11825,0.96899998
309772,0,1,3,0,-0.059999999,-2.25,77.5,0.064937502,0.16787501,1.079625
309795,0,1,3,0,0,-2.1900001,77.690002,0.0023749999,0.1605625,1.039
309819,0,1,3,0,0,-2.1300001,77.809998,0.06425,0.17487501,0.95875001
309888,0,1,3,0,0.13,-1.8099999,78.379997,0.0271875,0.19825,0.95818752
309912,0,1,3,0,0.19,-1.6900001,78.559998,0.012125,0.16225,1.0014375
309935,0,1,3,0,0.19,-1.5,78.809998,-0.021062501,0.17237499,0.98175001
310004,0,1,3,0,0.25,-1.1900001,79.5,-0.0028125001,0.211375,0.972875
310028,0,1,3,0,0.31,-1.13,79.690002,-0.02675,0.221375,0.92725003
310052,0,1,3,0,0.38,-1.0599999,79.940002,0.0096875001,0.241,0.95287502
310121,0,1,3,0,0.44,-0.88,80.75,-0.048250001,0.197375,0.8671875
310145,0,1,3,0,0.5,-0.88,81.129997,-0.001375,0.1245,0.7511875
310168,0,1,3,0,0.5,-0.81,81.379997,0.0264375,0.18943749,0.99650002
310237,0,1,3,0,0.81,-0.88,82.309998,0.034875002,0.3506875,1.1823125
310280,0,1,3,0,0.81,-0.94,83,0.063062496,0.27687499,1.081875
310285,0,1,3,0,0.81,-0.94,83,0.031062501,0.27687499,1.081875
310354,0,1,3,0,0.69,-0.94,84,-0.039562501,0.2188125,0.86568749
310378,0,1,3,0,0.63,-0.94,84.309998,0.043249998,0.23056249,0.96568751
310401,0,1,3,0,0.63,-0.94,84.559998,0.044062499,0.199,0.84981251
310471,0,1,3,0,0.44,-0.94,85.559998,-0.052124999,0.22724999,0.90062499
310494,0,1,3,0,0.38,-0.94,86,-0.03025,0.19068751,0.89293748
310537,0,1,3,0,0.31,-0.94,86.559998,-0.02925,0.18175,0.829
310607,0,1,3,0,0.13,-1.0599999,87.559998,-0.00031249999,0.151875,0.71425003
310630,0,1,3,0,0.059999999,-1.0599999,87.879997,0.024875,0.15862501,1.0699375
310654,0,1,3,0,0,-1.13,88.129997,0.016437501,0.1590625,0.95531249
310725,0,1,3,0,-0.44,-1.25,88.940002,0.046937499,0.049687501,1.0735625
310750,0,1,3,0,-0.63,-1.25,89.190002,0.054875001,-0.0044999998,1.12525
310795,0,1,3,0,-0.88,-1.25,89.75,0.050749999,0.032249998,1.0716875
310866,0,1,3,0,-1.0599999,-0.94,90.440002,-0.0538125,-0.0346875,0.94700003
310911,0,1,3,0,-0.88,-0.5,90.879997,-0.051624998,0.067937501,0.85887498
310935,0,1,3,0,-0.81,-0.38,91.059998,-0.1080625,0.070687503,0.9099375
311005,0,1,3,0,-0.56,0.059999999,91.690002,-0.052499998,0.1719375,0.8343125
311029,0,1,3,0,-0.56,0.13,91.809998,-0.1131875,0.078874998,0.98562503
311052,0,1,3,0,-0.5,0.31,92.059998,-0.092375003,0.0080000004,1.01375
311122,0,1,3,0,-0.56,0.44,92.5,-0.0077499999,0.032875001,0.750875
311145,0,1,3,0,-0.56,0.44,92.629997,-0.080750003,-0.066187501,1.12525
311169,0,1,3,0,-0.56,0.38,92.75,-0.067249998,-0.060812499,0.99206251
311238,0,1,3,0,-0.56,0.059999999,93.059998,-0.016875001,-0.078374997,0.98368752
311281,0,1,3,0,-0.44,-0.059999999,93.25,0.0048750001,-0.080062501,0.92949998
311307,0,1,3,0,-0.44,-0.13,93.25,-0.0364375,-0.113375,0.98006248
311378,0,1,3,0,-0.44,-0.19,93.309998,-0.045187499,-0.094750002,0.96193749
311402,0,1,3,0,-0.44,-0.25,93.309998,-0.056187499,-0.108125,0.91312498
311426,0,1,3,0,-0.44,-0.25,93.25,-0.079437502,-0.096562497,0.91118753
311518,0,1,3,0,-0.5,-0.25,93.059998,-0.05325,-0.14237501,0.96224999
311542,0,1,3,0,-0.5,-0.25,92.940002,-0.02025,-0.1446875,0.88287503
311587,0,1,3,0,-0.75,-0.44,92.75,-0.046374999,-0.14650001,0.94406247
311678,0,1,3,0,-1.38,-0.81,92.129997,-0.069312498,-0.14381251,0.90293747
311702,0,1,3,0,-1.38,-0.81,92,-0.052875001,-0.1526875,0.87449998
311727,0,1,3,0,-1.4400001,-0.81,91.879997,-0.058125,-0.18925001,0.94862503
311799,0,1,3,0,-1.5599999,-0.81,91.25,-0.066124998,-0.199,0.93400002
311843,0,1,3,0,-1.63,-0.81,90.75,-0.082374997,-0.22925,0.97831249
311867,0,1,3,0,-1.6900001,-0.81,90.559998,-0.068999998,-0.257,0.88274997
311959,0,1,3,0,-1.8099999,-0.75,89.440002,-0.083875,-0.2059375,0.97418749
311983,0,1,3,0,-1.8099999,-0.75,89.190002,-0.073250003,-0.256125,0.92331249
312027,0,1,3,0,-1.88,-0.69,88.5,-0.071812503,-0.25631249,0.91925001
312099,0,1,3,0,-3.1900001,-0.81,87.440002,-0.072499998,-0.26781249,0.95462501
312124,0,1,3,0,-3.9400001,-0.88,87.190002,-0.086562499,-0.2705625,0.93387502
312148,0,1,3,0,-4.6900001,-0.94,86.879997,-0.1105,-0.2709375,0.9510625
312239,0,1,3,0,-7.75,-1.13,85.25,-0.094499998,-0.26712501,0.8943125
312264,0,1,3,0,-7.8099999,-1.13,84.879997,-0.073687501,-0.29512501,0.9074375
312308,0,1,3,0,-7.8800001,-1.0599999,84,-0.131125,-0.29293749,0.92693752
312380,0,1,3,0,-8.3800001,-0.94,82.75,-0.086750001,-0.32837501,0.91481251
312404,0,1,3,0,-8.4399996,-0.94,82.379997,-0.078874998,-0.31181249,0.92506248
312448,0,1,3,0,-8.5,-0.88,81.379997,-0.059,-0.27568749,0.90656251
312520,0,1,3,0,-8.6899996,-0.75,80,-0.056875002,-0.36925,0.94218749
312564,0,1,3,0,-8.75,-0.69,79.190002,-0.068625003,-0.34562501,0.9165625
312589,0,1,3,0,-8.8100004,-0.63,78.559998,-0.068125002,-0.3305625,0.96143752
312680,0,1,3,0,-9,-0.44,76.5,-0.0714375,-0.36687499,0.8993125
312705,0,1,3,0,-9.4399996,-0.5,76.059998,-0.069687501,-0.39937499,0.8934375
312751,0,1,3,0,-11.19,-0.81,74.879997,-0.084624998,-0.38087499,0.92175001
312845,0,1,3,0,-11.31,-0.56,72.690002,-0.098125003,-0.39693749,0.87287498
312892,0,1,3,0,-11.31,-0.38,71.440002,-0.075874999,-0.3894375,0.86087501
312937,0,1,3,0,-11.38,-0.13,70.129997,-0.083437502,-0.38468751,0.90293747
313029,0,1,3,0,-11.75,0.13,67.690002,-0.060625002,-0.40593749,0.93187499
313054,0,1,3,0,-12.44,0.059999999,67.190002,-0.088562503,-0.4185625,0.973625
313078,0,1,3,0,-12.5,0.13,66.379997,-0.041125,-0.41756251,0.84506249
313149,0,1,3,0,-12.56,0.44,64.379997,-0.082000002,-0.4131875,0.86156249
313193,0,1,3,0,-12.56,0.56,63.189999,-0.054437499,-0.46768749,1.025625
313218,0,1,3,0,-12.56,0.69,62.310001,-0.098937497,-0.42868751,0.87518752
313290,0,1,3,0,-12.44,0.94,60.25,-0.0546875,-0.40625,0.87506253
313334,0,1,3,0,-12.44,1.13,59.060001,-0.085249998,-0.44400001,0.898875
313378,0,1,3,0,-12.44,1.38,57.5,-0.063187502,-0.47262499,0.91618752
313450,0,1,3,0,-12.44,1.63,55.310001,-0.045000002,-0.43974999,0.917
313475,0,1,3,0,-12.44,1.6900001,54.689999,-0.093062498,-0.4686875,0.89537501
313499,0,1,3,0,-12.38,1.8099999,53.75,-0.0134375,-0.44418749,0.836375
313591,0,1,3,0,-12.31,2.1300001,50.880001,-0.067812502,-0.46431249,0.96637499
313615,0,1,3,0,-12.25,2.25,50.25,-0.060062502,-0.4316875,0.90937501
313639,0,1,3,0,-12.19,2.3099999,49.25,-0.081249997,-0.46281251,0.87312502
313731,0,1,3,0,-12.88,2.25,46.380001,-0.0019375,-0.40468749,0.89281249
313775,0,1,3,0,-13.13,2.3099999,44.75,-0.057687499,-0.437125,0.91812497
313799,0,1,3,0,-13.13,2.3800001,44.130001,-0.024125,-0.45625001,0.9765625
313871,0,1,3,0,-13,2.75,41.810001,-0.069312498,-0.413625,0.9715625
313895,0,1,3,0,-12.94,2.9400001,40.880001,-0.074312501,-0.42412499,1.0079376
313940,0,1,3,0,-12.81,3.1300001,39.560001,-0.058874998,-0.45162499,0.91912502
314011,0,1,3,0,-13,3.4400001,37.310001,-0.062125001,-0.42087501,0.91681248
314055,0,1,3,0,-12.88,3.75,35.630001,-0.071374997,-0.45743749,0.87406248
314080,0,1,3,0,-13.19,3.6900001,35,-0.075000003,-0.44087499,0.94125003
314151,0,1,3,0,-13.13,4.0599999,32.689999,-0.080875002,-0.45743749,0.89606249
314195,0,1,3,0,-13,4.3099999,31,-0.065312497,-0.4153125,0.88018751
314220,0,1,3,0,-12.94,4.3800001,30.379999,-0.067374997,-0.46724999,0.92656249
314311,0,1,3,0,-12.75,4.8800001,27.379999,-0.068374999,-0.474875,0.96512502
314336,0,1,3,0,-12.63,5,26.309999,-0.0749375,-0.5028125,0.90818751
314360,0,1,3,0,-12.56,5.1300001,25.690001,-0.038125001,-0.44743749,0.93225002
314452,0,1,3,0,-12.25,5.5599999,22.629999,-0.099187501,-0.44343749,0.9124375
314476,0,1,3,0,-12.19,5.75,21.629999,-0.074437499,-0.44181249,0.89993751
314500,0,1,3,0,-12.06,5.8800001,20.940001,-0.076375,-0.4605625,0.91275001
314592,0,1,3,0,-12.13,6,17.559999,-0.10525,-0.45381251,0.86750001
314616,0,1,3,0,-12.06,6.0599999,16.940001,-0.0894375,-0.42925,0.81837499
314661,0,1,3,0,-11.94,6.25,15.56,-0.126375,-0.45993751,0.8573125
314732,0,1,3,0,-12.56,6.0599999,13.25,-0.064999998,-0.4424375,0.96487498
314776,0,1,3,0,-12.38,6.1300001,11.56,-0.063000001,-0.50274998,0.99112499
314801,0,1,3,0,-12.31,6.25,10.88,-0.068000004,-0.51081252,0.93949997
314870,0,1,3,0,-12,6.4400001,8.5,-0.0263125,-0.46068749,0.95212501
314894,0,1,3,0,-11.88,6.5599999,7.4400001,-0.0495,-0.4769375,0.88206249
314917,0,1,3,0,-11.75,6.6300001,6.8099999,-0.097187497,-0.43643749,0.890625
314987,0,1,3,0,-11.81,6.6900001,4.4400001,-0.075562499,-0.43724999,0.86750001
315011,0,1,3,0,-12.13,6.5,3.8099999,-0.070062503,-0.42787501,0.86731249
315034,0,1,3,0,-12,6.6900001,2.8099999,-0.075437501,-0.43943751,0.89987499
315103,0,1,3,0,-12.25,6.8099999,0.44,-0.061999999,-0.51037502,0.87306249
315150,0,1,3,0,-12.06,7.0599999,359.06,-0.0760625,-0.49149999,0.93493748
315175,0,1,3,0,-11.94,7.1900001,358.06,-0.096187502,-0.51437497,0.93531251
315291,0,1,3,0,-11.25,7.6900001,354,-0.074625,-0.44837499,0.88718748
315337,0,1,3,0,-11.44,7.5599999,352.69,-0.070749998,-0.45381251,0.99062502
315383,0,1,3,0,-11.19,7.75,351,-0.0529375,-0.47506249,0.9271875
315478,0,1,3,0,-10.69,8.1300001,347.88,-0.0581875,-0.44518751,0.91218752
315523,0,1,3,0,-10.31,8.3800001,346.19,-0.1115,-0.42175001,0.90293747
315570,0,1,3,0,-10.13,8.5600004,344.88,-0.078062497,-0.46931249,0.85968751
315641,0,1,3,0,-9.6899996,8.8100004,342.13,-0.092062503,-0.50125003,0.93431252
315685,0,1,3,0,-9.4399996,8.9399996,340.75,-0.077624999,-0.44549999,0.87900001
315710,0,1,3,0,-9.3800001,9,340.06,-0.078562498,-0.46481249,0.93075001
315781,0,1,3,0,-8.9399996,9.25,337.69,-0.1079375,-0.40931249,0.93062502
315825,0,1,3,0,-8.6300001,9.4399996,335.94,-0.096812502,-0.5011875,0.8556875
315850,0,1,3,0,-8.5,9.5,335.25,-0.088062502,-0.46606249,0.92843747
315921,0,1,3,0,-8.1300001,9.6899996,332.81,-0.1245625,-0.49606249,0.89281249
315945,0,1,3,0,-7.9400001,9.8100004,331.81,-0.1151875,-0.447,0.91918749
315990,0,1,3,0,-7.6900001,9.9399996,330.06,-0.1115625,-0.51099998,0.95393747
316105,0,1,3,0,-7.0599999,10.25,326.19,-0.095562503,-0.52824998,0.93374997
316130,0,1,3,0,-6.9400001,10.38,325.13,-0.103375,-0.5103125,0.90518749
316177,0,1,3,0,-6.6900001,10.5,323.75,-0.1188125,-0.51118749,0.90156251
316292,0,1,3,0,-6.6300001,10.31,319.56,-0.033687498,-0.52899998,0.9543125
316317,0,1,3,0,-6.5599999,10.31,318.88,-0.020749999,-0.56031251,0.95856249
316363,0,1,3,0,-6.25,10.31,317.06,-0.0326875,-0.55418748,1.0615625
316477,0,1,3,0,-5.3800001,10.56,313.19,-0.025812499,-0.50731248,0.9338125
316523,0,1,3,0,-5,10.75,311.44,0.0036249999,-0.4576875,0.88012499
316570,0,1,3,0,-4.6300001,11,309.63,-0.064437501,-0.4975,0.80124998
316643,0,1,3,0,-4.1300001,11.38,307.13,-0.1074375,-0.50999999,0.76081252
316689,0,1,3,0,-3.75,11.5,305.31,-0.0955,-0.53262502,0.88931251
316735,0,1,3,0,-3.5,11.56,303.88,-0.087437503,-0.54831249,0.81231248
316850,0,1,3,0,-2.5599999,11.13,299.63,-0.061000001,-0.52393752,0.97531247
316875,0,1,3,0,-2.3800001,11.06,298.94,-0.0318125,-0.4803125,0.97874999
316921,0,1,3,0,-1.88,10.81,297.19,-0.022,-0.5110625,0.97350001
317015,0,1,3,0,-1.1900001,10.5,293.94,-0.047125001,-0.50562501,0.86049998
317061,0,1,3,0,-0.75,10.38,292.19,-0.031125,-0.55106252,0.9190625
317107,0,1,3,0,-0.44,10.25,290.75,-0.053687502,-0.476625,0.82843751
317198,0,1,3,0,-2.25,9,287.44,-0.049687501,-0.48831251,0.85868752
317223,0,1,3,0,-2.1900001,9,286.69,-0.036874998,-0.47312501,0.94062501
317267,0,1,3,0,-2.6900001,8.5600004,285,-0.021312499,-0.54237503,0.93968749
317338,0,1,3,0,-3,8.0600004,282.5,-0.022937501,-0.56387502,0.9285
317363,0,1,3,0,-2.9400001,8.0600004,281.81,-0.052749999,-0.55731249,0.81118751
317387,0,1,3,0,-2.6900001,8,280.69,-0.048687499,-0.4975,0.92581248
317479,0,1,3,0,-2.1300001,7.8800001,277.44,-0.0370625,-0.51787502,0.949
317503,0,1,3,0,-2,7.8800001,276.75,-0.026249999,-0.53731251,0.96368748
317547,0,1,3,0,-1.75,7.8099999,274.88,-0.043749999,-0.57243752,0.9264375
317619,0,1,3,0,-1.3099999,7.75,272.31,-0.050749999,-0.50918752,0.88668752
317644,0,1,3,0,-1.1900001,7.75,271.56,-0.068499997,-0.53431249,0.90606248
317688,0,1,3,0,-0.94,7.6300001,269.75,-0.062624998,-0.51912498,0.91412503
317760,0,1,3,0,-1.4400001,7.1900001,267.19,-0.037124999,-0.49325001,0.96512502
317804,0,1,3,0,-1.25,7.0599999,265.69,-0.061999999,-0.5715,0.92900002
317829,0,1,3,0,-1.13,7,264.56,-0.0089999996,-0.56575,0.9050625
317920,0,1,3,0,-0.56,6.6900001,261.19,-0.0399375,-0.48512501,0.9790625
317944,0,1,3,0,-0.44,6.6300001,260.44,0.018124999,-0.50975001,0.9214375
317969,0,1,3,0,-0.31,6.5599999,259.31,-0.0250625,-0.53425002,0.96824998
318039,0,1,3,0,0,6.3800001,256.69,-0.035250001,-0.51112503,0.92624998
318063,0,1,3,0,0.13,6.3800001,255.94,-0.022500001,-0.52393752,0.85781252
318107,0,1,3,0,0.38,6.3099999,254.06,-0.037124999,-0.47375,0.94187498
318177,0,1,3,0,-0.13,5.9400001,251.5,-0.042374998,-0.56606251,0.93674999
318202,0,1,3,0,-0.059999999,5.8800001,250.75,-0.030375,-0.52656251,0.92237502
318244,0,1,3,0,0.13,5.8099999,248.88,-0.0281875,-0.544375,0.86312503
318315,0,1,3,0,-1.13,5.1900001,246.31,-0.067562498,-0.51899999,0.9494375
318339,0,1,3,0,-1.0599999,5.1900001,245.56,-0.057624999,-0.54462498,0.9510625
318364,0,1,3,0,-0.94,5.1900001,244.81,-0.038874999,-0.5291875,0.96731251
318456,0,1,3,0,-2.0599999,4.5599999,241.13,-0.04025,-0.53687501,0.91781253
318480,0,1,3,0,-2,4.5599999,240.38,-0.049437501,-0.510625,0.96850002
318504,0,1,3,0,-1.9400001,4.5599999,239.63,-0.0289375,-0.5259375,0.93962502
318596,0,1,3,0,-3.1300001,4,235.94,-0.065875001,-0.4909375,0.87712502
318621,0,1,3,0,-3.0599999,4.0599999,235.19,-0.075187497,-0.51899999,0.85887498
318665,0,1,3,0,-2.9400001,4.0599999,233.31,-0.052499998,-0.5135625,0.86843753
318736,0,1,3,0,-2.75,4.0599999,230.69,-0.056375001,-0.49843749,0.95762497
318761,0,1,3,0,-2.6900001,4.0599999,229.94,-0.051437501,-0.53693748,0.92637497
318785,0,1,3,0,-2.6300001,4.0599999,228.81,-0.067937501,-0.52312499,0.93118751
318876,0,1,3,0,-3.1900001,3.8800001,225.44,-0.068062499,-0.52649999,0.93612498
318901,0,1,3,0,-3.1300001,3.8800001,224.69,-0.058687501,-0.52743751,0.92737502
318945,0,1,3,0,-3.0599999,3.8800001,222.75,-0.092249997,-0.51537502,0.93531251
319017,0,1,3,0,-4.4400001,3.5,220.19,-0.067812502,-0.52087498,0.88674998
319041,0,1,3,0,-4.4400001,3.5599999,219.38,-0.062249999,-0.52818751,0.91681248
319086,0,1,3,0,-4.3099999,3.6300001,217.5,-0.078187503,-0.52793747,0.88706249
319177,0,1,3,0,-5.6900001,3.4400001,214.13,-0.082125001,-0.51962501,0.92093748
319201,0,1,3,0,-5.6300001,3.5,213.38,-0.075999998,-0.50787503,0.90318751
319226,0,1,3,0,-5.6300001,3.5,212.25,-0.057062499,-0.55931252,0.96512502
319317,0,1,3,0,-5.5,3.5599999,208.81,-0.052749999,-0.58356249,0.93524998
319342,0,1,3,0,-5.5,3.6300001,208,-0.088875003,-0.52368748,0.87449998
319366,0,1,3,0,-5.4400001,3.6900001,206.88,-0.072937503,-0.51024997,0.93918753
319437,0,1,3,0,-5.3800001,3.75,204.19,-0.081,-0.55437499,0.87243748
319482,0,1,3,0,-5.25,3.8800001,202.25,-0.07525,-0.56887501,0.93343753
319507,0,1,3,0,-5.1900001,3.8800001,201.5,-0.12025,-0.54799998,0.95512497
319598,0,1,3,0,-5,4,198.06,-0.048187502,-0.56668752,0.91631252
319622,0,1,3,0,-5,4,197.31,-0.083312497,-0.56962502,0.9864375
319667,0,1,3,0,-4.8800001,4.0599999,195.38,-0.057750002,-0.61043751,0.88137501
319738,0,1,3,0,-4.6300001,4.0599999,192.69,-0.066124998,-0.53487498,0.91281247
319763,0,1,3,0,-4.5599999,4.0599999,191.94,-0.057187501,-0.5753125,0.86793751
319787,0,1,3,0,-4.3800001,4.0599999,190.75,-0.080875002,-0.56393749,0.88506252
319878,0,1,3,0,-4.0599999,4,187.38,-0.070375003,-0.54693753,0.78118747
319922,0,1,3,0,-3.8800001,4,185.44,-0.050812501,-0.56462502,0.95262498
319947,0,1,3,0,-3.8099999,3.9400001,184.69,-0.056249999,-0.60131252,0.90481251
320038,0,1,3,0,-3.3800001,3.9400001,181.25,-0.069687501,-0.52574998,0.84556252
320063,0,1,3,0,-3.25,3.9400001,180.13,-0.082249999,-0.51468748,0.89587498
320088,0,1,3,0,-3.1900001,3.9400001,179.38,-0.0766875,-0.5456875,0.87137502
320159,0,1,3,0,-3,3.8800001,176.69,-0.067312501,-0.50906253,0.90206248
320203,0,1,3,0,-2.8099999,3.8099999,174.81,-0.063312501,-0.53250003,0.93693751
320227,0,1,3,0,-2.75,3.8099999,174.06,-0.063500002,-0.53362501,0.86449999
320319,0,1,3,0,-2.3800001,3.6900001,170.25,-0.068687499,-0.53843749,0.94643748
320343,0,1,3,0,-2.3099999,3.6900001,169.5,-0.046812501,-0.537875,0.98299998
320368,0,1,3,0,-2.25,3.6300001,168.75,-0.017875001,-0.54624999,0.96518749
320459,0,1,3,0,-2,3.4400001,165.31,-0.046937499,-0.55024999,0.90218753
320483,0,1,3,0,-1.88,3.3800001,164.19,-0.071249999,-0.55743748,0.92837501
320508,0,1,3,0,-1.8099999,3.3099999,163.44,-0.038687501,-0.49075001,0.82637501
320599,0,1,3,0,-2.3099999,2.8800001,160.06,-0.018312501,-0.52474999,0.99781251
320623,0,1,3,0,-2.25,2.8099999,158.94,-0.032937501,-0.52587497,0.96112502
320668,0,1,3,0,-2.0599999,2.75,157.44,-0.043749999,-0.4979375,0.95550001
320759,0,1,3,0,-1.6900001,2.8099999,153.75,-0.046062499,-0.44643751,0.86987501
320784,0,1,3,0,-1.63,2.8099999,153.06,-0.076125003,-0.51674998,0.91856247
320809,0,1,3,0,-1.63,2.8099999,152.31,-0.096874997,-0.52993751,0.94306248
320880,0,1,3,0,-1.5599999,2.8800001,149.31,-0.078562498,-0.48500001,0.78806251
320924,0,1,3,0,-1.5599999,2.8099999,147.88,-0.102875,-0.4975,0.78324997
320949,0,1,3,0,-1.5,2.8099999,147.13,-0.098437503,-0.52174997,0.83525002
321040,0,1,3,0,-4.0599999,2.0599999,143.5,-0.059,-0.46656251,0.953125
321065,0,1,3,0,-4,2,142.75,-0.080062501,-0.48456249,0.92449999
321109,0,1,3,0,-4,1.6900001,140.88,-0.0434375,-0.53718752,0.90450001
321180,0,1,3,0,-4,1.38,138.25,-0.0110625,-0.54750001,0.94931251
321205,0,1,3,0,-4,1.25,137.5,-0.0263125,-0.50112498,0.96562499
321229,0,1,3,0,-4,1.13,136.38,0.026249999,-0.51418751,0.94137502
321321,0,1,3,0,-3.8800001,1.0599999,133.06,-0.0010625001,-0.546875,0.87406248
321345,0,1,3,0,-3.8800001,1.13,132.31,-0.035999998,-0.57181251,0.86356252
321389,0,1,3,0,-3.8099999,1.1900001,130.44,-0.053624999,-0.5225625,0.91131252
321461,0,1,3,0,-3.6900001,1.4400001,127.88,-0.035937499,-0.52806252,0.92568749
321485,0,1,3,0,-3.6900001,1.5,127.13,-0.054249998,-0.55062503,0.92743748
321529,0,1,3,0,-3.75,1.63,125.25,-0.023687501,-0.59025002,0.88862503
321601,0,1,3,0,-3.6300001,1.75,122.69,-0.049249999,-0.54537499,0.97187501
321646,0,1,3,0,-3.5599999,1.8099999,121.19,-0.032499999,-0.53162497,0.95450002
321670,0,1,3,0,-3.5,1.88,120.06,-0.025625,-0.50831252,0.97025001
321762,0,1,3,0,-3.3800001,2.0599999,116.75,-0.0379375,-0.54168749,0.90937501
321786,0,1,3,0,-3.3099999,2.1300001,116,-0.073687501,-0.56262499,0.93037498
321810,0,1,3,0,-3.25,2.1900001,114.88,-0.027375,-0.51818752,0.83968753
321882,0,1,3,0,-3.0599999,2.25,112.25,-0.062562503,-0.5654375,0.88437498
321926,0,1,3,0,-6.0599999,1.63,110.5,-0.050625,-0.50506252,0.87931252
321951,0,1,3,0,-7.4400001,1.38,109.75,-0.033500001,-0.55562502,0.91175002
322042,0,1,3,0,-8.6899996,1.3099999,106.38,-0.023499999,-0.5855,0.93550003
322066,0,1,3,0,-9.3100004,1.1900001,105.69,-0.1041875,-0.57024997,0.88174999
322110,0,1,3,0,-9.25,1.38,103.75,-0.01525,-0.52487499,0.85025001
322182,0,1,3,0,-9.1300001,1.5599999,101.06,-0.0401875,-0.544375,0.9248125
322206,0,1,3,0,-9.1300001,1.63,100.31,-0.030999999,-0.51824999,0.88243753
322230,0,1,3,0,-9.1300001,1.6900001,99.190002,-0.019312499,-0.53587502,0.94518751
322321,0,1,3,0,-10.25,1.63,95.809998,-0.032125,-0.53893751,0.89856249
322345,0,1,3,0,-10.19,1.6900001,95.059998,-0.040312499,-0.53299999,0.85124999
322370,0,1,3,0,-10.13,1.8099999,93.879997,-0.038312498,-0.48412499,0.8770625
322461,0,1,3,0,-10.69,2,90.5,-0.032249998,-0.51075,0.91281247
322505,0,1,3,0,-10.63,2.1900001,88.629997,-0.052749999,-0.58037502,0.98449999
322530,0,1,3,0,-10.63,2.25,87.879997,-0.059875,-0.5381875,0.87900001
322602,0,1,3,0,-10.5,2.5599999,85.190002,-0.048437499,-0.530375,0.83662498
322626,0,1,3,0,-10.5,2.6900001,84.059998,-0.070625,-0.55237502,0.88287503
322671,0,1,3,0,-10.38,2.8800001,82.559998,-0.046937499,-0.55537498,0.94231248
322742,0,1,3,0,-10.25,3.1900001,79.879997,-0.046999998,-0.55331248,0.87037498
322786,0,1,3,0,-10.81,3.1900001,78,-0.086062498,-0.513125,0.81768751
322811,0,1,3,0,-10.75,3.25,77.25,-0.084250003,-0.55912501,0.91843748
322882,0,1,3,0,-11.06,3.3800001,74.690002,-0.052124999,-0.59087503,0.86612499
322926,0,1,3,0,-10.94,3.5599999,72.809998,-0.064499997,-0.47006249,0.86168748
322951,0,1,3,0,-10.88,3.6900001,72.059998,-0.088875003,-0.56118751,0.86918747
323042,0,1,3,0,-10.56,3.9400001,68.629997,-0.089249998,-0.53587502,0.97793752
323067,0,1,3,0,-10.5,4.0599999,67.5,-0.0876875,-0.56856251,0.96937501
323092,0,1,3,0,-10.44,4.1300001,66.75,-0.064937502,-0.49524999,0.90618747
323183,0,1,3,0,-10.19,4.4400001,63.310001,-0.076499999,-0.47193751,0.90393752
323207,0,1,3,0,-10.06,4.5599999,62.189999,-0.1003125,-0.53756249,0.90131247
323231,0,1,3,0,-10,4.6300001,61.439999,-0.080375001,-0.59487498,0.91125
323300,0,1,3,0,-9.6899996,4.8800001,58.75,-0.106625,-0.58368748,0.95293748
323324,0,1,3,0,-9.5600004,4.9400001,57.630001,-0.092,-0.49125001,0.81606251
323348,0,1,3,0,-9.5,5.0599999,56.880001,-0.080312498,-0.53399998,0.88593751
323417,0,1,3,0,-9.3100004,5.1900001,54.189999,-0.1160625,-0.5974375,0.88687497
323441,0,1,3,0,-9.25,5.25,53.439999,-0.1035,-0.59162498,0.91856247
323484,0,1,3,0,-9.0600004,5.3800001,51.5,-0.11575,-0.51599997,0.89749998
323553,0,1,3,0,-8.6899996,5.5,48.810001,-0.1138125,-0.506625,0.91412503
323577,0,1,3,0,-8.6300001,5.5,48.060001,-0.065125003,-0.55400002,0.95412499
323600,0,1,3,0,-8.5,5.5599999,47.310001,-0.062624998,-0.58743751,0.96293747
323651,0,1,3,0,-8.3100004,5.6900001,45.380001,-0.100625,-0.55400002,0.8564375
323674,0,1,3,0,-8.1899996,5.8099999,44.25,-0.1455625,-0.6015625,0.86481249
323717,0,1,3,0,-8,5.9400001,42.689999,-0.16075,-0.48118749,0.84412497
323768,0,1,3,0,-7.6900001,6.0599999,40.75,-0.1313125,-0.63106251,0.86425
323810,0,1,3,0,-7.5599999,6.1900001,39.25,-0.1199375,-0.54587501,0.90087497
323834,0,1,3,0,-7.4400001,6.25,38.060001,-0.1193125,-0.62,0.98456252
323903,0,1,3,0,-7.1900001,6.4400001,35.380001,-0.13275,-0.65737498,0.99043751
323927,0,1,3,0,-7.0599999,6.4400001,34.560001,-0.151875,-0.67843747,0.96312499
323951,0,1,3,0,-7,6.5,33.810001,-0.1285625,-0.551,0.94
324020,0,1,3,0,-6.6300001,6.6900001,30.690001,-0.1550625,-0.61299998,0.94087499
324044,0,1,3,0,-6.5,6.6900001,29.879999,-0.1499375,-0.54743749,0.84187502
324068,0,1,3,0,-6.3800001,6.6900001,29.129999,-0.14812499,-0.5595625,0.85187501
324137,0,1,3,0,-6,6.8099999,26.379999,-0.154625,-0.5711875,0.85043752
324161,0,1,3,0,-5.9400001,6.8800001,25.629999,-0.17218751,-0.57243752,0.93787497
324185,0,1,3,0,-5.75,6.8800001,24.440001,-0.15925001,-0.60781252,0.8754375
324254,0,1,3,0,-5.3800001,7,21.690001,-0.20275,-0.54124999,0.80581248
324278,0,1,3,0,-5.3099999,7,20.940001,-0.2153125,-0.60825002,0.7845
324302,0,1,3,0,-5.1900001,6.9400001,20.190001,-0.1453125,-0.52031249,0.80849999
324371,0,1,3,0,-4.8800001,6.8099999,17.129999,-0.16,-0.5078125,0.87831253
324395,0,1,3,0,-4.75,6.75,16.440001,-0.14974999,-0.52700001,0.91206253
324419,0,1,3,0,-4.6900001,6.6900001,15.69,-0.1685625,-0.68018752,0.854375
324488,0,1,3,0,-4.3099999,6.5,13.06,-0.1248125,-0.629875,0.86387497
324512,0,1,3,0,-4.25,6.5,12.31,-0.16075,-0.58762503,0.91587502
324554,0,1,3,0,-3.9400001,6.4400001,10.5,-0.14049999,-0.52193749,0.92612499
324603,0,1,3,0,-3.6900001,6.4400001,8.75,-0.1835625,-0.4515,0.91768748
324626,0,1,3,0,-3.5599999,6.4400001,8,-0.1998125,-0.50968748,0.86281252
324649,0,1,3,0,-3.5,6.4400001,7.3099999,-0.190375,-0.54612499,0.85093749
324698,0,1,3,0,-3.1900001,6.5,5.6300001,-0.1889375,-0.43531251,0.9584375
324721,0,1,3,0,-2.9400001,6.5599999,4.6300001,-0.19931249,-0.53074998,0.9321875
324744,0,1,3,0,-2.8099999,6.5599999,4,-0.24950001,-0.45387501,0.89718747
324811,0,1,3,0,-2.3099999,6.5,1.88,-0.24124999,-0.42487499,0.86699998
324815,0,1,3,0,-2.3099999,6.5,1.88,-0.1933125,-0.4201875,0.86699998
324857,0,1,3,0,-2,6.4400001,0.75,-0.1529375,-0.32624999,0.90125
324929,0,1,3,0,-1.5599999,6.3800001,358.88,-0.19318751,-0.33662501,0.91125
324953,0,1,3,0,-1.38,6.3099999,358.06,-0.14712501,-0.33781251,0.89631248
324978,0,1,3,0,-1.25,6.3099999,357.56,-0.2000625,-0.32368749,0.92874998
325069,0,1,3,0,-0.69,6.1900001,355.13,-0.22768749,-0.27862501,0.93356252
325094,0,1,3,0,-0.63,6.1900001,354.69,-0.2145,-0.30175,0.91575003
325139,0,1,3,0,-0.44,6.1300001,353.81,-0.2153125,-0.2425625,0.93862498
325210,0,1,3,0,-0.19,6.0599999,352.31,-0.2115625,-0.186875,0.916875
325252,0,1,3,0,0.059999999,5.9400001,351.31,-0.2214375,-0.20712499,0.91575003
325276,0,1,3,0,0.13,5.9400001,350.94,-0.250875,-0.17325,0.94912499
325326,0,1,3,0,0.44,5.8800001,350.13,-0.201625,-0.18125001,0.95700002
325350,0,1,3,0,0.5,5.8099999,349.81,-0.20999999,-0.1175,0.90768749
325373,0,1,3,0,0.75,5.8099999,349.44,-0.23649999,-0.079312503,0.9058125
325442,0,1,3,0,1.1900001,5.75,348.56,-0.25593749,-0.0265,0.93243748
325466,0,1,3,0,1.3099999,5.75,348.38,-0.22193751,0.002625,0.916125
325509,0,1,3,0,1.63,5.6900001,348,-0.22443751,0.025250001,0.98356253
325559,0,1,3,0,1.8099999,5.6900001,347.75,-0.244,0.029999999,0.97418749
325602,0,1,3,0,2.1900001,5.6300001,347.5,-0.28650001,0.092500001,0.9634375
325626,0,1,3,0,2.3099999,5.6300001,347.44,-0.206375,0.13349999,0.91443747
325676,0,1,3,0,2.5,5.5599999,347.31,-0.240125,0.1315625,0.85331249
325700,0,1,3,0,2.5599999,5.5,347.31,-0.235375,0.197125,0.98281252
325723,0,1,3,0,2.6300001,5.5,347.31,-0.262375,0.129125,0.90931249
325792,0,1,3,0,2.75,5.5599999,347.38,-0.30037501,0.065937497,0.90081251
325816,0,1,3,0,2.75,5.5599999,347.44,-0.35256249,0.23525,0.9235
325859,0,1,3,0,2.6900001,5.6300001,347.63,-0.37068751,0.13187499,0.88725001
325909,0,1,3,0,2.6300001,5.6900001,347.81,-0.3671875,0.1451875,0.78768748
325952,0,1,3,0,2.4400001,5.75,348,-0.3161875,0.094499998,1.0601875
325976,0,1,3,0,2.3099999,5.75,348.13,-0.34712499,0.072875001,0.962125
326026,0,1,3,0,2,5.75,348.31,-0.31775001,-0.046999998,1.02675
326069,0,1,3,0,1.75,5.8099999,348.56,-0.31587499,0.057875,1.124625
326073,0,1,3,0,1.75,5.8099999,348.56,-0.31587499,0.057875,1.124625
326162,0,1,3,0,1.63,6.1900001,348.94,-0.38824999,0.067374997,0.91737503
326186,0,1,3,0,1.63,6.3099999,349.06,-0.39649999,0.122875,1.048875
326209,0,1,3,0,1.6900001,6.6300001,349.19,-0.4173125,-0.0195625,1.0219375
326279,0,1,3,0,1.75,7.1900001,349.5,-0.44337499,0.1100625,1.0801876
326302,0,1,3,0,1.88,7.3099999,349.56,-0.45050001,0.037374999,0.93949997
326326,0,1,3,0,1.9400001,7.4400001,349.69,-0.40975001,0.107875,0.95893753
326395,0,1,3,0,2.1900001,7.5599999,350.06,-0.3840625,0.095749997,0.96606249
326419,0,1,3,0,2.3099999,7.5,350.19,-0.4358125,0.098499998,0.9009375
326442,0,1,3,0,2.3800001,7.5,350.31,-0.330125,0.1230625,1.017875
326512,0,1,3,0,2.6900001,7.5,350.63,-0.3876875,0.1010625,0.88756251
326536,0,1,3,0,2.75,7.5,350.75,-0.36368749,0.1961875,1.0319999
326559,0,1,3,0,2.8099999,7.5,350.88,-0.33943751,0.1614375,0.838875
326628,0,1,3,0,2.8800001,7.5599999,351.19,-0.38412499,0.185,0.91212499
326652,0,1,3,0,2.8800001,7.5599999,351.31,-0.36531249,0.1813125,0.94993752
326676,0,1,3,0,2.8800001,7.5599999,351.38,-0.39693749,0.156625,0.91925001
326745,0,1,3,0,2.75,7.6300001,351.69,-0.41481251,0.090499997,0.96675003
326769,0,1,3,0,2.6900001,7.6300001,351.81,-0.330125,0.067374997,0.8474375
326793,0,1,3,0,2.6300001,7.6300001,351.88,-0.3594375,0.14193749,1.0670625
326862,0,1,3,0,2.5599999,7.75,352.13,-0.41718751,0.074625,0.9321875
326886,0,1,3,0,2.5,7.75,352.19,-0.368,0.087187499,1.0634375
326910,0,1,3,0,2.4400001,7.8099999,352.31,-0.39956251,0.070687503,0.88743752
326979,0,1,3,0,2.3800001,7.8800001,352.56,-0.35706249,0.0558125,0.94774997
327003,0,1,3,0,2.3800001,7.8800001,352.63,-0.38993749,0.0923125,0.92912501
327045,0,1,3,0,2.3099999,7.8800001,352.75,-0.36425,0.01475,0.99175
327096,0,1,3,0,2.3099999,7.9400001,352.88,-0.40306249,0.118625,0.88712502
327119,0,1,3,0,2.3099999,7.9400001,352.94,-0.37443751,0.0089375004,0.92487502
327143,0,1,3,0,2.3099999,7.9400001,353,-0.3696875,0.091750003,0.84143752
327212,0,1,3,0,2.1900001,7.9400001,353.19,-0.37343749,0.010375,0.89487499
327236,0,1,3,0,2.1300001,7.9400001,353.19,-0.36812499,0.034000002,0.95125002
327260,0,1,3,0,2.0599999,7.9400001,353.25,-0.3454375,0.017999999,0.94862503
327328,0,1,3,0,1.9400001,7.8800001,353.31,-0.34068751,0.045062501,0.99487501
327352,0,1,3,0,1.9400001,7.8800001,353.38,-0.34818751,0.0379375,0.79606253
327376,0,1,3,0,1.88,7.8800001,353.38,-0.3515625,0.051624998,0.92331249
327445,0,1,3,0,1.88,7.8800001,353.5,-0.38931251,0.031687502,1.04
327469,0,1,3,0,1.8099999,7.8800001,353.5,-0.33937499,0.052312501,0.96468753
327492,0,1,3,0,1.8099999,7.8800001,353.5,-0.35874999,0.075374998,0.88818753
327542,0,1,3,0,1.8099999,7.8800001,353.63,-0.32943749,0.05675,0.93387502
327566,0,1,3,0,1.8099999,7.8099999,353.63,-0.3350625,0.0058749998,0.81274998
327609,0,1,3,0,1.8099999,7.8099999,353.69,-0.2836875,0.030999999,0.81174999
327659,0,1,3,0,1.75,7.8099999,353.75,-0.41325,0.095124997,0.97993749
327702,0,1,3,0,1.75,7.8099999,353.75,-0.37099999,0.031187501,1.0359375
327726,0,1,3,0,1.6900001,7.75,353.81,-0.36781251,0.0063125002,0.84149998
327795,0,1,3,0,1.63,7.6900001,353.81,-0.31631249,0.026125001,0.92462498
327819,0,1,3,0,1.5599999,7.6300001,353.81,-0.305125,-0.020187501,1.0124375
327842,0,1,3,0,1.5599999,7.6300001,353.81,-0.32393751,-0.0326875,0.930875
327911,0,1,3,0,1.4400001,7.5,353.81,-0.29962501,-0.033374999,1.0105625
327916,0,1,3,0,1.4400001,7.5,353.81,-0.29962501,-0.033374999,1.0105625
327959,0,1,3,0,1.38,7.5,353.81,-0.24743751,-0.039500002,0.97581249
328029,0,1,3,0,1.38,7.4400001,353.81,-0.19825,-0.0190625,0.96568751
328052,0,1,3,0,1.38,7.4400001,353.81,-0.24806251,-0.002875,0.94481248
328076,0,1,3,0,1.38,7.4400001,353.81,-0.22274999,-0.040062498,0.95237499
328145,0,1,3,0,1.0599999,7.25,353.81,-0.169875,0.0033125,1.0172499
328169,0,1,3,0,1.0599999,7.25,353.81,-0.20568749,-0.0048750001,0.98181248
328193,0,1,3,0,1.0599999,7.25,353.88,-0.1626875,0.0020625,0.91262501
328262,0,1,3,0,1.13,7.1900001,353.88,-0.177625,-0.014125,0.97056252
328286,0,1,3,0,1.13,7.1900001,353.88,-0.16806249,-0.044937499,0.93306249
328310,0,1,3,0,1.13,7.1900001,353.88,-0.204125,-0.038874999,0.87924999
328360,0,1,3,0,1.13,7.1900001,353.88,-0.1095625,-0.021749999,0.93756253
328383,0,1,3,0,1.1900001,7.1300001,353.88,-0.082187504,0.0250625,0.94931251
328407,0,1,3,0,1.3099999,7.0599999,353.88,-0.0218125,0.056625001,1.0555
328476,0,1,3,0,1.4400001,6.9400001,353.88,0.0067500002,-0.03675,1.0489376
328499,0,1,3,0,1.38,6.9400001,353.88,-0.0070000002,-0.0364375,0.9280625
328542,0,1,3,0,1.25,6.8800001,353.88,-0.096874997,0.106875,0.68325001
328593,0,1,3,0,1.38,6.8800001,353.88,-0.1021875,0.045187499,1.0419375
328616,0,1,3,0,1.3099999,6.75,353.88,-0.0074999998,0.087937497,0.99150002
328640,0,1,3,0,1.38,6.75,353.88,-0.080812499,0.036375001,0.99000001
328709,0,1,3,0,1.25,6.6900001,353.88,-0.093062498,0.017875001,1.139625
328733,0,1,3,0,1.25,6.6900001,353.88,-0.084562503,-0.026374999,0.95493752
328756,0,1,3,0,1.25,6.6300001,353.88,-0.094187498,-0.00056249998,0.91018748
328826,0,1,3,0,1.1900001,6.75,353.88,-0.065187499,-0.059437498,0.88437498
328849,0,1,3,0,1.1900001,6.75,353.88,-0.076187499,0.034000002,0.99581248
328892,0,1,3,0,1.1900001,6.75,353.88,-0.086062498,0.0195625,0.94774997
328943,0,1,3,0,1.25,6.75,353.88,-0.073875003,0.0105625,0.905375
328966,0,1,3,0,1.25,6.8099999,353.88,-0.060687501,-0.045187499,0.84724998
328990,0,1,3,0,1.25,6.8099999,353.88,-0.047812499,-0.025875,0.96337497
329059,0,1,3,0,1.3099999,6.8099999,353.88,-0.032937501,0.022937501,0.93075001
329083,0,1,3,0,1.3099999,6.8099999,353.88,-0.1005625,-0.021875,0.8630625
329106,0,1,3,0,1.3099999,6.8099999,353.88,-0.073062502,-0.0055625001,0.97649997
329156,0,1,3,0,1.25,6.8099999,353.88,-0.124875,-0.0040000002,0.85931247
329199,0,1,3,0,1.3099999,6.8099999,353.88,-0.108375,0.023499999,1.0196249
329223,0,1,3,0,1.3099999,6.8099999,353.88,-0.075374998,-0.0077499999,0.95856249
329292,0,1,3,0,1.3099999,6.75,353.88,-0.083937503,0.0089999996,1.024125
329316,0,1,3,0,1.3099999,6.75,353.88,-0.098250002,0.0489375,0.92425001
329340,0,1,3,0,1.3099999,6.75,353.88,-0.089374997,0.056625001,0.9074375
329390,0,1,3,0,1.3099999,6.8099999,353.88,-0.1055,-0.0026875001,0.87743747
329413,0,1,3,0,1.3099999,6.8099999,353.88,-0.068999998,-0.0088125002,0.9173125
329437,0,1,3,0,1.3099999,6.8099999,353.88,-0.073562503,0.023,1.0059375
329506,0,1,3,0,1.3099999,6.8099999,353.94,-0.050187498,0.0128125,0.88424999
329530,0,1,3,0,1.3099999,6.8099999,353.94,-0.069937497,-0.023687501,1.0033751
329554,0,1,3,0,1.3099999,6.8099999,353.94,-0.089249998,0.014375,0.97425002
329623,0,1,3,0,1.25,6.8099999,354,-0.0969375,-0.01175,0.94706249
329647,0,1,3,0,1.25,6.8099999,354,-0.1244375,-0.0001875,0.91781253
329670,0,1,3,0,1.25,6.8800001,354.06,-0.119875,0.0088750003,0.95712501
329740,0,1,3,0,1.1900001,6.8099999,354.06,-0.036125001,-0.032749999,0.93437499
329763,0,1,3,0,1.1900001,6.8099999,354.06,-0.112125,-0.01225,0.88599998
329787,0,1,3,0,1.0599999,6.5,354.06,-0.058874998,0.0116875,0.89662498
329856,0,1,3,0,1,6.4400001,354.06,-0.0584375,-0.034249999,0.86312503
329880,0,1,3,0,1,6.4400001,354.06,-0.094875,-0.0176875,1.0181251
329903,0,1,3,0,0.94,6.3800001,354.06,-0.0645625,0.0018124999,0.92843747
329953,0,1,3,0,0.88,6.1300001,354.06,-0.069875002,0.0120625,0.95906252
329977,0,1,3,0,0.88,6.1300001,354.06,-0.075187497,-0.0135,0.98787498
330020,0,1,3,0,0.75,5.9400001,354.06,-0.068750001,-0.012,0.98868752
330089,0,1,3,0,0.75,5.9400001,354.06,-0.047062501,-0.0035000001,1.0463125
330113,0,1,3,0,0.75,5.9400001,354.06,-0.0714375,-0.0408125,0.96850002
330137,0,1,3,0,0.75,5.9400001,354.06,-0.074124999,0.0076875002,1.001875
330207,0,1,3,0,0.5,5.3800001,354.06,-0.1381875,-0.0111875,0.91668749
330230,0,1,3,0,0.5,5.4400001,354.06,-0.139625,-0.068937503,0.90824997
330254,0,1,3,0,0.56,5.4400001,354.06,-0.1080625,-0.030437499,0.97412503
330324,0,1,3,0,0.63,5.3800001,354.06,-0.02225,0.0278125,0.90618747
330347,0,1,3,0,0.63,5.3099999,354.06,-0.0030624999,-0.054625001,0.845375
330371,0,1,3,0,0.63,5.25,354.06,-0.051562499,-0.027437501,0.90587503
330440,0,1,3,0,0.63,5.25,354.06,-0.041125,0.039562501,1.0205625
330465,0,1,3,0,0.69,5.25,354.06,-0.083687499,-0.01375,0.85837501
330488,0,1,3,0,0.69,5.3099999,354.06,-0.106375,0.019437499,0.802625
330557,0,1,3,0,0.75,5.3800001,354.06,-0.032875001,0.023687501,0.86243749
330581,0,1,3,0,0.75,5.3800001,354.06,-0.067249998,-0.043125,0.901375
330605,0,1,3,0,0.75,5.3800001,354.06,-0.0056250002,0.0124375,1.0163749
330674,0,1,3,0,0.75,5.25,354.06,0.045499999,0.075499997,0.79449999
330698,0,1,3,0,0.81,5.1900001,354.06,0.083999999,-0.0199375,0.92606252
330722,0,1,3,0,0.81,5.1900001,354.06,-0.0121875,-0.055875,0.861
330791,0,1,3,0,0.69,5.1900001,354.06,0.067125,-0.044875,0.92975003
330815,0,1,3,0,0.69,5.1900001,354.06,0.067874998,-0.0115625,0.84387499
330838,0,1,3,0,0.69,5.1900001,354.06,0.067374997,-0.037625,0.9354375
330907,0,1,3,0,0.69,5.1300001,354.06,0.098750003,-0.013125,0.95275003
330931,0,1,3,0,0.69,5.1300001,354.06,0.112,-0.020937501,0.93493748
330955,0,1,3,0,0.75,5.1300001,354.06,0.13393749,-0.0399375,0.97600001
331024,0,1,3,0,0.75,5,354.06,0.15081251,-0.0066249999,0.9345625
331048,0,1,3,0,0.75,5,354.06,0.1701875,-0.026562501,0.847
331071,0,1,3,0,0.75,5,354.06,0.157125,-0.028750001,0.85949999
331141,0,1,3,0,0.69,4.8800001,354.06,0.21168751,-0.025250001,0.93374997
331165,0,1,3,0,0.69,4.8099999,354.06,0.21331251,-0.0361875,0.86849999
331188,0,1,3,0,0.69,4.75,354.06,0.20237499,-0.0170625,1.01325
331257,0,1,3,0,0.63,3.9400001,354.06,0.2696875,-0.014625,0.84056252
331262,0,1,3,0,0.63,3.9400001,354.06,0.28924999,-0.014625,0.84056252
331305,0,1,3,0,0.56,3.8800001,354.06,0.29662499,-0.035999998,0.92112499
331355,0,1,3,0,0.56,3.8099999,354.06,0.30074999,-0.0448125,0.88849998
331398,0,1,3,0,0.56,3.75,354.06,0.33831251,-0.0575625,0.97468752
331402,0,1,3,0,0.56,3.75,354.06,0.3416875,-0.022187499,0.85081249
331471,0,1,3,0,0.5,3.6900001,354.06,0.330125,-0.030375,0.95187497
331514,0,1,3,0,0.44,2.8099999,354.06,0.398875,-0.007375,0.77262503
331538,0,1,3,0,0.44,2.8099999,354.06,0.34625,-0.055187501,1.0700001
331588,0,1,3,0,0.44,2.75,354.06,0.3474375,-0.052562501,0.92774999
331612,0,1,3,0,0.44,2.75,354.06,0.396,-0.046062499,0.90706247
331655,0,1,3,0,0.5,2.75,354.06,0.32225001,-0.025374999,0.8499375
331705,0,1,3,0,0.5,2.75,354.06,0.37775001,-0.078187503,1.0120625
331729,0,1,3,0,0.5,2.8099999,354.06,0.35268751,-0.010125,0.82475001
331753,0,1,3,0,0.5,2.8099999,354.06,0.317,-0.043375,1.0015
331822,0,1,3,0,0.44,2.8099999,354.06,0.3499375,-0.0425625,0.9609375
331846,0,1,3,0,0.44,2.8800001,354.06,0.36868751,-0.059187502,0.92325002
331869,0,1,3,0,0.38,2.8800001,354.06,0.35550001,-0.066375002,0.91306251
331938,0,1,3,0,0.38,2.8800001,354.06,0.38699999,-0.0264375,0.90431249
331962,0,1,3,0,0.38,2.8800001,354.06,0.38743749,-0.050375,1.0009375
331986,0,1,3,0,0.25,2,354.06,0.3240625,-0.016375,0.88218749
332055,0,1,3,0,0.25,2,354.06,0.34562501,-0.075750001,0.89287502
332078,0,1,3,0,0.25,1.9400001,354.06,0.3470625,-0.031500001,1.0305625
332102,0,1,3,0,0.25,1.9400001,354.06,0.40268749,-0.0448125,0.972875
332152,0,1,3,0,0.13,0.31,354.06,0.4058125,-0.024499999,0.85306251
332195,0,1,3,0,0.059999999,0.31,354.06,0.380375,-0.0280625,0.95643753
332199,0,1,3,0,0.059999999,0.31,354.06,0.37981251,-0.064812496,0.87862498
332288,0,1,3,0,0,-0.44,354.06,0.40599999,-0.0275,0.88625002
332313,0,1,3,0,0,-0.44,354.06,0.4058125,-0.03475,0.81318748
332337,0,1,3,0,0,-0.44,354.06,0.35312501,-0.046,0.92331249
332409,0,1,3,0,0.059999999,-0.38,354.06,0.37312499,-0.037562501,0.97356248
332453,0,1,3,0,0.059999999,-0.38,354.06,0.4108125,-0.074375004,0.88625002
332477,0,1,3,0,0,-0.38,354.06,0.35581249,-0.071374997,0.93962502
332549,0,1,3,0,0.059999999,-0.38,354.06,0.40687501,-0.051687501,0.95468748
332593,0,1,3,0,0,-0.44,354.06,0.38312501,-0.073562503,0.98787498
332618,0,1,3,0,0,-0.44,354.06,0.40656251,-0.035875,0.99668747
332689,0,1,3,0,0,-0.44,354.06,0.4214375,-0.068812497,0.97062498
332733,0,1,3,0,0,-0.44,354.06,0.4456875,-0.049687501,0.80693752
332758,0,1,3,0,0,-0.44,354.06,0.38506249,-0.0515,0.7569375
332830,0,1,3,0,0,-0.44,354.06,0.366375,-0.047499999,0.83943748
332854,0,1,3,0,0,-0.44,354.06,0.4090625,-0.034562498,0.99049997
332898,0,1,3,0,0,-1.1900001,354.06,0.4041875,-0.029437499,0.79793751
332992,0,1,3,0,-0.059999999,-1.1900001,354.06,0.42275,-0.0419375,0.88187498
333038,0,1,3,0,-0.059999999,-1.1900001,354.06,0.40549999,-0.052749999,0.99150002
333063,0,1,3,0,-0.059999999,-1.1900001,354.06,0.41725001,-0.045875002,0.85793751
333157,0,1,3,0,-0.059999999,-1.1900001,354.06,0.39568749,-0.053062499,0.93018752
333203,0,1,3,0,-0.059999999,-1.1900001,354.06,0.44131249,-0.056062501,0.83943748
333228,0,1,3,0,-0.059999999,-1.1900001,354.06,0.43281251,-0.05525,0.86925
333323,0,1,3,0,-0.059999999,-1.1900001,354.06,0.42531249,-0.05525,0.95393747
333368,0,1,3,0,-0.25,-2.6900001,354.06,0.40481251,-0.049062502,0.98449999
333414,0,1,3,0,-0.25,-2.6900001,354.06,0.41537499,-0.066624999,0.84681249
333508,0,1,3,0,-0.44,-4.8099999,354.06,0.39412501,-0.031687502,0.912
333554,0,1,3,0,-0.44,-5.4400001,354.06,0.37768751,-0.057250001,0.98462498
333579,0,1,3,0,-0.5,-6.6900001,354.06,0.3750625,-0.03025,0.91881251
333673,0,1,3,0,-0.63,-7.8800001,354.06,0.38025001,-0.044500001,0.86662501
333719,0,1,3,0,-0.63,-8.4399996,354.06,0.3671875,-0.053874999,0.90525001
333745,0,1,3,0,-0.63,-8.4399996,354.06,0.329,-0.042312499,0.93124998
333860,0,1,3,0,-0.75,-9.8100004,354.06,0.27037501,-0.039500002,0.8725
333907,0,1,3,0,-0.81,-10.44,354.06,0.2549375,-0.040874999,0.87962502
333954,0,1,3,0,-0.88,-10.38,354.06,0.20587499,-0.038312498,0.99762499
334095,0,1,3,0,-1.13,-11.56,354.06,0.163625,-0.031624999,0.95956248
334163,0,1,3,0,-1.25,-12.06,354.06,0.15493751,-0.037812501,0.93374997
334211,0,1,3,0,-1.25,-12.19,354.06,0.12975,-0.0333125,0.96693748
334351,0,1,3,0,-1.38,-12.25,354,0.091750003,-0.031374998,0.92912501
334398,0,1,3,0,-1.38,-12.25,354,0.0023749999,-0.029437499,0.98056251
334445,0,1,3,0,-1.4400001,-12.19,354,-0.0355625,-0.0119375,0.94381249
334585,0,1,3,0,-1.4400001,-12,354,-0.19949999,-0.0121875,0.9568125
334654,0,1,3,0,-1.4400001,-11.31,354,-0.190625,-0.0185,0.95625001
334700,0,1,3,0,-1.5599999,-9,354,-0.14300001,-0.014375,0.89656252
334795,0,1,3,0,-1.63,-7.5,353.94,-0.087187499,-0.0170625,0.9519375
334841,0,1,3,0,-1.63,-7.5,353.94,-0.1029375,-0.010625,0.90193748
334866,0,1,3,0,-1.63,-7.25,353.94,-0.11875,-0.01275,0.98193753
334981,0,1,3,0,-1.63,-6.0599999,353.94,-0.1295,-0.0199375,0.99343753
335006,0,1,3,0,-1.6900001,-5.6900001,353.94,-0.099375002,-0.023,0.95875001
335052,0,1,3,0,-1.75,-4.9400001,353.94,-0.090437502,-0.02025,0.95924997
335146,0,1,3,0,-1.75,-4.3800001,353.94,-0.11675,-0.015625,0.94312501
335192,0,1,3,0,-1.75,-4,353.88,-0.1225,-0.017000001,0.94687498
335217,0,1,3,0,-1.75,-3.8099999,353.88,-0.1145625,-0.0188125,0.92081249
335332,0,1,3,0,-1.8099999,-3.0599999,353.88,-0.082999997,-0.022375001,0.92181247
335357,0,1,3,0,-1.8099999,-3,353.88,-0.1025,-0.0150625,0.90625
335403,0,1,3,0,-1.8099999,-2.8800001,353.88,-0.10275,-0.015812499,0.92962497
335497,0,1,3,0,-1.8099999,-2.5599999,353.88,-0.12475,-0.016437501,0.97100002
335522,0,1,3,0,-1.8099999,-2.4400001,353.88,-0.1088125,-0.016562499,0.95550001
335589,0,1,3,0,-1.8099999,-2.25,353.88,-0.097187497,-0.015812499,0.93825001
335684,0,1,3,0,-1.8099999,-2.1300001,353.88,-0.1168125,-0.0116875,0.92593747
335730,0,1,3,0,-1.8099999,-2,353.88,-0.1175625,-0.01425,0.92462498
335755,0,1,3,0,-1.8099999,-2,353.88,-0.1236875,-0.01425,0.9650625
335869,0,1,3,0,-1.8099999,-1.8099999,353.88,-0.1254375,-0.014625,0.967125
335894,0,1,3,0,-1.8099999,-1.75,353.88,-0.1161875,-0.01325,0.96237499
335940,0,1,3,0,-1.88,-1.6900001,353.88,-0.1206875,-0.020187501,0.97649997
336056,0,1,3,0,-1.88,-1.5599999,353.88,-0.11225,-0.011125,0.9370625
336081,0,1,3,0,-1.88,-1.5599999,353.88,-0.1014375,-0.018124999,0.92531252
336127,0,1,3,0,-1.88,-1.5,353.88,-0.1215625,-0.013375,0.95649999
336221,0,1,3,0,-1.88,-1.4400001,353.88,-0.092562497,-0.0136875,0.89862502
336267,0,1,3,0,-1.88,-1.4400001,353.88,-0.099124998,-0.019437499,0.963875
336313,0,1,3,0,-1.88,-1.38,353.88,-0.123375,-0.0168125,0.97837502
