1652455,0,1,3,2,0.5,0.13,348.56,-0.21968751,-0.014,-0.93537498
1652480,0,1,3,2,0.5,-0.059999999,348.56,-0.23506249,-0.0134375,-0.93774998
1652551,0,1,3,2,0.56,-0.88,348.56,-0.234375,-0.015812499,-0.93431252
1652595,0,1,3,2,0.56,-1.5,348.56,-0.22381251,-0.0170625,-0.93581247
1652646,0,1,3,2,0.56,-1.8099999,348.56,-0.2095,-0.0160625,-0.93656248
1652691,0,1,3,2,0.56,-2,348.56,-0.201625,-0.01325,-0.93256247
1652761,0,1,3,2,0.56,-2.1300001,348.88,-0.183625,-0.014375,-0.93756253
1652786,0,1,3,2,0.56,-2.1300001,348.88,-0.17406251,-0.010875,-0.93699998
1652856,0,1,3,2,0.56,-2.1300001,349.19,-0.14712501,-0.01675,-0.93637502
1652901,0,1,3,2,0.56,-2.1300001,349.38,-0.14318749,-0.0153125,-0.94
1652971,0,1,3,2,0.56,-2.0599999,349.38,-0.126375,-0.014875,-0.93656248
1652996,0,1,3,2,0.56,-2,349.56,-0.1348125,-0.012,-0.93725002
1653066,0,1,3,2,0.56,-1.88,349.81,-0.1265,-0.0113125,-0.94
1653111,0,1,3,2,0.56,-1.8099999,350.06,-0.115625,-0.017000001,-0.94468749
1653182,0,1,3,2,0.56,-1.5599999,350.06,-0.108875,-0.0114375,-0.93650001
1653206,0,1,3,2,0.56,-1.5,350.25,-0.1064375,-0.001875,-0.93831247
1653277,0,1,3,2,0.56,-1.1900001,350.44,-0.088875003,-0.0058125,-0.9428125
1653321,0,1,3,2,0.56,-0.94,350.69,-0.083499998,-0.0125625,-0.94037497
1653391,0,1,3,2,0.5,-0.56,350.88,-0.041000001,-0.011375,-0.94262499
1653417,0,1,3,2,0.5,-0.31,350.88,-0.0335625,-0.0115,-0.94318748
1653485,0,1,3,2,0.5,0.5,351.06,-0.0188125,-0.013,-0.94081253
1653510,0,1,3,2,0.5,0.81,351.06,-0.024937499,-0.012875,-0.94012499
1653558,0,1,3,2,0.44,1.38,351.06,-0.0318125,-0.009625,-0.94006252
1653601,1,1,3,2,0.44,1.8099999,351,-0.0401875,-0.0084375,-0.94
1653650,1,1,3,2,0.44,2.1300001,350.81,-0.0535,-0.0129375,-0.93993747
1653674,1,1,3,2,0.44,2.1900001,350.81,-0.0613125,-0.011875,-0.94
1653742,1,1,3,2,0.44,2.3099999,350.44,-0.0685625,-0.0081875,-0.93924999
1653767,1,1,3,2,0.44,2.3099999,350.44,-0.072499998,-0.0135625,-0.93975002
1653815,1,1,3,2,0.44,2.3099999,350.31,-0.093312502,-0.013875,-0.94
1653859,1,1,3,2,0.44,2.3800001,350,-0.1086875,-0.0125625,-0.93193752
1653908,1,1,3,2,0.44,2.3099999,349.56,-0.1051875,-0.0119375,-0.94099998
1653932,1,1,3,2,0.44,2.3099999,349.56,-0.10225,-0.0125625,-0.93743747
1653999,0,1,3,2,0.44,2.25,348.81,-0.109875,-0.015625,-0.9425
1654024,0,1,3,2,0.44,2.25,348.81,-0.118875,-0.0104375,-0.935875
1654073,0,1,3,2,0.44,2.25,348.81,-0.1355,-0.013375,-0.93593752
1654097,0,1,3,2,0.44,2.1900001,348.69,-0.13843749,-0.0135625,-0.93606251
1654165,0,1,3,2,0.44,1.9400001,348.31,-0.1391875,-0.019375,-0.93918753
1654189,0,1,3,2,0.44,1.88,348,-0.15368751,-0.007875,-0.93562502
1654257,0,1,3,2,0.5,1.5599999,347.56,-0.1805,-0.015375,-0.93225002
1654281,0,1,3,2,0.5,1.38,347.56,-0.190375,-0.0143125,-0.93637502
1654349,0,1,3,2,0.5,0.69,347.13,-0.221375,-0.0128125,-0.93493748
1654374,0,1,3,2,0.5,0.38,347.13,-0.2385,-0.01275,-0.93624997
1654423,0,1,3,2,0.56,-0.25,347.13,-0.2730625,-0.017375,-0.93881249
1654468,0,1,3,2,0.56,-0.25,347.13,-0.29431251,-0.0150625,-0.93756253
1654539,0,1,3,2,0.56,-1.5,347.19,-0.30906251,-0.0155,-0.93481249
1654563,0,1,3,2,0.56,-2,347.19,-0.30168751,-0.0155,-0.93318748
1654634,0,1,3,2,0.63,-3.4400001,347.38,-0.28443751,-0.0118125,-0.93356252
1654678,0,1,3,2,0.63,-4.1300001,347.69,-0.2525,-0.0179375,-0.93624997
1654749,0,1,3,2,0.63,-4.3099999,348.31,-0.2250625,-0.01675,-0.9386875
1654774,0,1,3,2,0.63,-4.3099999,348.31,-0.2071875,-0.02125,-0.93712503
1654844,0,1,3,2,0.63,-4.3099999,349.69,-0.1776875,-0.0138125,-0.93300003
1654889,0,1,3,2,0.69,-4.3099999,350.44,-0.1719375,-0.01525,-0.93437499
1654959,0,1,3,2,0.75,-4.1900001,351,-0.15943751,-0.0105,-0.93900001
1654984,0,1,3,2,0.75,-4.1300001,351,-0.16374999,-0.0144375,-0.93356252
1655054,0,1,3,2,0.69,-3.9400001,352.13,-0.124625,-0.014625,-0.93962502
1655099,0,1,3,2,0.69,-3.6300001,352.13,-0.1279375,-0.011375,-0.94212502
1655170,0,1,3,2,0.69,-3.1900001,352.13,-0.1321875,-0.0108125,-0.93437499
1655194,0,1,3,2,0.69,-3.0599999,352.13,-0.14031249,-0.012625,-0.94706249
1655265,0,1,3,2,0.69,-2.8099999,352.13,-0.1360625,-0.0008125,-0.94475001
1655309,0,1,3,2,0.69,-2.6900001,352.13,-0.1228125,-0.021062501,-0.938375
1655381,0,1,3,2,0.63,-2.4400001,352.5,-0.1264375,-0.004,-0.94343752
1655405,0,1,3,2,0.63,-2.3800001,353.19,-0.1231875,-0.0151875,-0.93975002
1655475,0,1,3,2,0.69,-2.1900001,353.75,-0.1286875,-0.00875,-0.93400002
1655500,0,1,3,2,0.63,-2.1300001,354.56,-0.1243125,-0.0105625,-0.935
1655591,0,1,3,2,0.63,-1.9400001,355.56,-0.1141875,-0.0186875,-0.93406248
1655615,0,1,3,2,0.63,-1.8099999,355.56,-0.12025,-0.0180625,-0.94356251
1655686,0,1,3,2,0.63,-1.63,356.38,-0.131125,-0.011875,-0.93237501
1655731,0,1,3,2,0.63,-1.63,356.38,-0.127,-0.021,-0.9338125
1655801,0,1,3,2,0.63,-1.5,357.25,-0.12425,-0.0179375,-0.89781249
1655826,0,1,3,2,0.63,-1.4400001,357.25,-0.11275,-0.024875,-0.89587498
1655896,0,1,3,2,0.56,-1.13,358.56,-0.183,-0.065250002,-0.91374999
1655941,0,1,3,2,0.5,-0.94,359.31,-0.121375,0.0070625,-0.92843747
1656008,0,1,3,2,0.5,-0.94,0,-0.1231875,-0.029999999,-0.91956252
1656031,0,1,3,2,0.5,-0.88,0.5,-0.122375,0.0043125,-0.92637497
1656079,0,1,3,2,0.5,-0.81,0.5,-0.1371875,-0.015875001,-0.9576875
1656102,0,1,3,2,0.5,-0.81,1.13,-0.1255625,0.0015,-0.95187497
1656150,0,1,3,2,0.5,-0.75,1.5599999,-0.10975,-0.006125,-0.94081253
1656173,0,1,3,2,0.5,-0.75,1.5599999,-0.1148125,-0.0171875,-0.94093752
1656267,0,1,3,2,0.5,-0.63,2.3800001,-0.105375,-0.0065625,-0.93356252
1656290,0,1,3,2,0.5,-0.56,2.9400001,-0.102875,-0.0125,-0.93643749
1656338,0,1,3,2,0.5,-0.5,3.3099999,-0.1175,-0.028625,-0.94050002
1656361,0,1,3,2,0.5,-0.5,3.3099999,-0.1110625,-0.010125,-0.94418752
1656426,0,1,3,2,0.5,-0.44,3.8099999,-0.1190625,-0.00975,-0.93825001
1656450,0,1,3,2,0.5,-0.38,4.1900001,-0.1165,-0.020062501,-0.93068749
1656497,0,1,3,2,0.5,-0.38,4.5,-0.1126875,-0.0108125,-0.93575001
1656520,0,1,3,2,0.5,-0.38,4.5,-0.1076875,-0.0141875,-0.93781251
1656568,0,1,3,2,0.5,-0.31,5.0599999,-0.111875,-0.018124999,-0.92962497
1656591,0,1,3,2,0.5,-0.25,5.6300001,-0.10225,-0.0091875,-0.9428125
1656639,0,1,3,2,0.5,-0.19,5.9400001,-0.1028125,-0.0131875,-0.93943751
1656662,0,1,3,2,0.5,-0.19,5.9400001,-0.110375,-0.01225,-0.93512499
1656710,0,1,3,2,0.5,-0.13,6.25,-0.1065,-0.0099375,-0.93643749
1656733,0,1,3,2,0.5,-0.059999999,6.6300001,-0.094374999,-0.017000001,-0.93481249
1656798,0,1,3,2,0.5,0,7.0599999,-0.086750001,-0.0135,-0.94156247
1656802,0,1,3,2,0.5,0,7.0599999,-0.086750001,-0.0058125,-0.93743747
1656849,0,1,3,2,0.5,0.059999999,7.25,-0.099687502,-0.0078125,-0.93900001
1656871,0,1,3,2,0.5,0.13,7.25,-0.098250002,-0.00575,-0.92743748
1656917,0,1,3,2,0.5,0.19,7.5599999,-0.10425,0.0049375,-0.88837498
1656939,0,1,3,2,0.5,0.25,8.0600004,-0.103125,-0.0004375,-0.9033125
1656985,0,1,3,2,0.5,0.31,8.4399996,-0.089874998,0.002,-0.88681251
1657007,0,1,3,2,0.44,0.5,8.4399996,-0.091875002,0.0134375,-0.88956249
1657036,0,1,3,2,0.44,0.63,8.75,-0.1036875,0.0100625,-0.93993747
1657058,0,1,3,2,0.44,0.81,8.75,-0.1175625,-0.019375,-0.97250003
1657104,0,1,3,2,0.38,1.13,8.8100004,-0.1228125,-0.03325,-0.99431252
1657126,0,1,3,2,0.31,1.1900001,8.8100004,-0.097937502,-0.004625,-0.9469375
1657172,0,1,3,2,0.38,1.25,8.8800001,-0.092375003,-0.00575,-0.90856248
1657194,0,1,3,2,0.38,1.25,9.0600004,-0.085874997,-0.0296875,-0.95225
1657241,0,1,3,2,0.31,1.3099999,9.3800001,-0.089937501,-0.033374999,-0.93593752
1657245,0,1,3,2,0.31,1.3099999,9.3800001,-0.089937501,-0.033374999,-0.93243748
1657291,0,1,3,2,0.25,1.38,9.5600004,-0.122375,0.002875,-0.94018751
1657314,0,1,3,2,0.25,1.38,9.5600004,-0.098125003,-0.0049375,-0.95450002
1657380,0,1,3,2,0.13,1.4400001,10.38,-0.066249996,-0.018562499,-0.92025
1657384,0,1,3,2,0.13,1.4400001,10.38,-0.066249996,-0.018562499,-0.92025
1657450,0,1,3,2,0.059999999,1.63,10.63,-0.099250004,0.020625001,-0.89625001
1657473,0,1,3,2,0.059999999,1.6900001,10.63,-0.078187503,-0.019125,-0.91949999
1657521,1,1,3,2,0,1.88,10.81,-0.044937499,0.008625,-0.938375
1657544,1,1,3,2,0,1.9400001,10.88,-0.042750001,0.0095625,-0.98150003
1657593,1,1,3,2,-0.13,2.1300001,10.94,-0.053687502,-0.035937499,-0.96174997
1657617,1,1,3,2,-0.13,2.1300001,10.88,-0.031187501,-0.034000002,-0.94312501
1657685,1,1,3,2,-0.19,2.3099999,11.13,-0.031187501,-0.0146875,-0.90875
1657709,1,1,3,2,-0.25,2.3800001,11.13,0.017999999,-0.021624999,-0.925125
1657758,1,1,3,2,-0.38,2.5,11.38,0.10775,-0.036062501,-0.94168752
1657781,1,1,3,2,-0.44,2.6300001,11.56,0.1121875,-0.0118125,-0.94731247
1657850,1,1,3,2,-0.5,2.6900001,11.81,0.32300001,-0.037374999,-0.98275
1657874,1,1,3,2,-0.56,2.75,11.81,0.4835,-0.049812499,-0.99175
1657942,2,1,3,2,-0.5,2.75,11.75,0.69849998,-0.0105,-0.96837503
1657966,2,1,3,2,-0.38,2.6300001,11.75,0.63406253,0.0163125,-0.97668749
1658014,2,1,3,2,0,2.3800001,11.81,0.6574375,-0.0315625,-1.0122499
1658037,2,1,3,2,0,2.1900001,11.81,0.68743747,-0.032062501,-1.00775
1658103,2,1,3,2,0.059999999,1.4400001,12,0.53962499,0.0015625,-0.85006249
1658127,2,1,3,2,0.059999999,0.94,12.38,0.44431251,0.086125001,-0.62712502
1658174,2,1,3,2,0.25,0.44,12.56,0.50356251,0.30193749,-0.87881249
1658197,2,1,3,2,0.38,0.31,12.88,0.42893749,0.035750002,-0.92243749
1658245,2,1,3,2,0.38,0.44,12.75,0.27581251,-0.1110625,-1.0829999
1658268,2,1,3,2,0.44,0.5,12.63,0.28,-0.095250003,-1.1513751
1658316,2,1,3,2,0.44,0.31,12.63,0.21306249,0.3265,-0.4321875
1658338,2,1,3,2,0.56,0,12.25,0.42318749,-0.53043753,-0.43349999
1658387,2,1,3,2,0.69,0.059999999,11.81,-0.27737501,-0.151375,-0.95718747
1658410,2,1,3,2,0.69,0.38,11.75,-0.32256249,0.14856251,-1.25725
1658476,2,1,3,2,0.94,0.69,11.19,-1.194375,0.1319375,-1.0001251
1658481,2,1,3,2,0.94,0.69,11.19,-1.5475,-0.013375,-0.65100002
1658547,1,1,3,2,1.3099999,0.81,11,-2.0474999,0.13975,-0.66949999
1658570,0,1,3,2,1.38,1,11.19,-2.0474999,0.0208125,-0.69050002
1658617,0,1,3,2,1.4400001,2.1900001,11.56,-2.0474999,-0.1235,-0.8959375
1658640,0,1,3,2,1.4400001,2.25,11.69,-2.0204999,0.3433125,-0.68737501
1658688,0,1,3,2,0.94,2.4400001,11.94,-1.2875625,0.064062499,-1.2251875
1658711,0,1,3,2,0.75,2.6300001,11.94,-1.2936875,0.16518749,-1.1931875
1658759,0,1,3,2,1.0599999,2.3099999,11.69,-1.1805625,-1.5426875,-0.4921875
1658782,0,1,3,2,1.25,2,11.38,-1.76325,-1.0576875,-0.063437499
1658829,0,1,3,2,2.0599999,2.1900001,10.56,0.28725001,0.3845,-2.0257499
1658852,0,1,3,2,2.1900001,2.8099999,10.19,-0.019375,0.37075001,-1.2746249
1658899,0,1,3,2,1.6900001,2.6300001,9.9399996,-0.14793751,-0.25325,-0.71956247
1658921,0,1,3,2,1.63,2.0599999,9.6899996,-0.0033125,-0.029437499,-0.79900002
1658967,0,1,3,2,2.1900001,1.0599999,9.1300001,0.062749997,0.28062499,-0.86112499
1658989,0,1,3,2,2.1900001,0.81,9.1300001,0.18162499,-0.0129375,-0.67931253
1659036,0,1,3,2,1.88,0.31,9.1899996,0.35075,0.2243125,-0.37306249
1659040,0,1,3,2,1.88,0.31,9.1899996,0.35075,0.2243125,-0.37306249
1659086,1,1,3,2,2.1300001,0.38,9.1899996,0.77512503,0.17575,-0.33724999
1659109,1,1,3,2,2,0.69,9.1899996,1.0026875,-0.40768749,-0.35756251
1659155,1,1,3,2,1.25,1.63,9.3800001,1.1659375,0.069562502,-0.66343749
1659177,1,1,3,2,0.81,2.75,9.5,-0.37775001,0.33912501,-1.6973125
1659223,1,1,3,2,0.88,5,9.6899996,-0.91068751,1.165,0.077187501
1659245,1,1,3,2,0.88,5.8099999,9.6899996,-0.055437502,-1.10575,-1.7574375
1659292,1,1,3,2,-0.059999999,7.3800001,9.8800001,-1.603875,0.46843749,-0.74124998
1659315,1,1,3,2,0,7.75,10.06,-1.963125,-0.23362499,0.15000001
1659363,1,1,3,2,0.63,7.8099999,10.38,-1.0467499,-0.15225001,-0.60737503
1659386,1,1,3,2,0.94,8.8100004,10.31,-0.256125,0.21250001,-1.196875
1659435,1,1,3,2,1.3099999,10.19,10.06,0.63718748,-0.21656249,-1.2963125
1659458,1,1,3,2,1.3099999,10.5,9.8800001,-0.057687499,-0.048999999,-0.51418751
1659523,0,1,3,2,0.38,10.81,9.75,-0.0226875,-0.27024999,-0.80000001
1659528,0,1,3,2,0.38,10.81,9.75,-0.0226875,-0.27024999,-0.80000001
1659594,0,1,3,2,1.1900001,11.5,9.5,0.47150001,0.131125,-0.39237499
1659617,0,1,3,2,0.88,11.44,9.3800001,0.87831253,0.13525,-0.94837499
1659664,0,1,3,2,0.19,12,9.1899996,-0.23243751,0.049874999,-0.89275002
1659687,0,1,3,2,0.5,12.13,9.1300001,0.020062501,0.64174998,-1.7423126
1659735,0,1,3,2,0.69,12.38,8.9399996,-0.63099998,-0.27443749,0.1988125
1659758,0,1,3,2,0.75,12.06,8.9399996,-0.41325,-0.4646875,-1.3970625
1659806,0,1,3,2,0.63,12.44,9.1300001,-1.596625,-0.2075,-1.38225
1659829,0,1,3,2,0.44,13.19,9.1899996,-0.36093751,0.74112499,-1.0980625
1659877,0,1,3,2,1,13.44,9.4399996,0.133875,-0.41012499,-0.62050003
1659900,0,1,3,2,0.5,12.94,9.6300001,0.21325,-0.091124997,-0.27443749
1659969,0,1,3,2,-0.44,12.94,10.25,0.64006251,-0.4408125,-2.0465
1660013,0,1,3,2,-0.38,13.25,10.31,0.30693749,-0.039687499,-0.66487497
1660064,0,1,3,2,-1.0599999,13.13,10.38,0.2048125,0.3285625,-1.6726249
1660088,0,1,3,2,-1.13,13.06,10.5,-0.33731249,-0.1006875,-0.513125
1660179,0,1,3,2,-1.0599999,13.44,10.56,-0.50199997,-0.090125002,-0.4831875
1660223,0,1,3,2,-0.75,13.25,10.44,-1.52525,-0.15206251,-1.5383126
1660293,0,1,3,2,0,13.69,11.13,0.042062499,0.011125,-0.75287497
1660317,0,1,3,2,0,13.19,11.31,0.46612501,0.068000004,-1.766
1660386,0,1,3,2,-0.059999999,13.06,11.5,-0.072937503,0.69912499,0.28012499
1660411,0,1,3,2,-0.059999999,13.31,11.31,0.077375002,0.4325,-0.68112499
1660460,0,1,3,2,0.25,13.5,11,0.22112501,0.40193751,-0.47931251
1660483,0,1,3,2,0.13,13.44,11.13,0.75099999,-0.73025,-1.3960625
1660552,0,1,3,2,0.19,13.5,11.38,0.0251875,-0.30599999,-0.99612498
1660576,0,1,3,2,0.059999999,13.44,11.31,0.43406251,0.087437503,-1.1201875
1660643,0,1,3,2,1,13.5,11.31,-1.0946875,-0.152,-1.03075
1660667,0,1,3,2,1,13.44,11.25,-1.7104375,-0.15531249,-1.1928124
1660736,0,1,3,2,1.1900001,13.63,11.31,0.1205625,0.2234375,-1.224125
1660760,0,1,3,2,1.38,13.19,11.38,-0.23037501,0.58031249,0.109625
1660809,0,1,3,2,1.25,13,11.44,0.51475,0.102,-1.3273125
1660833,0,1,3,2,1.3099999,13.06,11.25,-0.0489375,0.72293752,0.59043747
1660901,0,1,3,2,1.75,13.75,10.94,0.75881249,0.017124999,-1.4063751
1660924,0,1,3,2,1.38,13.81,11,0.22624999,0.028375,-0.77775002
1660993,0,1,3,2,0.94,13.25,11.06,-0.20325001,0.54581249,-0.66181248
1661016,0,1,3,2,1.0599999,13.38,10.94,-0.37362501,-0.11275,-0.59312499
1661085,0,1,3,2,1.38,13.44,10.5,-1.30575,0.15368751,-1.1125
1661109,0,1,3,2,1.3099999,13.44,10.38,-1.33,0.47775,-0.51143748
1661157,0,1,3,2,1.63,13.88,10.06,-0.41749999,-0.18775,-0.86381251
1661181,0,1,3,2,1.8099999,13.75,10,0.0601875,0.070874996,-0.61868751
1661249,0,1,3,2,2,13,10.19,-0.059124999,0.361375,-0.060874999
1661273,0,1,3,2,2.3099999,13.06,10.25,0.51806247,-0.27175,-1.5823125
1661342,0,1,3,2,1.3099999,13.13,10.56,0.463,-0.06425,-0.96143752
1661366,0,1,3,2,1,13.13,10.69,0.29093751,0.1909375,-0.289875
1661433,0,1,3,2,1,12.88,10.69,-0.74831247,-0.62631249,-0.55250001
1661458,0,1,3,2,0.75,12.88,10.69,-0.45899999,-0.1803125,-0.6509375
1661506,0,1,3,2,0.38,12.31,10.69,-0.2536875,-0.0255,-1.095
1661530,0,1,3,2,0.69,12.25,10.63,-0.05125,0.092249997,-1.069875
1661598,0,1,3,2,0.94,12.25,10.44,-0.1565,0.13087501,-1.271875
1661622,0,1,3,2,1.0599999,12.19,10.38,-0.26331249,-0.35862499,-1.3523124
1661690,0,1,3,2,1.0599999,11.69,10.44,0.6254375,-0.66512501,-1.3128124
1661714,0,1,3,2,1,11.5,10.44,0.026374999,0.142875,-0.32475001
1661782,0,1,3,2,0.44,11,10.31,0.96925002,-1.2494375,-2.0474999
1661806,0,1,3,2,0.56,10.63,10.31,0.2096875,0.13043749,0.093000002
1661855,0,1,3,2,0.69,10.56,10.31,-0.47325,-0.27518749,-0.93575001
1661879,0,1,3,2,0.5,10.5,10.44,-0.504875,0.27112499,-1.4123125
1661946,0,1,3,2,0.88,9.3800001,10.38,-1.37975,-0.54668748,1.289625
1661969,0,1,3,2,0.31,9.3100004,10.25,-0.83818752,-0.54025,-2.0474999
1662016,0,1,3,2,0.44,9,10.13,0.441625,-0.060062502,-2.0474999
1662039,0,1,3,2,1.1900001,9.1300001,10.06,0.72275001,0.1813125,-0.763125
1662087,0,1,3,2,1.5,9.0600004,10.38,0.46481249,0.80156249,-0.70574999
1662110,0,1,3,2,0.56,9.1899996,10.81,-0.69037497,-0.44299999,1.188625
1662158,0,1,3,2,0,8.25,10.63,-0.69718748,-0.4061875,-0.33974999
1662181,0,1,3,2,0.19,8.25,10.56,-0.3840625,0.88125002,0.9214375
1662228,0,1,3,2,0.25,8.1300001,10.75,-0.56837499,-0.47075,0.77143753
1662251,0,1,3,2,0.31,7.75,10.38,0.3598125,0.8260625,-1.252125
1662317,0,1,3,2,0.38,7.4400001,10.13,0.1043125,-0.42418751,-1.4550625
1662340,0,1,3,2,0.56,7.3800001,10,-0.31474999,0.0111875,-0.0940625
1662388,0,1,3,2,0.5,7.0599999,10.19,-0.26781249,0.00325,-0.35312501
1662411,0,1,3,2,0.31,7,10.31,-0.2223125,0.325625,-1.1734999
1662460,0,1,3,2,-0.31,6.6900001,10.38,-0.47431251,-0.131625,-0.81637502
1662484,0,1,3,2,-0.44,6.6900001,10.31,-0.28681251,0.0290625,-1.7746875
1662551,0,1,3,2,-0.38,6.4400001,10,-0.44174999,-0.0063125,-0.37862501
1662575,0,1,3,2,-0.44,6.6300001,10.06,-0.24600001,-0.35025001,-0.87737501
1662643,0,1,3,2,-0.31,6.5,10.06,0.064937502,0.22624999,-0.89037502
1662667,0,1,3,2,-0.25,6.5599999,10.06,0.44093749,-0.67925,-0.93306249
1662714,0,1,3,2,0,6.6900001,9.8800001,-0.30731249,0.2076875,-0.801875
1662736,0,1,3,2,0.19,6.6300001,9.8800001,-0.1330625,-0.20756251,-1.287625
1662783,0,1,3,2,0.75,6.5599999,9.75,-0.20343751,0.05875,-0.79431248
1662805,0,1,3,2,0.81,6.5,9.8100004,-0.27443749,0.2115625,-1.274125
1662851,0,1,3,2,0.63,6.3099999,9.9399996,-0.2043125,0.1213125,-1.289125
1662856,0,1,3,2,0.63,6.3099999,9.9399996,-0.248375,-0.43856251,-0.54218751
1662902,0,1,3,2,0.38,6.3099999,9.8800001,-0.26256251,0.32418749,-0.43287501
1662924,0,1,3,2,0.25,6.3099999,9.9399996,-0.1064375,-0.19687501,-0.361375
1662970,0,1,3,2,0.059999999,6.3099999,9.9399996,-0.361,-0.3120625,-0.235375
1662992,0,1,3,2,0.19,6.3800001,9.8800001,0.1841875,-0.4296875,-0.92331249
1663038,1,1,3,2,0.38,6.5599999,9.8800001,0.1498125,0.85025001,-0.14606249
1663043,1,1,3,2,0.38,6.5599999,9.8800001,0.1498125,0.85025001,-0.14606249
1663089,1,1,3,2,0.63,6.8800001,9.9399996,0.30212501,0.41918749,-0.75475001
1663111,1,1,3,2,0.5,7.0599999,9.8100004,0.20612501,-0.24618749,-0.73343748
1663157,1,1,3,2,0.13,7.5,9.9399996,0.241375,0.39156249,-0.72318751
1663180,1,1,3,2,0.13,7.6900001,10,0.238875,-0.200625,-1.1997499
1663227,1,1,3,2,0.44,7.9400001,9.9399996,0.26043749,0.082125001,-1.020875
1663250,1,1,3,2,0.44,7.9400001,10,-0.084250003,0.32887501,-1.064375
1663298,1,1,3,2,0.19,7.6300001,10.06,-0.075437501,0.043062501,-1.239875
1663321,1,1,3,2,0.25,7.4400001,10.06,0.088749997,0.18525,-1.0031875
1663369,1,1,3,2,0,7.1300001,10.13,-0.0073125,0.1425,-1.257
1663392,1,1,3,2,-0.059999999,7.1300001,10.19,-0.1161875,0.046999998,-0.81668752
1663440,1,1,3,2,0,6.9400001,10.19,-0.2853125,0.032125,-0.80237502
1663482,0,1,3,2,0.19,6.75,10.19,0.057999998,0.053687502,-1.0340625
1663529,0,1,3,2,0.5,6.5599999,10.25,-0.34725001,0.12593751,-0.94756252
1663552,0,1,3,2,0.63,6.5599999,10.31,-0.20262501,-0.079437502,0.1340625
1663600,0,1,3,2,0.75,6.75,10.38,-0.1739375,0.32587501,-1.4025
1663623,0,1,3,2,0.81,6.9400001,10.5,0.1628125,-0.15243749,-1.6537499
1663670,0,1,3,2,0.69,7.1300001,10.63,0.055624999,-0.2331875,-1.734625
1663693,0,1,3,2,0.56,7.1900001,10.69,-0.479875,0.018874999,0.3355625
1663741,0,1,3,2,0.31,7.25,10.81,-0.44012499,-0.1436875,-0.83974999
1663764,0,1,3,2,0.25,7.3099999,10.88,-0.143125,-0.039187498,-1.2048125
1663812,0,1,3,2,0.25,7.3800001,10.81,-0.080250002,-0.26331249,-1.2409375
1663835,0,1,3,2,0.31,7.3099999,10.81,0.0109375,-0.047937501,-1.4185625
1663882,0,1,3,2,0.5,7.0599999,10.88,-0.24331249,-0.2488125,-0.94537503
1663905,0,1,3,2,0.56,6.6300001,11,0.14274999,-0.2434375,-0.81312501
1663953,0,1,3,2,0.69,6.25,11.13,0.022062499,-0.32593751,-1.3123125
1663976,0,1,3,2,0.94,6.0599999,11.13,-0.29743749,-0.1208125,-0.36587501
1664024,0,1,3,2,1.1900001,6,11.06,-0.38293749,-0.1908125,-0.67487502
1664046,0,1,3,2,1.38,6,11,-0.098499998,0.55862498,-1.55775
1664112,0,1,3,2,1.38,6.1300001,10.81,-0.22462501,-0.21331251,-0.80368751
1664136,0,1,3,2,1.5,6.3099999,10.88,-0.44600001,0.30868751,-0.92943752
1664184,0,1,3,2,1.5599999,6.3800001,10.69,-0.45043749,-0.102875,-1.4786875
1664206,0,1,3,2,1.63,6.5,10.63,0.0190625,0.29556251,-1.0739375
1664254,0,1,3,2,1.75,6.5,10.63,-0.26168749,0.052812502,-0.75674999
1664277,0,1,3,2,1.63,6.3099999,10.63,-0.019625001,0.078625001,-1.3893125
1664325,0,1,3,2,1.4400001,6,10.56,-0.068875,0.214375,-1.1275001
1664348,0,1,3,2,1.25,5.9400001,10.56,-0.17856251,0.091562502,-0.72212499
1664396,0,1,3,2,0.44,5.6900001,10.5,-0.03675,-0.052187499,-1.604625
1664419,0,1,3,2,0.19,5.6900001,10.44,-0.1201875,-0.013875,-0.70850003
1664484,0,1,3,2,0.059999999,5.8099999,10.38,-0.3195,0.26499999,-1.6374375
1664508,0,1,3,2,0,5.8099999,10.38,-0.205625,-0.069687501,-0.26337501
1664557,0,1,3,2,-0.19,5.8800001,10.31,-0.0008125,0.58950001,-1.3866251
1664600,0,1,3,2,-0.19,6.25,10.25,-0.048749998,-0.29037499,-1.3880625
1664649,0,1,3,2,-0.63,6.3099999,10.25,0.074187502,-0.053750001,-0.93550003
1664673,0,1,3,2,-0.88,6.1300001,10.38,-0.26075,0.046624999,-0.54312497
1664741,0,1,3,2,-0.88,6.1900001,10.5,-0.094750002,0.140875,-0.97812498
1664766,0,1,3,2,-1.13,6.0599999,10.56,-0.32012501,-0.38912499,-1.21
1664814,0,1,3,2,-1.4400001,5.8800001,10.81,-0.35956249,-0.32425001,-0.0135
1664858,0,1,3,2,-1.38,5.8800001,11.06,-0.096562497,0.294375,-1.9693125
1664907,0,1,3,2,-1.63,5.75,11.31,-0.34443751,0.2475625,-1.1341875
1664950,0,1,3,2,-1.63,5.6900001,11.56,-0.192625,-0.57387501,-1.1728125
1664999,0,1,3,2,-1.75,5.6900001,11.81,-0.0845,-0.24331249,-1.3576875
1665024,0,1,3,2,-1.5599999,5.8099999,11.94,-0.232875,-0.80225003,0.58249998
1665092,0,1,3,2,-1.63,5.6900001,12.44,-0.090999998,-0.34349999,1.096375
1665116,0,1,3,2,-1.6900001,5.6300001,12.56,-0.31106251,-0.0535625,1.175625
1665184,0,1,3,2,-1.6900001,6,12.88,0.43162501,0.29512501,-2.0249374
1665208,0,1,3,2,-2,5.9400001,13.06,-0.102,-0.899625,0.0845
1665276,0,1,3,2,-1.9400001,5.5599999,13.63,0.143875,-0.59206247,-0.52368748
1665300,0,1,3,2,-1.88,5.25,13.75,-0.14575,-0.18637501,-1.3600625
1665349,0,1,3,2,-1.75,5.25,14.19,-0.35637501,-0.39212501,-1.30525
1665373,0,1,3,2,-1.5,5.3800001,14.38,0.20925,0.043625001,-0.91837502
1665442,0,1,3,2,-1.5599999,5.3099999,15,-0.14825,-0.15962499,0.55043751
1665465,0,1,3,2,-1.6900001,5.1300001,15.19,0.36300001,-0.87431252,-1.0526875
1665533,0,1,3,2,0.63,5.8800001,15.44,-0.3075,-0.1054375,-1.5853125
1665556,0,1,3,2,1.38,5.9400001,15.94,0.1046875,-0.42606249,-1.717875
1665604,0,1,3,2,4.6300001,5.4400001,16.809999,-0.1458125,0.67631251,-1.41325
1665627,0,1,3,2,7.1900001,4.8099999,17.25,-0.1759375,-0.79768747,-1.6300625
1665695,0,1,3,2,19.75,3.9400001,20.309999,-0.093000002,-0.79093748,-1.029875
1665719,0,1,3,2,23.440001,3.8099999,21.5,-0.14375,-0.38999999,-0.70156252
1665768,0,1,3,2,36.25,4,24.879999,0.0015,0.49368751,-1.071875
1665792,0,1,3,2,40.560001,4.1300001,26.190001,-0.27575001,-0.4379375,-1.303
1665860,0,1,3,2,51.439999,5.1900001,30.059999,-0.084937498,0.46168751,-1.8863125
1665884,0,1,3,2,53,5.6900001,31.25,-0.142,-0.000375,-1.305375
1665953,0,1,3,2,55.810001,6.75,35.810001,-0.0573125,-0.24518751,-1.5806251
1665976,0,1,3,2,56.130001,7.1900001,36.939999,-0.31674999,-0.069499999,-0.5126875
1666045,0,1,3,2,55.939999,8.5600004,40.130001,-0.37549999,0.046624999,-1.9694999
1666069,0,1,3,2,55.189999,8.75,41.310001,-0.057,-0.39425001,-1.960875
1666118,0,1,3,2,54.380001,8.5600004,44.189999,-0.31587499,-0.43000001,-0.91331249
1666161,0,1,3,2,52.689999,7.8800001,46.560001,-0.20774999,0.17812499,-0.40781251
1666210,0,1,3,2,52.25,7.75,48.060001,0.0940625,0.36587501,-1.3972501
1666234,0,1,3,2,51.75,8.0600004,48.560001,-0.50493753,-0.76243752,-1.5875624
1666302,0,1,3,2,50.310001,8.1300001,51.880001,0.226375,0.67212498,-1.3550625
1666345,0,1,3,2,50.75,7.0599999,54.880001,-0.21887501,-0.2256875,-1.8879375
1666394,0,1,3,2,51,6.6900001,57.189999,-0.18862499,-0.1875,-2.0398126
1666418,0,1,3,2,51.25,6.6300001,58.25,-0.1058125,0.34193751,-2.0062499
1666467,0,1,3,2,51.880001,6,61.189999,-0.043125,-0.537875,-1.4230624
1666511,0,1,3,2,51.810001,5.25,63.5,-0.2779375,0.5810625,-1.734875
1666560,0,1,3,2,52.060001,4.8099999,66.309998,-0.2004375,-0.48906249,-1.596625
1666603,0,1,3,2,52.810001,4.5599999,68.379997,-0.3716875,-0.3071875,-1.9838125
1666652,0,1,3,2,54.5,4.6300001,71,-0.138625,0.083687499,-1.95075
1666695,0,1,3,2,55.75,4.5599999,74.440002,-0.052999999,-0.89718747,-1.796375
1666744,0,1,3,2,57.880001,3.8800001,77.379997,-0.1340625,-0.157875,-1.9391875
1666768,0,1,3,2,58.189999,3.8099999,78.809998,-0.2224375,-0.1229375,-1.8296875
1666836,0,1,3,2,59.689999,3.25,83.75,-0.096062496,0.169375,-1.7336251
1666861,0,1,3,2,60.880001,3.3800001,85.129997,-0.1860625,-0.0023125,-1.6340625
1666977,0,1,3,2,65,3.8099999,94.5,-0.2528125,0.53843749,-1.778
1667001,0,1,3,2,65.629997,4.1900001,95.940002,-0.14793751,0.7693125,-0.91562498
1667071,0,1,3,3,66.75,5,101.38,-0.2804375,0.76631248,-1.97825
1667115,0,1,3,3,67.559998,5.4400001,104.81,0.00375,-0.207,-1.7902499
1667166,0,1,3,3,66.559998,5.1900001,108.81,-0.118875,0.0520625,-1.7855625
1667211,0,1,3,3,66.440002,5.3800001,111.81,-0.050625,0.42737499,-1.46025
1667281,0,1,3,3,67.5,5.3800001,117,-0.37593749,0.178625,-2.025125
1667306,0,1,3,3,67.559998,6,118.88,-0.13887499,0.379125,-2.0446875
1667396,0,1,3,3,66.809998,5.9400001,125.88,-0.27943751,0.57543749,-1.9079375
1667421,0,1,3,3,66.559998,6.0599999,127.38,-0.077375002,-0.037500001,-1.9085625
1667491,0,1,3,3,65.059998,5.9400001,131.81,-0.133875,-0.1943125,-1.5458125
1667586,0,1,3,3,63.130001,6.0599999,138.81,-0.0250625,0.194875,-1.6134375
1667656,0,1,3,3,61.560001,6.0599999,143.88,-0.30743751,-0.62262499,-1.9338125
1667701,0,1,3,3,59.939999,6.4400001,147.13,-0.26056251,0.46125001,-2.0434999
1667771,0,1,3,3,59.439999,6.1900001,151.56,0.0128125,-0.11025,-1.998125
1667796,0,1,3,3,59.189999,5.8099999,153.69,-0.1566875,0.3878125,-1.5668125
1667866,0,1,3,3,58.380001,5.6900001,157.94,-0.27037501,0.86731249,-2.0311251
1667910,0,1,3,3,57.380001,6.1300001,161.19,-0.1003125,0.38887501,-2.0043125
1667981,0,1,3,3,56.689999,5,166.13,-0.215625,-0.3914375,-2.0284376
1668006,0,1,3,3,56.060001,4.8800001,167.31,0.130375,-0.079499997,-2.0474999
1668096,0,1,3,3,56.130001,4.25,174.5,-0.35837501,-0.48275,-1.8348125
1668121,0,1,3,3,56.439999,4.1900001,175.81,0.1016875,-1.3303125,-0.007625
1668191,0,1,3,3,56.439999,5.4400001,180.69,-0.1675625,0.1885,-1.6195625
1668216,0,1,3,3,55.880001,5.5,182.19,-0.3195,-0.29493749,-1.258625
1668286,0,1,3,3,57.310001,5.3800001,186.81,-0.039562501,-0.0619375,-1.8905625
1668330,0,1,3,3,56.439999,5.5599999,191.06,0.3276875,-0.83656251,-0.3009375
1668401,0,1,3,3,56,6.25,194.88,-0.32462499,-0.39687499,-2.0195625
1668426,0,1,3,3,54.880001,6.3099999,196.38,-0.2673125,-0.74418747,-1.9806875
1668516,0,1,3,3,49.560001,5.5,200.94,-0.16225,0.45543751,0.3343125
1668541,0,1,3,3,48.5,5.75,202.25,-0.38462499,-0.026125001,-1.04125
1668611,0,1,3,3,44.380001,6.1900001,203.88,0.052250002,-0.986875,-0.093249999
1668636,0,1,3,3,42.880001,6.1300001,204.38,-0.27612501,0.63749999,-0.80281252
1668706,0,1,3,3,37.310001,5.8800001,205.44,-0.17343751,-0.0070625,-2.0474999
1668751,0,1,3,3,32.25,4.4400001,206.06,-0.153,0.1875625,0.2314375
1668821,0,1,3,3,27.440001,4.3099999,206.75,-0.1905625,0.043375,-1.1216249
1668866,0,1,3,3,23.190001,4.1300001,206.63,0.12800001,-0.35675001,-0.75062501
1668936,0,1,3,3,15.13,3.1300001,206.69,-0.1308125,0.5456875,-1.0031875
1668961,0,1,3,3,12.94,2.8800001,206.75,-0.33781251,0.29750001,-1.498875
1669030,0,1,3,3,7.75,2.75,206.5,-0.140375,-0.50687498,-0.76937503
1669054,0,1,3,3,6.6900001,2.5,206.5,-0.41068751,0.5505625,-0.58156252
1669122,0,1,3,3,4.25,2.5,206.44,-0.38643751,0.48037499,-1.6548125
1669146,0,1,3,3,2.6900001,2,206.5,0.033124998,-0.30518749,-0.315
1669214,0,1,3,3,0.94,0.94,206.56,-0.23450001,0.29824999,-0.88087499
1669238,0,1,3,3,0.5,0.56,206.63,-0.4124375,-0.43362501,-1.1446875
1669288,0,1,3,3,-0.5,0,206.63,-0.01025,0.2371875,-1.223375
1669312,0,1,3,3,-0.81,0.25,206.69,-0.053937498,-0.317375,-0.64812499
1669403,0,1,3,3,-0.69,0.44,206.5,-0.4091875,0.69906253,-2.0039999
1669428,0,1,3,3,-1.0599999,0.44,206.44,-0.46068749,0.22825,0.89337498
1669519,0,1,3,3,-0.88,0.88,206.69,0.048875,0.38581249,-1.3835
1669543,0,1,3,3,-0.94,1.13,206.75,-0.285375,-0.0454375,-1.48125
1669614,0,1,3,3,-0.75,0.94,206.63,0.0226875,-0.023,-1.3984375
1669658,0,1,3,3,-1,0.63,206.56,-0.39112499,-0.2159375,-1.4926875
1669728,0,1,3,3,-1.1900001,0.38,206.56,-0.085687503,-0.411125,-0.62837499
1669753,0,1,3,3,-1.3099999,0.38,206.63,-0.3713125,-0.015125,-1.6289999
1669824,0,1,3,3,-1.5,0.059999999,206.63,0.1675,0.0074375,-0.72931248
1669869,0,1,3,3,-1.38,0,206.56,-0.084687501,-0.3593125,-0.3005625
1669940,0,1,3,3,-1.3099999,-0.059999999,206.56,-0.36006251,-0.32718751,-0.61818749
1669986,0,1,3,3,-1.63,-0.13,206.56,-0.404625,-0.2425625,-1.214375
1670059,0,1,3,3,-1.5599999,-0.19,206.63,-0.49612501,-0.13975,-1.8461875
1670105,0,1,3,3,-1.5,-0.31,206.69,-0.4515,0.32106251,0.016000001
1670198,0,1,3,3,-1.1900001,-0.5,206.75,-0.2861875,-0.000625,-1.32525
1670244,0,1,3,3,-1.25,-0.69,206.81,-0.25637501,0.085312501,-0.53368747
1670359,0,1,3,3,-1.1900001,-0.69,206.94,-0.025250001,-0.1033125,-1.0793124
1670384,0,1,3,3,-1.3099999,-0.81,206.94,0.088187501,-0.38437501,-0.4781875
1670478,0,1,3,3,-1.3099999,-0.69,207.06,-0.126875,-0.3355625,-1.0529375
1670544,0,1,3,3,-1.3099999,-0.81,207.06,-0.42025,-0.045499999,-1.19425
1670639,0,1,3,3,-1.4400001,-0.56,207.13,-0.39025,0.2155,-1.1639374
1670684,0,1,3,3,-1.4400001,-0.5,207.19,-0.4280625,0.085249998,-1.620375
1670757,0,1,3,3,-1.38,-0.63,207.06,-0.28187501,-0.067937501,-0.222
1670803,0,1,3,3,-1.4400001,-0.63,207.06,0.041437499,0.156875,-1.7016875
1670897,0,1,3,3,-1.75,-1,207,0.10775,-0.016249999,-1.105
1670943,0,1,3,3,-1.5599999,-0.81,207,-0.18737499,-0.36324999,-1.562125
1671037,0,1,3,3,-1.9400001,-0.69,207.13,-0.1586875,-0.12531251,-1.1584375
1671083,0,1,3,3,-2.6900001,-1.1900001,207.25,-0.35124999,0.31643751,-1.23325
1671156,0,1,3,3,-2.4400001,-1.0599999,207.25,0.4461875,0.65081251,-1.5225
1671202,0,1,3,3,-3.4400001,-1,207.31,0.4316875,0.74175,0.49825001
1671295,0,1,3,3,-8.1899996,-1.6900001,207.06,-0.39162499,0.25912499,-1.6518126
1671342,0,1,3,3,-11.25,-1.8099999,206.81,-0.45662501,0.60487503,-1.0691875
1671482,0,1,3,3,-22.559999,-2.8099999,205.19,-0.087875001,0.787,-0.245125
1671551,0,1,3,3,-33.5,-3.1900001,203.06,-0.40643749,-0.1126875,-1.1522501
1671690,0,1,3,3,-48.5,-3.1900001,198.56,-0.28874999,0.79525,-1.8853126
1671738,0,1,3,3,-50.560001,-2.9400001,196.25,-0.1749375,0.69924998,-2.0265
1671856,0,1,3,3,-61.380001,-3.8800001,188.81,-0.11275,0.4485625,-0.44749999
1671925,0,1,3,3,-63.880001,-3.6900001,184.75,-0.096687503,-0.828125,-1.9404376
1672043,0,1,3,3,-71,-3,176,-0.21018749,0.59643751,-2.0370624
1672134,0,1,3,3,-74.559998,-2.3800001,168.75,-0.0159375,-0.43162501,-1.9386874
1672252,0,1,3,3,-78.629997,-0.19,157.88,-0.036812499,-0.60118753,-1.9919375
1672298,0,1,3,3,-81.25,0.75,152.5,-0.18925001,-0.3985,-1.8485
1672391,0,1,3,3,-81.879997,2.3800001,145.44,-0.025125001,-0.0503125,-1.11475
1672437,0,1,3,3,-81.379997,2.8099999,141.25,-0.31668749,-0.47068751,-2.0474999
1672531,0,1,3,3,-80.5,3.25,133.5,-0.3721875,-0.055750001,-1.836875
1672577,0,1,3,3,-79.190002,3.8099999,130.69,-0.069437496,-1.6494375,-2.0474999
1672650,0,1,3,3,-77.690002,3.5599999,125.25,-0.18425,-0.70012498,-1.983
1672696,0,1,3,3,-77.559998,4.0599999,122.25,0.018437499,-0.9675625,-2.0474999
1672790,0,1,3,3,-75.75,3.9400001,115.31,-0.24087501,-0.42706251,-2.0176251
1672836,0,1,3,3,-74.379997,3.5599999,112.56,0.051687501,-0.81156248,-1.7974375
1672929,0,1,3,3,-72,3.25,105.94,-0.221625,-0.89618748,-2.0384376
1672954,0,1,3,3,-71.440002,3.4400001,104.5,0.0270625,-0.53043753,-1.6243125
1673047,0,1,3,3,-71.75,3.0599999,99.309998,-0.041812502,-0.26618749,-1.6830626
1673092,0,1,3,3,-71.059998,3.4400001,96.809998,-0.29912499,-0.12899999,-2.0474999
1673162,0,1,3,3,-69.809998,3.8099999,92.25,0.041125,-0.52112502,-1.82925
1673187,0,1,3,3,-70,4.0599999,90.5,-0.2685625,0.228625,-1.275125
1673277,0,1,3,3,-67.190002,4.9400001,85.809998,-0.25224999,0.021875,-1.2453125
1673302,0,1,3,3,-66.559998,5.1300001,84.809998,-0.00725,-0.333875,-1.081875
1673372,0,1,3,3,-65.309998,6.1300001,81.690002,-0.42731249,0.27612501,-1.1651875
1673397,0,1,3,3,-64.190002,6.4400001,80.129997,0.099875003,0.83006251,-2.0301249
1673488,0,1,3,3,-57,6.9400001,77,-0.72825003,0.34474999,0.067312501
1673512,0,1,3,3,-55.060001,7,76.379997,0.32787499,-0.58006251,-1.665125
1673603,0,1,3,3,-46.630001,7.0599999,73.629997,0.0070625,0.615125,-0.40887499
1673627,0,1,3,3,-43.130001,6.6900001,73.440002,-0.2100625,-0.9000625,-1.9676875
1673698,0,1,3,3,-28.75,5.0599999,73.629997,0.33462501,0.111125,-0.37081251
1673723,0,1,3,3,-24.379999,4.8099999,73.809998,-1.0189375,0.43906251,-1.0165625
1673792,0,1,3,3,-9.75,3.9400001,74.309998,-0.0749375,-0.035750002,-1.2695625
1673835,0,1,3,3,-4.5599999,2.4400001,74,0.02925,-0.66825002,-0.42218751
1673884,0,1,3,3,-2,2,74.129997,0.021,-0.81012499,-0.62475002
1673908,0,1,3,3,-0.19,1.63,74.190002,0.4433125,-0.14375,-0.63637501
1673956,0,1,3,3,5.6900001,0.94,74.309998,0.10575,-1.2138125,-0.21431249
1673979,0,1,3,3,7.3800001,0.75,74.5,-0.6920625,0.69537503,-2.0444374
1674047,0,1,3,3,19.809999,-0.19,76.25,-0.39256251,-0.4433125,-1.820375
1674073,0,1,3,3,24.129999,-0.63,77.059998,-0.25856251,-0.0223125,-1.084625
1674143,0,1,3,3,48.630001,-0.94,82.190002,-0.37968749,-1.7028126,-0.47218749
1674188,0,1,3,3,55.630001,-0.81,83.75,0.1468125,0.55256248,-0.1429375
1674237,0,1,3,3,60.310001,0.88,85.809998,-0.16193751,-0.096375003,-2.0269375
1674280,0,1,3,3,63.380001,2.1900001,89.059998,-0.0133125,-0.090875,-0.1453125
1674330,0,1,3,3,64.440002,2.75,92.129997,-0.2249375,-0.8531875,-0.50712502
1674372,0,1,3,3,66.809998,4.0599999,93.75,0.1160625,-0.15637501,-1.9839375
1674422,0,1,3,3,68.440002,5.8099999,96.379997,-0.3675625,-0.1076875,-2.0474999
1674445,0,1,3,3,68.690002,6.5,97.690002,0.287375,-0.88318747,-2.0465
1674515,0,1,3,3,68.059998,6.9400001,103.38,0.199625,0.035875,0.40037501
1674560,0,1,3,3,68.75,7.8800001,105.5,-0.55743748,0.39331251,-2.0474999
1674630,0,1,3,3,68.5,8.8800001,110.75,0.064499997,-0.57174999,-1.7384375
1674655,0,1,3,3,67.940002,8.8800001,112.19,-0.21781249,0.028375,-0.93568748
1674726,0,1,3,3,66.129997,9.3100004,115.69,0.3281875,0.52262503,-1.4126875
1674771,0,1,3,3,64.059998,10.31,116.81,-0.367125,-0.099875003,-2.03125
1674844,0,1,3,3,60.689999,10.44,118.94,-0.1645,-0.6311875,0.030125
1674911,0,1,3,3,57.810001,10.88,120.56,-0.0100625,0.245,-0.91175002
1674983,0,1,3,3,49,10.63,120.69,0.0605,0.060687501,-1.9381875
1675051,0,1,3,3,36.810001,10.25,120.25,-0.25025001,1.062,-1.951625
1675123,0,1,3,3,24.25,9.5600004,118.81,0.1864375,0.43487501,-0.80624998
1675147,0,1,3,3,19.75,9.5,118.31,-0.30643749,0.11125,-1.5536875
1675216,0,1,3,3,3.75,8.1300001,116.44,-0.050437499,0.58499998,0.33925
1675240,0,1,3,3,2.0599999,7.5599999,116.31,0.40987501,0.92150003,-0.27368751
1675308,0,1,3,3,0.88,7.75,116.44,-0.1785,1.017125,-0.48868749
1675332,0,1,3,3,0.81,7.8099999,116.31,-0.48656249,0.67199999,-1.5054375
1675400,0,1,3,3,0.19,6.8099999,116.06,-0.46531251,-0.076187499,-0.90499997
1675425,0,1,3,3,-0.31,6.75,116.06,-0.43387499,-0.33356249,-0.38374999
1675493,0,1,3,3,0.31,6.8800001,115.94,-0.254125,-0.1164375,0.95781249
1675518,0,1,3,3,0.5,7.1300001,115.94,0.00275,0.27281249,-1.617
1675567,0,1,3,3,0.38,7.8099999,116,-0.39006251,0.72793752,-1.3355625
1675590,0,1,3,3,0,8.0600004,115.88,0.0071875,0.1733125,-2.0474999
1675659,0,1,3,3,0,7.3800001,115.69,-0.68806249,-0.62287498,1.3271875
1675683,0,1,3,3,-1.1900001,6.0599999,115.56,-0.47068751,0.69062501,-0.77012497
1675774,0,1,3,3,-2.6300001,6.1300001,115.25,0.1171875,0.74268752,-1.1074375
1675798,0,1,3,3,-2.8099999,6.1300001,115.31,0.190625,0.64068753,-0.49987501
1675868,0,1,3,3,-6.25,6.5,114.94,-0.50787503,1.54775,-1.329375
1675893,0,1,3,3,-8.4399996,6.6900001,114.81,0.3050625,-0.212125,1.2101876
1676008,0,1,3,3,-17.75,6.5599999,111.88,-0.61212498,-0.81468749,-1.742
1676033,0,1,3,3,-18.75,6.4400001,111.38,-0.8819375,0.40962499,0.79818749
1676127,0,1,3,3,-25.690001,6.75,109.38,-0.6163125,0.30325001,-1.915375
1676173,0,1,3,3,-29.690001,6.3099999,108.38,-0.2090625,-0.77037501,0.45618749
1676266,0,1,3,3,-37.5,6.25,105.25,-0.66743749,0.50843751,-1.9349999
1676291,0,1,3,3,-41.689999,6.25,104.19,0.064187497,-0.210875,-0.1768125
1676384,0,1,3,3,-52.630001,5.75,99.559998,-0.3124375,-0.38743749,-1.9131875
1676428,0,1,3,3,-55.310001,5.5599999,97.5,-0.1924375,-0.47424999,-1.49825
1676499,0,1,3,3,-58.310001,6.25,94.5,-0.24637499,-0.1,-1.9071875
1676524,0,1,3,3,-59,6.5599999,93.629997,0.074812502,-1.0174375,-1.9865625
1676615,0,1,3,3,-60.380001,6.25,88.559998,-0.32912499,0.7158125,-1.3910625
1676639,0,1,3,3,-60.560001,6.75,88.440002,-1.5043125,0.33331251,-1.2557499
1676710,0,1,3,3,-60.939999,7.6300001,83.809998,-0.12275,0.13699999,0.23343749
1676754,0,1,3,3,-63.130001,7.3099999,81.25,-0.55856252,-0.037250001,0.80943751
1676825,0,1,3,3,-64.059998,7.8800001,78.190002,-0.043562502,1.8430001,-2.0079374
1676850,0,1,3,3,-62.810001,7.8099999,77.059998,-0.1359375,-0.63112497,-1.4098125
1676920,0,1,3,3,-60.060001,8.75,74.25,-0.042125002,-0.042750001,-0.35456249
1676966,0,1,3,3,-59.880001,10.13,72.809998,-0.179625,-0.65762502,-0.6846875
1677060,0,1,3,3,-49.130001,10.06,70.879997,-0.37887499,-1.1151875,-2.0474999
1677084,0,1,3,3,-46.689999,9.8100004,70.440002,-0.24950001,-0.84456247,-0.304625
1677174,0,1,3,3,-31.309999,6.6900001,70.190002,0.075812504,-0.7791875,-1.506875
1677199,0,1,3,3,-25.5,6.1300001,70.309998,-0.46693751,0.63468748,1.0428125
1677269,0,1,3,3,-11.88,6.3099999,70.809998,-0.10625,1.349625,-1.4345624
1677293,0,1,3,3,-8.75,6.3099999,71,-0.4280625,0.28600001,-1.9374375
1677361,0,1,3,3,-2.25,4.5,71.190002,-0.11925,0.52006251,-1.934625
1677385,0,1,3,3,-0.44,4,71.190002,-0.48381251,0.74825001,-1.4753751
1677433,0,1,3,3,0.13,2.75,70.879997,-0.85175002,1.02025,-1.46325
1677456,0,1,3,3,0.31,2.8800001,70.809998,-0.59306252,0.14575,-0.67993748
1677504,0,1,3,3,2.3800001,2.8099999,71.059998,-0.3375625,-1.516625,-2.0374999
1677527,0,1,3,3,5,2.0599999,71.629997,-0.042187501,-1.7395625,-2.0474999
1677595,0,1,3,3,22.879999,-0.44,75.190002,-0.47925001,0.9745,0.60093749
1677620,0,1,3,3,31.879999,-1.8099999,76.879997,0.83668751,1.250875,-1.7657501
1677690,0,1,3,3,61.439999,-1.6900001,81.629997,0.0894375,-0.60881251,-0.51456249
1677735,0,1,3,3,69.059998,-1.6900001,84.75,-0.068062499,-0.71187502,-2.0286875
1677806,0,1,3,3,69.5,-0.059999999,90.129997,-0.032062501,0.49518749,-0.88125002
1677830,0,1,3,3,70.629997,0.25,91.440002,-0.1138125,-1.306375,-1.36625
1677898,0,1,3,3,74,1.88,95.190002,-0.94743752,0.75993752,-1.7480625
1677922,0,1,3,3,75.309998,3.0599999,96.879997,-0.31549999,-1.0041875,-1.8263125
1677991,0,1,3,3,75,4.4400001,100.44,-0.24575,1.9490625,-2.0066874
1678016,0,1,3,3,75.379997,5.1900001,102.38,-0.53012502,-1.26025,-1.3025625
1678086,0,1,3,3,75.879997,6.3099999,108.06,-0.0034375,-1.618875,-1.1318125
1678130,0,1,3,3,75.129997,7.1300001,111.38,-0.27693751,0.905375,-0.89662498
1678201,0,1,3,3,73.25,8.3100004,116.63,-0.37431249,0.0255,-1.0990624
1678226,0,1,3,3,72.190002,8.6300001,117.69,-0.064062499,-0.4449375,-0.22868749
1678296,0,1,3,3,68.129997,9.6899996,120.56,-0.3856875,-0.38999999,0.63968748
1678342,0,1,3,3,62.689999,10.06,122.13,-0.51125002,1.08425,-1.98075
1678412,0,1,3,3,53.810001,9.0600004,123.69,0.2890625,0.339625,-0.2951875
1678437,0,1,3,3,50.5,8.8100004,123.81,-0.435,1.8466876,-1.6993124
1678507,0,1,3,3,35.189999,7.0599999,122.88,-0.105375,-0.60000002,-1.5721875
1678552,0,1,3,3,19.190001,5,121.63,-0.39237499,-1.1776875,-1.7171875
1678620,0,1,3,3,3,3.1300001,120.31,-0.42568749,-1.40475,0.336375
1678645,0,1,3,3,2.0599999,3,120.19,0.18425,0.1953125,-0.060812499
1678712,0,1,3,3,1.63,3.1300001,119,0.25112501,1.67425,-2.0474999
1678737,0,1,3,3,0.31,3.1300001,118.5,-0.125,0.384,-1.2029375
1678787,0,1,3,3,-8.3100004,2,117,-0.047375001,0.32475001,-1.359375
1678833,0,1,3,3,-23.309999,0.63,114.69,-0.4293125,0.55449998,-2.0189376
1678927,0,1,3,3,-58.310001,0.059999999,107.25,-0.41743749,-0.3141875,-1.3123125
1678973,0,1,3,3,-75.059998,1.1900001,101.81,-0.382375,0.93068749,-1.9736249
1679065,0,1,3,3,-82.190002,2.3800001,94.379997,-0.30318749,-0.58787501,-2.0108125
1679089,0,1,3,3,-81.309998,2.75,92.940002,-0.21556249,1.2135625,-2.0474999
1679159,0,1,3,3,-79.940002,3,88.25,0.199875,-0.45118749,-2.0474999
1679184,0,1,3,3,-79.690002,3.25,86.559998,-0.314125,-0.0361875,-1.775375
1679254,0,1,3,3,-82.25,3.6900001,78.059998,-0.74993747,0.62256253,-1.9611875
1679299,0,1,3,3,-81.75,3.8099999,75.440002,0.278375,0.44712499,-2.0474999
1679370,0,1,3,3,-79.5,4.8099999,68.629997,-0.43849999,0.004125,-2.0474999
1679414,0,1,3,3,-79.809998,5.1300001,65.5,-0.0186875,0.42124999,-1.8943125
1679485,0,1,3,3,-79.440002,5.3800001,59.810001,-0.057812501,0.056875002,-0.85537499
1679510,0,1,3,3,-80.5,5.5,56.5,-0.51293749,0.29975,-2.0474999
1679580,0,1,3,3,-80.379997,5.8800001,51.189999,0.0233125,-0.1025,-1.254125
1679625,0,1,3,3,-80.190002,5.9400001,47.25,-0.34887499,1.03325,-2.0474999
1679695,0,1,3,3,-80.25,7.1300001,41.439999,-0.291125,0.77318752,-2.034375
1679809,0,1,3,3,-79.879997,8.1300001,30.129999,0.079125002,-1.1465,-2.0474999
1679880,0,1,3,3,-79,9,23.190001,-0.88112497,-0.44400001,-2.0474999
1679905,0,1,3,3,-79.690002,9.25,21.940001,0.28837499,-0.67118752,-1.747625
1680068,0,1,3,3,-76.129997,10.69,7.5,-0.35393751,-0.0018125,-1.971
1680092,0,1,3,3,-75.690002,10.69,6.1300001,0.005125,0.23675001,-1.1767499
1680184,0,1,3,3,-72.129997,11.44,0.5,-0.191,-0.38912499,-0.96218753
1680210,0,1,3,3,-68.940002,11.13,357.75,-0.3573125,-0.54368752,-2.0213125
1680349,0,1,3,3,-58.630001,10.38,351.44,-0.2335,0.0483125,-0.2089375
1680396,0,1,3,3,-55.560001,9.9399996,349.88,-0.4079375,0.019874999,-2.039
1680490,0,1,3,3,-42.880001,8.1300001,348.13,-0.79449999,-0.094750002,-1.817625
1680536,0,1,3,3,-35.060001,7.8800001,348.63,0.118375,-0.57274997,-2.0474999
1680629,0,1,3,3,-20.690001,4.6300001,348.44,0.1570625,1.09225,-1.3035625
1680675,0,1,3,3,-16,4.3099999,347.88,-0.5909375,1.3017499,-0.9970625
1680769,0,1,3,3,-11.44,3.6300001,347.56,-0.57249999,0.36587501,-0.23218749
1680814,0,1,3,3,-11.88,4.0599999,347.38,-0.42050001,-0.1870625,-0.2150625
1680908,0,1,3,3,-8.9399996,4.25,347.38,-0.31518751,0.9173125,-1.5739375
1680932,0,1,3,3,-5.9400001,4.25,347.69,-0.047125001,-0.44275001,-1.387375
1681001,0,1,3,3,1.6900001,3.8800001,348,-0.052875001,-0.50893748,0.47918749
1681025,0,1,3,3,1.6900001,3.3099999,347.88,-0.1158125,-0.59200001,-1.416875
1681093,0,1,3,3,0.88,3.3800001,348,-0.3445625,-0.73693752,0.072125003
1681117,0,1,3,3,0.69,3.4400001,348,-0.2075,0.27681249,0.1418125
1681185,0,1,3,3,1.13,4.25,347.94,0.2265,0.43512499,-1.4628125
1681209,0,1,3,3,1.6900001,4,347.94,-0.165125,-0.41556251,-0.261125
1681258,0,1,3,3,2.25,3.0599999,348.19,0.12825,-1.3355625,-1.3788126
1681282,0,1,3,3,2.25,3.5,348.25,0.1394375,-0.1811875,-0.34562501
1681350,0,1,3,0,2,3.5,348.38,-1.1419375,-0.56643748,-1.9641875
1681374,0,1,3,0,2.6300001,3.5599999,348.56,0.86150002,-0.7405625,-0.0125625
1681442,0,1,3,3,5.8800001,2.8800001,348.94,-0.30043751,0.80537498,-0.70700002
1681466,0,1,3,3,7,2.9400001,349.06,0.25825,-0.85724998,-1.1533124
1681537,0,1,3,3,13.38,2.75,350.44,-0.12568749,-0.57450002,-2.0474999
1681581,0,1,3,3,22.690001,1.4400001,352,-0.91025001,0.97312498,0.7784375
1681652,0,1,3,3,38,1.6900001,354.56,0.31400001,-0.2015,-0.63068748
1681677,0,1,3,3,42.939999,2.0599999,355.56,-0.5645625,-0.67887503,-1.4546875
1681747,0,1,3,3,56.060001,3.0599999,359.25,-0.0251875,-0.35775,-1.572
1681790,0,1,3,3,59.810001,4.5599999,0.059999999,-0.243625,0.73693752,-0.77100003
1681838,0,1,3,3,62.939999,5.5,1.5599999,-0.1128125,0.37631249,0.75037497
1681860,0,1,3,3,63.560001,6.1300001,2.9400001,0.1114375,-0.088,-1.8018125
1681909,0,1,3,3,63.810001,7.0599999,4.1900001,-0.32681251,0.59218752,-0.034562498
1681931,0,1,3,3,62.439999,7.5,5.3099999,1.203375,1.3935626,-1.6315
1681979,0,1,3,3,63.939999,8.3800001,6.3099999,-0.2820625,0.57643747,-1.5278749
1682002,0,1,3,3,63.380001,8.5,7.4400001,-0.40237501,-0.72837502,-0.21875
1682050,0,1,3,3,62.25,8.6300001,8.4399996,-0.40762499,-0.87306249,-0.44143751
1682073,0,1,3,3,61.310001,9.1899996,8.8100004,0.129875,-0.586375,-0.25962499
1682120,0,1,3,3,57.939999,9.8100004,8.8800001,0.002875,0.093312502,-0.8688125
1682143,0,1,3,3,56.380001,9.8800001,9.6300001,-0.089062497,-0.02,-1.488
1682210,0,1,3,3,49.439999,9.1899996,10.13,-0.30493751,0.0215625,-0.68175
1682235,0,1,3,3,45.75,9.1300001,10.06,0.37968749,0.4629375,-1.984125
1682283,0,1,3,3,39.189999,8.8100004,9.9399996,0.37437499,-0.9605,-1.7209375
1682306,0,1,3,3,36.560001,8.4399996,9.8800001,0.47381249,0.36768749,0.74768752
1682354,0,1,3,3,27.5,7.4400001,9.1300001,-0.39587501,-1.4645625,-0.3486875
1682376,0,1,3,3,24.25,7.4400001,8.75,-0.1609375,-0.74031252,-1.1968125
1682424,0,1,3,3,16.559999,6.5,8.5,-0.0104375,-0.123375,-1.6305
1682447,0,1,3,3,14.5,6.25,8.4399996,0.088624999,-0.17275,-0.39162499
1682559,0,1,3,3,9.8100004,5.6300001,8.6899996,0.1114375,0.059437498,-1.0981874
1682563,0,1,3,3,9.8100004,5.6300001,8.6899996,0.1114375,0.059437498,-1.0981874
1682609,0,1,3,3,9.6300001,5.75,8.8100004,-0.2973125,1.106125,-1.0383126
1682632,0,1,3,3,9.1899996,6.3800001,8.8100004,-0.99756253,-0.84450001,-1.9414999
1682678,0,1,3,3,7.6900001,6.5,8.9399996,-0.038562499,-0.23525,-1.4211251
1682700,0,1,3,3,7.6900001,5.75,9.1899996,-0.2060625,0.093562499,0.136375
1682746,0,1,3,3,6.8800001,5.1300001,9.5600004,-1.0065,-0.58099997,-2.0226874
1682750,0,1,3,3,6.8800001,5.1300001,9.5600004,-1.0065,1.4086875,-0.51300001
1682797,0,1,3,3,6.6300001,4.8099999,10.06,0.1848125,-1.1970625,0.060687501
1682819,0,1,3,3,5.8099999,4.9400001,9.8100004,-0.1195625,0.0165,-1.8980625
1682866,0,1,3,3,3.5599999,5.5,9.6300001,0.13537499,2.0018749,-1.50725
1682888,0,1,3,3,1.63,4.9400001,9.3800001,0.1154375,0.86925,-0.48025
1682936,0,1,3,3,-3.8099999,4.25,8.1899996,-0.3219375,-0.35993749,-0.91956252
1682959,0,1,3,3,-11.19,3.8800001,7.1300001,-0.59025002,0.95143747,1.0033125
1683028,0,1,3,3,-21.75,3.8800001,5.8800001,0.4715625,0.27106249,1.13925
1683052,0,1,3,3,-26.059999,3.8800001,4.9400001,-0.52187502,-1.363875,-0.96987498
1683120,0,1,3,3,-33.880001,4.5599999,3.0599999,-0.95331252,-0.53843749,-0.90768749
1683124,0,1,3,3,-33.880001,4.5599999,3.0599999,-0.95331252,0.87931252,-1.397625
1683193,0,1,3,3,-40.5,4.8099999,1.1900001,0.78718752,0.51468748,-0.011375
1683238,0,1,3,3,-42.060001,4.8800001,359.5,-0.373375,-1.089,-1.6416875
1683332,0,1,3,3,-43.380001,5.5599999,357.5,-0.0101875,-0.043749999,-1.6949375
1683378,0,1,3,3,-43.880001,5.75,356.25,-0.43799999,0.120625,-1.7034374
1683471,0,1,3,3,-43.189999,6.8099999,354.44,-0.70656252,0.18287501,-1.6704375
1683518,0,1,3,3,-40.75,6.6300001,353.75,-1.0038126,-0.70581251,-1.95275
1683611,0,1,3,3,-33.810001,6.5599999,353.69,-0.67893749,-1.0731875,-1.372625
1683637,0,1,3,3,-32.189999,5.8800001,353.38,-0.50199997,-0.080499999,-2.0474999
1683751,0,1,3,3,-25.129999,5.6300001,352.88,-0.338,0.029562499,-0.4346875
1683797,0,1,3,3,-22.559999,5.5599999,352.88,0.4338125,1.2110626,0.68349999
1683870,0,1,3,3,-17.75,5.6900001,353.44,0.089125,-0.029625,0.15262499
1683916,0,1,3,3,-12.31,6,353.81,-0.39206249,-0.38393751,-1.918
1684007,0,1,3,3,-0.5,5.1900001,355.38,-0.87737501,-0.033374999,-1.83275
1684031,0,1,3,3,1.5,5.8099999,355.5,-0.28318751,-0.095250003,-0.31174999
1684080,0,1,3,3,3.5,4.5599999,355.5,0.38268751,-0.79750001,-1.948
1684104,0,1,3,3,2.5,4.3099999,355.44,-0.072375,-0.142125,0.62518752
1684172,0,1,3,3,3.1300001,3.6300001,355.88,-1.377625,0.71468753,0.83318752
1684196,0,1,3,3,4.25,3.6900001,355.81,-0.55668747,-1.712,-1.1738125
1684265,0,1,3,3,10.31,2.8099999,356.63,0.75506252,0.92818749,-0.25593749
1684290,0,1,3,3,12.44,2.25,357.06,-0.2148125,-0.0099375,-0.21625
1684360,0,1,3,3,22.629999,2.9400001,357.75,0.3819375,-0.28174999,-0.791125
1684405,0,1,3,3,32.939999,3.0599999,359.63,0.381625,-0.79006249,1.85
1684499,0,1,3,3,46.310001,4.5599999,1.13,-0.1056875,-0.51693749,-1.365875
1684522,0,1,3,3,48.630001,4.9400001,1.3099999,0.101,0.73418748,-0.14831249
1684569,0,1,3,3,51.560001,5.4400001,3.9400001,0.73081249,0.24781249,-0.58812499
1684592,0,1,3,3,51.560001,5.8800001,5.1300001,0.137375,0.69431251,-0.98275
1684640,0,1,3,3,54,5.8099999,7.3800001,-0.149,-0.2256875,0.67262501
1684663,0,1,3,3,54,5.6300001,8.0600004,0.419875,0.64768749,0.96474999
1684729,0,1,3,3,55.380001,7.25,9.8100004,0.4593125,1.3778125,-1.150375
1684753,0,1,3,3,57.5,7.8099999,10.88,-0.123125,-0.5744375,-0.72831249
1684802,0,1,3,3,55.310001,7.8800001,11.63,-0.201125,-0.52600002,1.4842499
1684825,0,1,3,3,51.25,7.6900001,12,0.70556247,0.56418753,-1.316875
1684894,0,1,3,3,45.310001,8.5,12.5,-1.3150625,0.79118752,-0.2284375
1684918,0,1,3,3,43,8.6899996,12.44,-0.39318749,1.3543125,-2.0429375
1684967,0,1,3,3,39.5,7.0599999,12.56,-0.000125,1.815375,-0.57056248
1684991,0,1,3,3,37.25,6.75,12.63,0.1250625,-1.9430625,-1.5105
1685059,0,1,3,3,29.629999,6.3099999,12.38,-1.1030625,0.54100001,-1.1193125
1685083,0,1,3,3,26.629999,6.75,12.13,-0.32081249,-0.71393752,-0.6369375
1685152,0,1,3,3,21.940001,5.75,12.38,0.186875,1.1251875,0.17156249
1685176,0,1,3,3,20.440001,5.6900001,12.25,-0.8219375,-1.4904375,-1.6926875
1685243,0,1,3,3,18.309999,4.4400001,12,0.33112499,-1.0281875,-0.9873125
1685268,0,1,3,3,16.309999,4.6300001,11.88,-0.066624999,-1.2216876,1.2241875
1685317,0,1,3,3,13.69,4.3099999,12.06,-0.040375002,1.522875,-1.121875
1685340,0,1,3,3,13.75,4.3800001,12.13,-0.15549999,-0.78100002,-1.5788749
1685409,0,1,3,3,11.5,4.9400001,11.94,0.158875,0.28362501,-1.03175
1685432,0,1,3,3,11.13,5.0599999,11.94,-0.38493749,0.71799999,-1.8518749
1685500,0,1,3,3,9.6300001,4.5,11.88,0.32249999,0.23475,0.3183125
1685523,0,1,3,3,8.1899996,4.3099999,11.88,-0.027000001,0.77424997,0.0058125
1685571,0,1,3,3,6.6900001,4.8800001,11.94,-0.63249999,-0.23406249,-1.9295
1685594,0,1,3,3,5,5.1900001,11.75,0.263625,-1.5658751,-0.21825001
1685641,0,1,3,3,4.3099999,4,11.81,-0.56462502,-1.2484375,-2.0116251
1685664,0,1,3,3,5.1900001,4,11.75,0.63112497,-0.5933125,0.1091875
1685712,0,1,3,3,4.3800001,3.75,11.88,-0.27356249,-1.16225,-2.0185001
1685735,0,1,3,3,5.1300001,3.3800001,12.13,-0.099375002,0.1265,-1.5039375
1685782,0,1,3,3,9.4399996,2.5,12.94,-0.32762501,0.24950001,1.1299375
1685806,0,1,3,3,12,2.5599999,13.13,-1.0080625,1.471125,-0.212125
1685874,0,1,3,3,20.940001,3.6900001,13.81,0.73656249,-1.5623125,-0.1735625
1685898,0,1,3,3,22.75,4.0599999,14,-1.2229375,1.2498749,-1.598125
1685966,0,1,3,3,31.940001,3.8800001,16.379999,-0.092,-0.95056248,-1.5316875
1685990,0,1,3,3,37.060001,3.8800001,17.440001,-0.37625,0.3199375,-2.0474999
1686039,0,1,3,3,43.25,4.0599999,19,-0.49637499,-0.7841875,1.5006875
1686063,0,1,3,3,46.689999,3.1900001,19.940001,-1.0376875,0.82525003,-0.67318749
1686131,0,1,3,3,53.189999,3.4400001,22.690001,0.061749998,0.077312499,-2.0474999
1686155,0,1,3,3,55.310001,3.25,23.879999,-0.59681249,-0.52993751,-2.0474999
1686645,0,1,3,3,100.06,11.13,79.5,-0.51043749,-0.31093749,-2.0474999
1686689,0,1,3,3,99.559998,12.81,85.059998,-0.072312497,0.77168751,-2.0474999
1686759,0,1,3,3,98.5,15,93.25,0.118875,1.1265,-1.9239376
1686784,0,1,3,3,97,15.5,94.809998,-0.60312498,-0.13225,-2.0474999
1686855,0,1,3,3,86.75,16.879999,98.5,-0.0894375,-0.7158125,-2.0002501
1686901,0,1,3,3,80.309998,17.25,101.69,-0.5069375,1.00025,-2.039875
1686995,0,1,3,3,70.690002,16.75,105.56,-0.4880625,-0.82412499,-2.0474999
1687040,0,1,3,3,63.560001,16.129999,106.81,0.451875,1.165,1.83075
1687113,0,1,3,3,54.810001,15.44,108.38,-0.65100002,-0.87518752,-1.9958125
1687159,0,1,3,3,45.310001,13.38,108.94,0.14606249,-0.1459375,-0.85781252
1687274,0,1,3,3,22.440001,10.19,106.63,-0.31299999,1.0956875,-1.270125
1687298,0,1,3,3,16.940001,9,106.19,0.15306249,0.405,-0.105875
1687387,0,1,3,3,4.8099999,9.75,105.44,-1.827,1.32125,1.8105625
1687411,0,1,3,3,2.3800001,9.8800001,105.38,0.4860625,0.313375,-1.9892499
1687460,0,1,3,3,0.5,8.0600004,105.5,-0.094125003,-1.0761875,0.49937499
1687484,0,1,3,3,-0.13,7.5,105.69,-0.7175625,-0.32574999,-2.0453124
1687577,0,1,3,3,-19,4.6900001,102.44,-0.4321875,0.56931251,-0.5316875
1687623,0,1,3,3,-29.940001,3.8099999,100.56,-0.3108125,-0.65406251,-2.0253124
1687693,0,1,3,3,-56.310001,3.1900001,93.809998,0.1164375,-0.80675,-1.8053125
1687738,0,1,3,3,-67.309998,2.3800001,90.440002,0.1901875,1.605,-1.7201875
1687808,0,1,3,3,-67.75,4.1900001,85.940002,-0.36662501,-0.074874997,-2.0422499
1687833,0,1,3,3,-68.440002,4.3800001,83.809998,-0.2060625,0.89806253,-1.8211875
1687903,0,1,3,3,-74.25,3.9400001,78.75,-0.50287497,1.6866875,-2.0474999
1687948,0,1,3,3,-75.129997,4.6300001,75.059998,-0.17318749,1.6054375,-2.0470624
1687999,0,1,3,3,-77,4.4400001,69.5,-0.102875,-0.31400001,-2.0474999
1688044,0,1,3,3,-80.379997,5,65.629997,0.030750001,1.5588125,-2.0474999
1688114,0,1,3,3,-83.129997,5.6900001,58.25,-0.40562499,-0.66606247,-2.0474999
1688158,0,1,3,3,-87.059998,6,53.75,-0.1978125,0.56187499,-2.0474999
1688209,0,1,3,3,-88.25,6.4400001,47.630001,0.045625001,-1.6758125,-2.0474999
1688254,0,1,3,3,-89.440002,6.9400001,42.560001,-0.68187499,-0.65868747,-2.0474999
1688324,0,1,3,3,-90.879997,7.4400001,36.439999,-0.41293749,-1.1391875,-1.97
1688349,0,1,3,3,-90.879997,7.8800001,32.439999,0.1350625,0.086999997,-1.3463125
1688440,0,1,3,3,-91.879997,8.6300001,23.440001,-0.34037501,-0.94962502,-1.8376875
1688464,0,1,3,3,-92.129997,8.75,20.940001,-0.45756251,-1.293125,-2.0474999
1688534,0,1,3,3,-90.75,9.5600004,14.38,-0.44850001,-0.66974998,-2.0474999
1688559,0,1,3,3,-90.440002,9.5600004,12.31,-0.074062496,-0.333125,-2.0474999
1688650,0,1,3,3,-87.629997,10.13,2.3800001,-0.1249375,-0.88575,-2.0369999
1688697,0,1,3,3,-87.940002,10.13,358.5,-0.186,-0.69912499,-2.0272501
1688835,0,1,3,3,-82.309998,10.06,347.06,0.077062503,-0.98724997,-1.4785
1688883,0,1,3,3,-82,9.75,342.94,-0.71381247,-0.64087498,-2.0474999
1688955,0,1,3,3,-80.440002,9,337.56,-0.59193748,0.55831248,-2.0474999
1689001,0,1,3,3,-78.309998,8.9399996,334.5,-0.24787501,-0.68893749,-2.0474999
1689095,0,1,3,3,-74.190002,7.8800001,325.56,-0.11675,0.53799999,-0.90612501
1689141,0,1,3,3,-73.629997,7.5,322.06,-1.0045,0.8490625,-2.0474999
1689235,0,1,3,3,-71.690002,7.25,313.94,-0.43181249,-0.94218749,-2.0474999
1689280,0,1,3,3,-70.809998,7.1900001,311.5,-0.75993752,-0.50700003,-2.0474999
1689353,0,1,3,3,-69.629997,6.8800001,304.19,-0.3836875,-0.0564375,-2.0474999
1689399,0,1,3,3,-69.25,6.4400001,301,-1.083625,0.48943749,1.9908125
1689514,0,1,3,3,-60,6.5,294.69,-0.152,-1.44175,-1.7063125
1689560,0,1,3,3,-58.689999,5.5599999,292.81,-0.93624997,-0.083999999,-2.0134375
1689654,0,1,3,3,-46,2.8099999,290.75,-0.70300001,0.1898125,-1.6316875
1689679,0,1,3,3,-43.439999,2.6900001,290.63,-0.52937502,-0.33318749,-1.5043125
1689795,0,1,3,3,-23.809999,-0.44,290.19,0.1135625,-1.401875,-0.42250001
1689842,0,1,3,3,-17.629999,-1.13,290,0.27287501,-0.1844375,0.72250003
1689959,0,1,3,3,-9.3100004,-2.25,290.5,-0.23056249,1.1142499,-1.8103125
1690005,0,1,3,3,-6.3099999,-1.9400001,290.63,-0.31468749,0.145375,-1.9165626
1690077,0,1,3,3,-2.6300001,-2.3800001,290.69,0.20524999,0.38356251,0.147625
1690124,0,1,3,3,-0.25,-2.8099999,290.81,-0.75031251,1.22925,-1.2324375
1690194,0,1,3,3,0.19,-3.3800001,290.88,-0.056375001,-0.238875,0.2545
1690239,0,1,3,3,0.19,-3.1300001,290.88,-0.078562498,0.72793752,-0.46943751
1690309,0,1,3,3,0.13,-2.25,291.06,-0.2455,-0.72962499,-1.7220625
1690404,0,1,3,3,1.4400001,-3.6900001,291,-0.3560625,-0.11,-1.5865
1690495,0,1,3,3,1.9400001,-3.9400001,291.25,-0.1050625,-0.46637499,-0.89006251
1690519,0,1,3,3,1.75,-3.6300001,291.38,-0.9535625,0.67193753,-2.01825
1690610,0,1,3,3,1.38,-4.4400001,291.5,-0.044312499,-0.45100001,0.14425001
1690635,0,1,3,3,1.63,-4.3800001,291.44,-0.55787498,-0.1963125,-0.52331251
1690705,0,1,3,3,2.25,-4.4400001,291.44,-0.97781253,0.38456249,-1.9529375
1690749,0,1,3,3,2.5599999,-4.6900001,291.56,-0.29743749,-0.27724999,0.99568748
1690800,0,1,3,3,2.6300001,-4.5,291.5,-1.1530625,0.80975002,0.1638125
1690845,0,1,3,3,2.8800001,-5,291.44,0.1148125,0.0235625,-1.2055
1690915,0,1,3,3,0.94,-5.4400001,291.5,-0.23712499,-1.1635625,0.44
1690961,0,1,3,3,-1.5,-6.0599999,291.31,-0.68325001,0.085062496,-0.3153125
1691055,0,1,3,3,-10.75,-6.5,290.88,-0.82462502,-0.47506249,-1.9343125
1691102,1,1,3,3,-21.309999,-7.4400001,290.19,0.162875,0.8055625,-2.0474999
1691242,0,1,3,3,-53.380001,-9.4399996,286.31,0.15406249,0.38131249,-2.0474999
1691335,1,1,3,3,-67.629997,-10.88,280.94,0.27206251,0.56437498,-1.3495625
1691501,1,1,3,3,-91.629997,-9.5600004,267.81,-0.070874996,-1.2966875,-2.0445001
1691593,1,1,3,3,-101.75,-6.6300001,258.38,0.24743751,-0.3314375,-1.669875
1691803,0,1,3,3,-106.75,2,235.06,-0.13875,-0.4880625,-1.8509375
1691850,0,1,3,3,-104.44,3.6300001,229.06,0.14668749,0.32499999,-2.0474999
1691966,0,1,3,3,-90.5,7.3099999,217.63,0.39093751,-1.128875,-2.0474999
1691991,0,1,3,3,-88.5,7.6300001,216.5,-0.018312501,-1.028125,0.83412498
1692106,0,1,3,3,-72,6.25,210.69,-0.44556251,-1.158125,-2.0474999
1692131,0,1,3,3,-68.379997,5.8800001,209.81,0.097374998,-0.1381875,-1.4081875
1692224,0,1,3,3,-44.810001,2.25,208.75,-0.39981249,0.2125625,0.58831251
1692271,0,1,3,3,-30.129999,-0.5,208.69,-0.9411875,-0.884875,-1.83525
1692411,0,1,3,3,-8.6899996,-2.5,208.69,-0.092562497,0.1383125,-1.0859375
1692457,0,1,3,3,-7.6300001,-3.3800001,208,0.1735,1.3415625,-1.921875
1692550,0,1,3,3,-4.8800001,-2.8099999,207.69,-0.5769375,0.51068747,-1.4375
1692597,0,1,3,3,-3.1900001,-3.25,207.25,0.19525,-0.88012499,-1.1495
1692689,0,1,3,3,1.63,-4.3099999,207.19,-0.21081249,-1.9601876,-2.0101874
1692714,0,1,3,3,7.6300001,-5.4400001,207.56,-0.23712499,1.341625,-1.9035
1692807,0,1,3,3,39.560001,-7.1900001,211.44,-0.38056251,-0.80456251,-1.6415
1692874,0,1,3,3,58.880001,-7.9400001,214,-0.52925003,0.02275,-2.0474999
1692947,0,1,3,3,64.059998,-6.3099999,219.13,-0.31956249,1.5524375,-2.0474999
1692993,0,1,3,3,70.440002,-6.6900001,222.69,-1.1195,0.9223125,-2.0474999
1693087,0,1,3,3,72.879997,-6.1900001,228.31,-0.3030625,-0.56362498,-2.0474999
1693133,0,1,3,3,75.559998,-6,233.25,-0.48943749,0.77518749,-2.0474999
1693227,0,1,3,3,82.059998,-5.3800001,241.81,0.1055,-1.5090625,-0.91525
1693273,0,1,3,3,82.75,-4.25,247.56,-0.5675,-1.7020625,-2.0474999
1693346,0,1,3,3,87.129997,-3.3800001,254.69,-0.91237497,0.98243749,-2.0474999
1693413,0,1,3,3,90.75,-2.75,261.38,-0.83481252,0.611875,-1.9859999
1693507,0,1,3,3,92.75,-1.4400001,270.06,-0.44668749,-0.25806251,-2.0474999
1693553,0,1,3,3,92.190002,-0.75,274.88,-0.54543751,1.148375,-2.0474999
1693646,0,1,3,3,89.559998,0.19,284.25,0.167,-0.80643749,-1.82225
1693670,0,1,3,3,88.559998,0.31,287.06,-0.64749998,1.29,-2.0474999
1693741,0,1,3,3,87.629997,1.25,293,-1.2028126,0.031937499,-2.0474999
1693786,0,1,3,3,87.379997,1.63,296.63,0.765625,1.7434375,-2.0474999
1693856,0,1,3,3,85.309998,2.4400001,304.31,-0.61774999,0.097437501,-1.9056875
1693901,0,1,3,3,85.059998,2.5599999,308.88,-0.066062503,0.47637501,-2.0474999
1693972,0,1,3,3,81.190002,2.8099999,313.63,-0.34674999,0.71631253,-1.1701875
1693996,0,1,3,3,81.379997,2.8800001,316.13,-0.30974999,-0.93843752,-2.0474999
1694067,0,1,3,3,78.75,3.1900001,321.06,-0.4716875,-0.40575001,-2.0474999
1694091,0,1,3,3,78.940002,3.0599999,323.44,-0.629875,0.6286875,-2.0474999
1694182,0,1,3,3,75.75,2.75,332.06,-0.004625,-0.717125,-2.0474999
1694207,0,1,3,3,75.5,2.9400001,333.69,-0.32049999,-1.5590625,-2.0474999
1694277,0,1,3,3,75.309998,3.5,339.63,-0.0656875,0.42831251,-0.59618747
1694322,0,1,3,3,77.129997,3.5599999,343.5,-0.064125001,-1.035625,-1.5912499
1694392,0,1,3,3,75.129997,4.1900001,348.31,-0.161125,0.46306249,-1.2813751
1694417,0,1,3,3,75.129997,4.25,350,0.212375,0.45175001,-1.3213125
1694488,0,1,3,3,73.809998,5.1300001,353.88,-0.64737499,-0.15099999,-2.0239999
1694532,0,1,3,3,73.379997,6.0599999,356.69,0.23074999,0.98562503,-0.333125
1694581,0,1,3,3,73,6,0.94,-0.25299999,-0.94431251,-2.0474999
1694604,0,1,3,3,72.629997,6.1300001,1.4400001,0.087875001,-1.0774375,0.68712503
1694670,0,1,3,3,69.379997,7.0599999,4.0599999,0.0703125,0.8836875,0.26368749
1694694,0,1,3,3,69.25,7.25,4.8099999,0.14974999,-0.216125,-1.05525
1694741,0,1,3,3,67.440002,7.1300001,6.5,-0.77081251,0.29300001,-0.82181251
1694764,0,1,3,3,65.879997,7.3099999,6.8099999,0.22724999,-0.76331252,0.50543749
1694812,0,1,3,3,59.880001,7.3099999,7.5599999,-0.79843748,-0.79018748,-1.815625
1694835,0,1,3,3,55.880001,7.6300001,7.6300001,0.017437501,0.17837501,-2.0474999
1694883,0,1,3,3,48.380001,6.5,7.5599999,-0.11175,0.1675625,-1.383
1694906,0,1,3,3,42.130001,5.3099999,7.25,-0.0841875,0.62849998,-0.57775003
1694954,0,1,3,3,33.130001,4.4400001,6.3099999,0.091437504,1.206,-0.65268749
1694977,0,1,3,3,25.559999,4.25,5.5599999,-0.1338125,1.706,-0.1533125
1695043,0,1,3,3,14.63,4.1900001,4.8800001,0.704,-0.3959375,-1.775625
1695066,0,1,3,3,11.75,3.6900001,4.9400001,-0.1718125,0.50475001,0.53431249
1695113,0,1,3,3,7.8099999,3.3099999,4.6900001,-0.33162501,-0.58068752,-1.7036875
1695135,0,1,3,3,6.3099999,3.25,4.5599999,-0.4086875,0.26075,-1.9145
1695164,0,1,3,3,5,3.3099999,4.5,0.14575,0.17725,-0.91456252
1695186,0,1,3,3,4.5,2.3099999,4.25,-0.19850001,-1.1695625,-0.26662499
1695232,0,1,3,3,1.5,2,4.0599999,-0.16187499,1.6196876,-2.0418124
1695255,0,1,3,3,-0.38,1.5,3.75,0.0098125,1.335375,-2.0474999
1695303,0,1,3,3,-6.1300001,0.44,2.4400001,-0.95743752,-1.755125,1.0954375
1695348,0,1,3,3,-22.809999,-1.5599999,0.44,0.52368748,1.0023125,-1.4675626
1695466,0,1,3,3,-65.559998,-2,352.75,-0.37268749,-1.61975,-2.0474999
1695535,0,1,3,3,-74.690002,-1.1900001,348,-0.4399375,-0.159375,-2.0474999
1695652,0,1,3,3,-81.25,0.25,339.75,1.2789375,1.9043125,-2.0474999
1695698,0,1,3,3,-84.629997,0.31,336.25,-1.1193125,0.273875,-2.0284376
1695792,0,1,3,3,-89.440002,0.75,329,-0.75893748,-0.70493752,-2.0452499
1695838,0,1,3,3,-91.940002,1.75,322,-0.4189375,-0.28400001,-1.8395
1695911,0,1,3,3,-93.129997,2.8099999,316.56,-0.50725001,-1.3314375,-2.0474999
1695978,0,1,3,3,-94.309998,3.6300001,308.69,0.32831249,-0.28318751,-1.7174375
1696072,0,1,3,3,-91.559998,4.5,301.44,-0.50218749,0.31112501,-2.0474999
1696118,0,1,3,3,-88.629997,5.0599999,297.06,0.288625,-0.59412497,-2.0474999
1696212,0,1,3,3,-83.879997,5.3099999,289.63,0.0214375,-0.3154375,-1.845
1696237,0,1,3,3,-82.129997,5.4400001,287.88,-0.5636875,-1.8085625,-2.0474999
1696352,0,1,3,3,-73,5.3800001,280.44,-0.81625003,0.83337498,-2.0474999
1696377,0,1,3,3,-70.879997,5.5599999,279.81,0.3704375,-0.48943749,-2.0474999
1696492,0,1,3,3,-63.130001,4.4400001,274.94,-0.2626875,0.2345625,-2.0474999
1696517,0,1,3,3,-59.630001,4.3800001,274.5,0.20443749,-1.6245,-0.0558125
1696632,0,1,3,3,-41.939999,2.6900001,272.19,0.36112499,-1.766625,-1.5921875
1696657,0,1,3,3,-39.060001,2.25,272.19,0.040687501,1.56675,-2.0474999
1696772,0,1,3,3,-23.559999,0.75,271.88,-0.73075002,0.30862501,-0.93731248
1696818,0,1,3,3,-18.75,0.63,272.19,-0.68825001,1.2085,-1.3313125
1696911,1,1,3,3,-8.8100004,0.56,271.56,-0.3223125,0.1538125,-1.0398124
1696935,1,1,3,3,-8.0600004,0.38,271.5,0.044437502,-0.0483125,-0.87931252
1697006,1,1,3,3,-3.5,0.63,271.81,0.032749999,-0.39368749,0.0070625
1697051,1,1,3,3,-1.5599999,0.5,272.25,0.1915625,-1.063875,-1.3535625
1697122,1,1,3,3,-0.94,-0.56,272.25,0.38131249,-0.32956249,-0.62056249
1697259,1,1,3,3,-0.56,1.4400001,272.81,-0.2155,-0.71687502,-1.0548126
1697328,1,1,3,3,0.059999999,0.25,272.81,-0.16850001,-0.37856251,0.2025625
1697333,1,1,3,3,0.059999999,0.25,272.81,-0.16850001,-0.37856251,0.195875
1697401,1,1,3,3,0.69,0.81,273,-0.31174999,0.29081249,0.6590625
1697425,1,1,3,3,1.1900001,1.13,273.06,0.12612499,-0.0986875,-2.0161874
1697493,1,1,3,3,0.5,1,272.69,-0.29543751,-0.22068749,-0.85049999
1697518,0,1,3,3,-0.059999999,0.75,272.75,0.4490625,-0.2014375,0.01825
1697608,0,1,3,3,0.059999999,0.88,273,-0.6608125,-0.38249999,-0.94849998
1697632,0,1,3,3,0.81,0.88,273,-0.4629375,-0.01125,-0.9543125
1697681,0,1,3,3,0.38,0.31,272.88,0.1909375,-0.5218125,-0.79412502
1697705,0,1,3,3,0.44,0.63,272.88,-0.84806252,0.916125,-1.534375
1697773,0,1,3,3,0.56,0.31,273.06,0.23649999,0.085375004,0.35862499
1697797,0,1,3,3,0.5,0,273.13,-0.214375,0.3610625,-1.216875
1697866,0,1,3,3,0.44,0.38,273.06,-0.25387499,0.21412501,-0.65893751
1697891,0,1,3,3,0.69,0.63,273,-0.426375,0.018562499,-0.4363125
1697959,0,1,3,3,1.13,1.63,272.63,0.73243749,-0.87687498,-1.424
1697983,0,1,3,3,1.13,1.0599999,272.69,-0.67337501,-0.37843749,0.039562501
1698032,0,1,3,3,1.5599999,0.56,273.13,-0.26537499,0.61362499,0.061812501
1698055,0,1,3,3,1.4400001,1.0599999,273.44,0.0385,-0.29287499,-0.71950001
1698124,0,1,3,3,2,1.3099999,273.81,-0.117125,0.3420625,-1.1331875
1698148,0,1,3,3,1.5,0.94,273.69,-0.2701875,0.236375,-0.210375
1698216,0,1,3,3,1.5,0.88,274.06,0.38993749,-0.042187501,-0.3519375
1698240,0,1,3,3,1.63,1.1900001,274.19,-0.40981251,-0.083625004,-1.6450624
1698308,0,1,3,3,1.25,0.75,274.44,0.102,0.93081248,0.49250001
1698332,0,1,3,3,1.1900001,0.69,274.5,-0.23899999,-0.25237501,-1.4603125
1698381,0,1,3,3,1.0599999,1.5,274.88,-0.14956249,-0.098312497,-0.214875
1698424,0,1,3,3,1.5599999,1.1900001,275,0.0234375,-0.853625,-1.69575
1698474,0,1,3,3,1.38,0.69,275.19,-0.146375,-0.197125,-0.32062501
1698565,1,1,3,3,1.75,1.13,275.63,-0.1745,-0.2424375,0.21425
1698633,0,1,3,3,1.6900001,0.5,275.75,0.1238125,0.57756251,-0.63475001
1698657,0,1,3,3,1.5599999,0.88,276,-0.108375,0.67912501,-1.0639375
1698706,0,1,3,3,1.75,1.38,276.31,-0.50599998,0.60056251,-0.96781248
1698730,0,1,3,3,1.6900001,1.5,276.06,-0.44749999,-1.1979375,-1.421
1698799,0,1,3,3,3.4400001,0.19,275.69,0.75918752,-0.266,-0.29181251
1698823,0,1,3,3,3.1900001,0.059999999,275.88,-0.0003125,-0.270625,-0.91468751
1698891,0,1,3,3,2.3800001,0.94,275.5,-0.50400001,-0.38231251,1.2395625
1698915,0,1,3,3,2.3800001,0.81,275.31,-0.087937497,-0.087499999,-0.67237502
1698984,0,1,3,3,2.25,1.13,275,-0.7158125,-0.058499999,-0.12568749
1699007,0,1,3,3,2.5,1.1900001,274.75,-0.30987501,-0.2199375,-1.457875
1699075,0,1,3,3,1.5599999,0.63,274.44,-0.043125,-0.49162501,-1.8888125
1699080,0,1,3,3,1.5599999,0.63,274.44,-0.043125,-0.49162501,-1.4678125
1699148,0,1,3,3,0.88,0.44,274.63,-0.167375,0.28424999,-1.3404375
1699192,0,1,3,3,0.88,0.75,274.81,-0.33193749,-0.142625,-1.7210625
1699241,0,1,3,3,0.94,0.56,274.75,0.0278125,0.42993751,-0.172125
1699264,0,1,3,3,1.5599999,0,274.75,-0.72337502,-0.27625,-1.2095625
1699333,0,1,3,3,1.5,0,274.75,-0.048999999,-0.3079375,-0.79699999
1699357,0,1,3,3,1.63,0,274.69,-0.30000001,0.67650002,-0.84149998
1699427,0,1,3,3,2.3800001,-0.75,274.44,-0.053125001,-0.196125,-0.59606248
1699472,0,1,3,3,1.8099999,-0.56,274,-0.30162501,0.16662499,0.29912499
1699543,0,1,3,3,1.75,-0.31,273.69,-0.3211875,1.0666875,-1.48325
1699567,0,1,3,3,2.5,-0.75,273.56,0.76743752,1.024,-1.61525
1699659,0,1,3,3,1.1900001,-1.3099999,273.94,-0.3096875,0.15000001,0.8416875
1699683,0,1,3,3,1.0599999,-1.25,274,-0.12899999,0.43274999,-2.0393751
1699775,0,1,3,3,-0.059999999,-2.3099999,273.81,-0.0120625,0.4605,-0.80518752
1699800,0,1,3,3,0,-2.1300001,273.69,-0.3790625,0.38100001,0.27575001
1699891,0,1,3,3,1.13,-1.6900001,273.13,-0.220125,0.32106251,1.3051875
1699915,0,1,3,3,1.63,-1.8099999,273.13,0.074500002,0.64625001,-1.1795
1699986,0,1,3,3,1.63,-1.9400001,273.13,-0.52068752,-0.168,-1.3391875
1700030,0,1,3,3,1.5,-2.6900001,273.19,-0.76287502,-0.32787499,-0.66381252
1700101,0,1,3,3,1.38,-2.5599999,273.25,-0.65662497,-0.57381248,0.4790625
1700126,0,1,3,3,1.38,-2.1900001,273.13,0.69393748,1.603,-1.706
1700196,0,1,3,3,2,-3.1300001,273.06,-0.96781248,-0.76418751,-0.53100002
1700241,0,1,3,3,1.9400001,-3.6300001,272.69,0.15612499,-0.2430625,-1.1498125
1700312,0,1,3,3,1.4400001,-3.8099999,272.31,-0.42787501,0.55518752,-1.614
1700357,0,1,3,3,1.63,-4.5,272.31,0.21325,0.0020625,0.59731251
1700427,0,1,3,3,2,-4.1900001,272.63,0.089625001,0.75075001,-0.8276875
1700452,0,1,3,3,2.4400001,-3.6900001,272.75,0.56431252,-0.87512499,-1.9704375
1700522,0,1,3,3,3.75,-4.25,273.13,-0.212625,-0.0195625,-1.4275
1700567,0,1,3,3,5.5599999,-4.8099999,273.25,-0.015,-1.192125,-0.66600001
1700638,0,1,3,3,12.31,-5.3800001,273.56,-0.72843748,0.4950625,-1.2723125
1700685,0,1,3,3,20.440001,-5.4400001,274.25,0.079000004,0.15287501,-2.0093124
1700779,0,1,3,3,46.439999,-6.75,277.38,-0.43156251,-0.0131875,-1.8166875
1700825,0,1,3,3,56.630001,-7.0599999,278.5,-0.29275,-1.816875,-2.0469999
1700918,0,1,3,3,65.190002,-7.3800001,283.25,-0.6245625,0.55325001,-2.0474999
1700965,0,1,3,3,68.879997,-7.3099999,284.94,0.045062501,0.67262501,-2.0330625
1701059,0,1,3,3,75.440002,-8.3800001,293.38,-0.55043751,-0.0018125,-2.0474999
1701105,0,1,3,3,81.059998,-8.1899996,300.19,0.0103125,-0.2331875,-2.0474999
1701199,0,1,3,3,87.379997,-6.25,310.44,-0.20237499,0.93437499,-1.902
1701224,0,1,3,3,88.379997,-5.75,312.44,-0.063124999,-0.32187501,-2.0300624
1701338,0,1,3,3,98.559998,-3,323.94,-0.33581251,1.694625,-2.0474999
1701363,0,1,3,3,99.379997,-2.3099999,326.13,0.168625,-1.3506875,-2.0474999
1701478,0,1,3,3,103.81,1.4400001,341.25,-0.1944375,0.40968749,-2.0474999
1701503,0,1,3,3,104.38,1.9400001,343.19,0.17856251,-0.49456251,-0.90931249
1701686,0,1,3,3,99.5,7.3800001,3.1900001,-0.53056252,-1.0473125,-2.0474999
1701709,0,1,3,3,98.690002,7.4400001,4.3800001,-0.4214375,0.31424999,-2.0474999
1701757,0,1,3,3,96.379997,8.6300001,10.56,-0.318625,-1.31075,-2.0474999
1701781,0,1,3,3,95.940002,9.0600004,13.19,-0.11775,0.323125,-2.04475
1701849,0,1,3,3,92.629997,9.6899996,18,0.0546875,-0.79612499,-2.0474999
1701874,0,1,3,3,90.5,9.9399996,19.809999,-1,0.76156253,-2.0474999
1701944,0,1,3,3,85.379997,10.63,26.25,-0.2181875,0.99443752,-2.0474999
1701969,0,1,3,3,83.25,10.5,28.690001,-0.021125,-0.46481249,-2.0339999
1702039,0,1,3,3,82.690002,10.19,34.189999,-0.86337501,0.81375003,-1.9861875
1702084,0,1,3,3,79.809998,10.75,37,-0.41106251,0.52118748,-2.0474999
1702155,0,1,3,3,76.309998,11.19,38.439999,-0.1378125,-0.372125,-2.0474999
1702200,0,1,3,3,71.190002,11,40.75,-0.68781251,-0.32775,-2.0340624
1702250,0,1,3,3,67,9.6899996,43.880001,-0.1328125,1.392625,-2.0418749
1702293,0,1,3,3,63.189999,8.5600004,45.439999,-0.7586875,-0.0009375,-2.0474999
1702342,0,1,3,3,53,7.1900001,45.810001,-0.28999999,0.82581252,-2.047375
1702366,0,1,3,3,46.310001,5.9400001,46.189999,-0.55449998,0.53468752,-1.8876874
1702434,0,1,3,3,31.440001,3.3800001,46.25,-1.075375,-1.1576875,-2.0273125
1702458,0,1,3,3,28.309999,3,46.060001,-0.30537501,1.297875,-1.069625
1702527,0,1,3,3,21.440001,1.25,46.689999,0.038937502,2.0360625,-1.3459375
1702551,0,1,3,3,19.059999,1.63,46.560001,-1.4258749,0.1026875,0.74506247
1702619,0,1,3,3,15.19,0.94,45.939999,1.051875,1.0033751,-0.1678125
1702643,0,1,3,3,12.56,0.88,46.060001,-0.096375003,0.44462499,-0.57618749
1702692,0,1,3,3,11.06,0.75,46.130001,-0.1404375,0.4930625,-1.8904375
1702715,0,1,3,3,9.8800001,0.75,45.880001,-0.18425,0.18175,-0.98487502
1702763,0,1,3,3,7.8800001,0.13,45.75,-0.76162499,0.30818751,-1.7864375
1702786,0,1,3,3,6.1900001,0.31,45.5,0.3251875,0.44762501,0.9798125
1702854,0,1,3,3,5.3099999,0.19,45.630001,-0.49287501,-0.059625,-0.94225001
1702877,0,1,3,3,4.3800001,0.38,45.560001,0.57037503,0.73306251,-0.71125001
1702944,0,1,3,3,4.0599999,-0.13,45.630001,-0.41518751,0.74806249,2.0378125
1702949,0,1,3,3,4.0599999,-0.13,45.630001,1.319875,-0.055500001,0.0155
1703018,0,1,3,3,1.75,-0.44,45.560001,-0.38800001,0.36700001,-0.2899375
1703042,0,1,3,3,1.1900001,-0.44,45.560001,-1.311875,0.77824998,-1.4645625
1703110,0,1,3,3,1.5,-1.6900001,45.630001,0.22237501,0.0045,-0.98699999
1703134,0,1,3,3,1.38,-1.8099999,45.630001,0.76824999,0.43656251,-0.066937499
1703202,0,1,3,3,2.4400001,-1.25,45.5,-0.102625,0.426,-0.41193751
1703227,0,1,3,3,2.75,-1.3099999,45.380001,-0.15387499,0.064937502,-1.757875
1703276,0,1,3,3,2.1300001,-1.88,45.439999,0.176125,0.3161875,-1.29625
1703299,0,1,3,3,2.25,-1.8099999,45.439999,-0.241125,0.1924375,-0.59237498
1703368,0,1,3,3,2.0599999,-1.63,45.439999,-0.080312498,0.0041875,-1.4382499
1703392,0,1,3,3,1.75,-1.88,45.5,-0.1055625,0.081625,-1.0435625
1703460,0,1,3,3,1.1900001,-2.5599999,45.630001,-0.2125625,-0.90143752,-0.51125002
1703484,0,1,3,3,1.1900001,-2.6300001,45.560001,-0.22768749,-0.151125,-0.62756252
1703552,0,1,3,3,1.5,-2.1900001,45.689999,-0.1136875,-0.50468749,-1.5850625
1703576,0,1,3,3,1.4400001,-2.3099999,45.689999,-0.49368751,0.1529375,-1.6248749
1703644,0,1,3,3,1.25,-3.0599999,45.75,-0.188125,-0.064000003,-0.91868752
1703669,0,1,3,3,1.38,-3.1900001,45.75,-0.3298125,-0.024125,-1.71275
1703718,0,1,3,3,1.63,-3.3099999,45.880001,-0.033,0.31312501,-0.59925002
1703751,0,1,3,3,1.5,-3.5,45.880001,0.30500001,0.00475,-0.40468749
1703858,0,1,3,3,1.38,-3.3800001,45.880001,0.27912501,0.158125,-0.77399999
1703901,0,1,3,3,0.81,-3.75,45.880001,-0.2721875,-0.31768751,0.88681251
1703950,0,1,3,3,1,-3.3800001,45.939999,-0.36037499,-0.233,-1.73525
1703974,0,1,3,3,1.1900001,-3.1900001,45.939999,-0.39656249,-0.017875001,-0.29775
1704042,0,1,3,3,1.4400001,-3.5,45.810001,-0.046999998,0.6130625,-0.78793752
1704066,0,1,3,3,1.5,-3.6300001,45.880001,-0.35624999,0.088500001,0.756625
1704115,0,1,3,3,2,-3.0599999,45.810001,-0.31843749,0.81693751,-0.91412503
1704158,0,1,3,3,2.5,-2.4400001,45.75,-0.97899997,0.100375,-0.2253125
1704208,0,1,3,3,2.5,-3.0599999,45.75,0.045312501,0.35431251,-1.4271874
1704251,0,1,3,3,2.1300001,-3.5599999,45.75,-0.631625,-0.1649375,-0.097562499
1704300,0,1,3,3,1.6900001,-3.9400001,45.810001,-0.34775001,0.88212502,-0.35756251
1704324,0,1,3,3,1.6900001,-3.6300001,45.810001,-0.46431249,0.0290625,-1.6845
1704392,0,1,3,3,0.69,-3.5,45.939999,0.064437501,-0.676875,-1.4603125
1704416,0,1,3,3,0.56,-3.4400001,46,-0.70037502,0.31956249,-0.989375
1704465,0,1,3,3,1.1900001,-3.1900001,46.060001,-0.044062499,-0.43937501,-0.76218748
1704489,0,1,3,3,1.3099999,-3.1900001,46,-0.66962498,-0.74762499,-0.20281249
1704557,0,1,3,3,1.88,-2.6300001,46,-0.42812499,0.1123125,-1.300375
1704581,0,1,3,3,1.88,-2.6300001,46,-0.311625,-0.1488125,1.2728125
1704649,0,1,3,3,1.4400001,-1.8099999,46.130001,-0.205,-0.070687503,-1.7138751
1704674,0,1,3,3,1.5,-1.5599999,46.189999,-0.373,-0.1821875,-0.7504375
1704741,0,1,3,3,1.75,-1.4400001,46.189999,-0.043937501,0.72250003,-1.088125
1704766,0,1,3,3,1.75,-1.25,46.189999,-0.43856251,0.067562498,0.60175002
1704815,0,1,3,3,1.75,-1.13,46.25,-0.109375,-0.24325,0.1278125
1704838,0,1,3,3,1.25,-0.94,46.25,-0.41424999,-0.54581249,-0.015125
1704907,0,1,3,0,1,-0.19,46.25,-0.36006251,0.280375,-0.1985625
1704931,0,1,3,3,1.0599999,-0.059999999,46.310001,0.0115625,-0.58074999,-0.24906249
1704997,0,1,3,3,1.25,0.13,46.310001,0.175125,-0.070187502,1.0035
1705001,0,1,3,3,1.25,0.13,46.310001,-0.3235625,-0.175625,1.0035
1705068,0,1,3,3,1.38,1.4400001,46.310001,-0.261125,0.28924999,-1.5880001
1705091,0,1,3,3,1.1900001,1.75,46.25,-0.1829375,0.22149999,0.64368749
1705139,0,1,3,3,1.75,1.8099999,46.25,-0.35368749,0.358125,0.1144375
1705162,0,1,3,3,1.75,2.0599999,46.189999,0.009625,0.64443749,0.65406251
1705256,0,1,3,3,1.5,3.3800001,45.939999,0.083687499,0.43368751,-1.0814375
1705279,0,1,3,3,1.75,3.0599999,45.939999,0.18881249,-0.073437497,-0.54206252
1705327,0,1,3,3,2.5599999,3.25,45.810001,0.37181249,0.15181249,-0.74387503
1705350,0,1,3,3,2.5,3,45.810001,-0.037,-0.28956249,-1.166875
1705415,0,1,3,3,1.8099999,2.75,45.939999,-0.27425,-1.1650625,-1.1248749
1705439,0,1,3,3,1.88,3.1300001,45.939999,-0.47999999,-0.486875,-0.92075002
1705486,0,1,3,3,1.5599999,3.0599999,45.880001,0.70349997,0.63587499,-1.807
1705509,0,1,3,3,1.6900001,2.9400001,45.810001,-0.0013125,-0.85100001,-1.8611875
1705557,0,1,3,3,0.94,2,45.380001,-0.60712498,0.86325002,-1.357375
1705581,0,1,3,3,-0.63,2.4400001,45.310001,-0.47424999,-1.211,1.221875
1705650,0,1,3,3,-5.8800001,2.6300001,44.75,0.46681249,0.21775,-0.44418749
1705674,0,1,3,3,-8.9399996,2.6300001,44.630001,-0.4543125,0.113875,0.46625
1705745,0,1,3,3,-17.059999,2.5599999,43.939999,0.36206251,1.180375,-1.771625
1705789,0,1,3,3,-17.379999,2.3800001,44,-0.2853125,-0.4070625,-0.57174999
1705861,0,1,3,3,-19.059999,2.4400001,42.5,0.040750001,-1.1760625,-1.9359375
1705885,0,1,3,3,-22.379999,1.9400001,41.75,0.2325,1.995375,-0.96693748
1705955,0,1,3,3,-34.810001,0,38.560001,0.16768751,-1.7448125,-1.41675
1706002,0,1,3,3,-48.560001,-0.059999999,36.380001,0.37187499,2.0474999,-2.0474999
1706116,0,1,3,3,-68.940002,-1,27,0.53974998,1.8703125,0.48756251
1706162,0,1,3,3,-68.879997,-1.4400001,24.25,-1.05,-0.81187499,-2.0163126
1706235,0,1,3,3,-70.190002,0,18.690001,-0.271,-0.105875,-1.99225
1706281,0,1,3,3,-71.440002,-0.63,15.69,-0.88862503,1.027,-2.0474999
1706374,0,1,3,3,-75.629997,-0.63,7.75,0.23899999,1.5293125,0.89950001
1706398,1,1,3,3,-75.879997,-0.94,5.5599999,-0.88187498,0.66299999,-2.0474999
1706511,2,1,3,3,-77.690002,0,354.81,-0.065624997,1.87275,-2.0286875
1706537,2,1,3,3,-78.25,-0.31,353.75,-0.34775001,-1.131875,-2.0474999
1706654,2,1,3,3,-80.379997,-0.19,343.88,-0.56743753,0.39300001,-2.0401249
1706723,2,1,3,3,-82,-0.44,337.13,0.15206251,0.69081253,-1.565375
1706863,1,1,3,3,-81.690002,-0.63,326.63,-0.597875,-1.0080625,-2.0474999
1706910,0,1,3,3,-82.129997,-0.75,323.31,0.13843749,0.2075,-2.0474999
1707028,0,1,3,3,-83.059998,-1.25,313.31,-0.27575001,0.98025,-1.9961874
1707097,0,1,3,3,-81.379997,-1.63,308.38,-0.39081249,-1.8715,-1.935375
1707237,0,1,3,3,-81.309998,-2.3099999,298.13,-0.44543749,-0.53049999,-1.8650625
1707284,0,1,3,3,-82.25,-2.6300001,294.56,0.090812497,-0.76324999,-1.3651249
1707402,0,1,3,3,-82.129997,-3.1900001,286.06,-0.3253125,0.210375,-1.9175
1707493,0,1,3,3,-77.809998,-3.4400001,279.06,-0.48343751,-0.2234375,-2.0474999
1707633,0,1,3,3,-80.190002,-3.9400001,269.94,0.089312501,1.0290625,-2.0474999
1707680,0,1,3,3,-78.940002,-4.5599999,267.44,0.22025,-1.228875,-2.0474999
1707799,0,1,3,3,-79.379997,-3.75,256.81,-0.65318751,-0.87756252,-1.95925
1707868,0,1,3,3,-80.809998,-4.75,252.56,-0.264375,-0.0003125,-2.0474999
1708007,0,1,3,3,-81.25,-4.6300001,242.88,-0.079062499,-0.79543751,0.068812497
1708055,0,1,3,3,-82.190002,-4.6300001,238.69,-0.6500625,0.15612499,-2.0474999
1708173,0,1,3,3,-82.559998,-4.4400001,230.38,-0.7371875,0.3465625,-2.0474999
1708242,0,1,3,3,-83.129997,-4.1900001,225.88,-0.57537502,-0.295625,-2.0474999
1708382,0,1,3,3,-82.309998,-2.9400001,214.94,0.045812499,0.74743748,-2.0474999
1708451,0,1,3,3,-81,-2.3800001,208.5,-0.504125,0.83881247,-2.0474999
1708569,0,1,3,3,-80.75,-1.1900001,198.06,0.020500001,1.0735,-0.8975625
1708637,0,1,3,3,-80.190002,0.31,193.56,-0.55656248,1.2058125,-2.0474999
1708731,0,1,3,3,-78.129997,1.0599999,185.94,-0.3565,0.74175,-2.0474999
1708777,0,1,3,3,-75.879997,1.63,182.38,-0.24175,0.54256248,-1.9895
1708850,0,1,3,3,-73.879997,2.1300001,177.25,-0.14650001,-1.733125,-2.0474999
1708896,0,1,3,3,-73.879997,2.1300001,172.44,-0.13575,1.9853125,-2.0474999
1708990,0,1,3,3,-68.629997,1.8099999,165.63,-0.117875,0.4641875,-1.718125
1709036,0,1,3,3,-68.059998,1.75,162.06,-0.1236875,-0.49450001,-2.0405624
1709129,0,1,3,3,-64.690002,2.5,157.13,-0.041875001,0.8235625,-0.99537498
1709175,0,1,3,3,-60.689999,2.5599999,154.69,0.54862499,1.0693125,0.49581251
1709269,0,1,3,3,-56.189999,2.0599999,152.06,0.0923125,-0.25143749,-1.5864375
1709315,0,1,3,3,-50.810001,1.38,150.5,-0.1950625,-0.089125,-0.53649998
1709409,0,1,3,3,-42.380001,0.63,149.94,-0.266,0.95243752,-2.0474999
1709456,0,1,3,3,-34.75,-0.19,149.88,0.387375,-1.135,1.1728125
1709574,0,1,3,3,-19.940001,-2,149.69,-0.39524999,0.73756248,-1.7253751
1709621,0,1,3,3,-14.31,-1.75,150,0.22356249,-1.028875,-1.1519375
1709738,0,1,3,3,-8.0600004,-3.1300001,150.13,0.197625,-0.67275,0.76875001
1709784,0,1,3,3,-8.8100004,-2.8800001,150.25,-0.3594375,-1.0829375,-1.669
1709898,0,1,3,3,-7.6300001,-4,150.31,-0.0390625,0.84756249,-0.98168749
1709923,0,1,3,3,-7.6300001,-3.6900001,150.13,-0.244625,-0.19212499,0.4338125
1710017,0,1,3,3,-6.6300001,-2.75,149.81,0.57637501,0.092,-1.998875
1710063,0,1,3,3,-6.4400001,-4.25,149.81,-0.52043748,-0.084562503,0.131625
1710179,0,1,3,3,-5.5,-3.8099999,150.25,0.0225625,0.102125,-1.434625
1710224,0,1,3,3,-5.5,-4.6300001,149.94,0.1995625,-0.66262501,-1.3951875
1710297,0,1,3,3,-4.8099999,-3.5599999,150,-0.31793749,-0.5205,0.77574998
1710344,0,1,3,3,-4.5599999,-3.9400001,149.81,0.1869375,0.5243125,-1.0995625
1710437,0,1,3,3,-5,-4,149.88,0.048124999,0.015375,-0.37343749
1710483,0,1,3,3,-5.3099999,-3.6300001,150.06,-0.3675625,-0.29925001,1.2693125
1710577,0,1,3,3,-6.1300001,-3.8800001,150.06,0.38325,0.86031252,-1.192625
1710623,0,1,3,3,-5.8800001,-3.9400001,150,-0.085749999,0.47231251,-0.97675002
1710696,0,1,3,3,-5.5599999,-3.75,150,0.75762498,1.0448124,-0.85825002
1710742,0,1,3,3,-4.75,-3.3800001,150,-0.52643752,-0.56400001,-1.7239375
1710856,0,1,3,3,-5.0599999,-4.1900001,150.31,-0.73537499,0.081249997,1.3200625
1710882,0,1,3,3,-5.4400001,-4.8800001,150.44,-0.004125,0.25237501,-0.60868752
1710976,0,1,3,3,-5.5,-4.25,150.06,0.63725001,1.3362499,-1.4131875
1711022,0,1,3,3,-5.1900001,-4.25,149.75,1.346375,0.17550001,-1.5025001
1711094,0,1,3,3,-3.9400001,-5.4400001,149.38,-0.060249999,1.5546875,1.2144375
1711161,0,1,3,3,-4.8099999,-6.1900001,149.88,1.2165625,0.82568753,-1.22475
1711255,0,1,3,3,-4.0599999,-6.0599999,149.56,0.51831251,-1.0448124,-0.697375
1711301,0,1,3,3,-5.1900001,-5.3099999,149.94,-0.86750001,-0.32793751,0.067937501
1711395,0,1,3,3,-5.3099999,-6.6300001,150.38,-0.87637502,-0.43450001,-0.46762499
1711441,0,1,3,3,-5.5599999,-7.0599999,150.25,1.1143125,-1.3574375,1.6009375
1711535,0,1,3,3,-6.8099999,-6.0599999,151,0.22,-1.4946876,-0.73593748
1711581,0,1,3,3,-6.5599999,-6.5599999,150.56,0.34637499,-0.56650001,-2.040875
1711674,0,1,3,3,-6.25,-7.5599999,150.5,-0.19418751,-1.0981874,1.412125
1711720,0,1,3,3,-6.0599999,-7.5,150.56,0.041875001,-0.96818751,-0.89893752
1711814,0,1,3,3,-5.6900001,-7.8099999,150.38,0.246875,1.165,-1.765375
1711839,0,1,3,3,-4.6900001,-7.8099999,150.25,0.210125,1.069,-1.9929374
1711954,0,1,3,3,-5.3099999,-7.8099999,150.31,-0.19374999,0.861,1.787375
1711979,0,1,3,3,-5.6300001,-8.0600004,150.25,0.3585625,0.18737499,-1.54825
1712094,0,1,3,3,-6.1300001,-8.4399996,150.75,0.038562499,0.361375,-1.3365625
1712119,0,1,3,3,-6.6300001,-8.5600004,150.69,-1.0936875,0.3248125,0.97062498
1712213,0,1,3,3,-6.8099999,-8.8100004,150.88,-0.86481249,-0.33050001,1.0429375
1712259,0,1,3,3,-6.6300001,-8.9399996,150.81,-0.70218748,0.94199997,0.2813125
1712352,0,1,3,3,-5.1300001,-9.0600004,150.5,-1.815375,0.48406249,0.98287499
1712398,0,1,3,3,-5,-9.9399996,150.38,-0.91799998,-1.0411251,-0.2476875
1712493,0,1,3,3,-5.3800001,-10.31,151,-1.1804374,-0.49118751,0.1495
1712539,0,1,3,3,-5.8099999,-10.31,151.19,-1.2325,0.3223125,-0.65487498
1712679,0,1,3,3,-5.8800001,-12.88,150.5,-0.76862502,0.57375002,0.456375
1712727,0,1,3,3,-6.5599999,-14.81,150.63,0.19787499,-0.83931249,-1.3621875
1712867,0,1,3,3,-6.8099999,-17.690001,150.06,0.28924999,-0.38718751,-0.80668747
1712914,0,1,3,3,-6.8099999,-17.5,149.63,0.38068751,-0.021937501,-0.43900001
1713053,0,1,3,3,-5.8099999,-16.559999,149.13,0.97631252,-0.28681251,-1.5338125
1713123,0,1,3,3,-5.1900001,-16.440001,148.75,-0.207875,-0.21525,0.23856249
1713262,0,1,3,3,-5.6300001,-17.309999,149.38,-0.34400001,-0.2455,-0.55362499
1713288,0,1,3,3,-5.75,-17.309999,149.56,-0.54943752,-0.36487499,-0.2935625
1713428,0,1,3,3,-6,-17.940001,151.19,0.48093751,0.76956248,-1.39
1713475,0,1,3,3,-6.0599999,-18.309999,151.75,0.0130625,0.182375,-0.4079375
1713615,0,1,3,3,-5.5599999,-18.809999,152.44,0.4950625,-0.40200001,-1.193375
1713662,0,1,3,3,-5.5599999,-18.379999,152.5,0.10625,-0.1123125,-0.39412501
1713802,0,1,3,3,-5.5,-18.129999,152.81,-0.041187499,-0.31931251,0.43781251
1713871,0,1,3,3,-5.1900001,-18,153,0.24412499,-1.1164376,-0.91125
1714011,0,1,3,3,-6.1300001,-18.190001,152.75,-0.072937503,-0.1918125,-0.56793749
1714037,0,1,3,3,-5.9400001,-17.809999,152.56,0.81,0.77100003,-1.5163125
1714176,0,1,3,3,-7.0599999,-17.5,150.38,0.0416875,-1.877875,1.5438125
1714223,0,1,3,3,-7.4400001,-17.809999,149.44,1.2075,-0.32631251,-1.779125
1714480,0,1,3,3,-7.1900001,-16.059999,149.5,0.46368751,0.073124997,-0.81856251
1714549,0,1,3,3,-7.1900001,-16.129999,150.19,-1.341125,-0.052000001,-1.1849375
1714689,0,1,3,3,-6.75,-14.5,150.13,0.65068752,1.437875,0.2169375
1714736,0,1,3,3,-6.4400001,-14,149.69,0.13993751,0.26449999,-1.6579375
1714855,0,1,3,3,-7.1900001,-14.94,150.19,-0.78681248,0.5728125,0.19575
1714924,0,1,3,3,-7.5599999,-15.06,150.25,-0.042062499,-0.053750001,-0.20531251